/*!40101 SET @OLD_CHARACTER_SET_CLIENT=@@CHARACTER_SET_CLIENT */;
/*!40101 SET @OLD_CHARACTER_SET_RESULTS=@@CHARACTER_SET_RESULTS */;
/*!40101 SET @OLD_COLLATION_CONNECTION=@@COLLATION_CONNECTION */;
/*!40101 SET NAMES utf8mb4 */;

--
-- База данных: `test`
--

-- --------------------------------------------------------

--
-- Структура таблицы `balance_log`
--

CREATE TABLE IF NOT EXISTS `balance_log` (
  `id` int(11) NOT NULL,
  `from` int(11) NOT NULL,
  `to` int(11) NOT NULL,
  `sum` decimal(10,2) NOT NULL,
  `oper` tinyint(4) NOT NULL,
  `round` int(4) NOT NULL,
  `ref` int(11) NOT NULL,
  `out` int(11) NOT NULL,
  `odate` datetime NOT NULL
) ENGINE=InnoDB AUTO_INCREMENT=2129 DEFAULT CHARSET=utf8;

--
-- Дамп данных таблицы `balance_log`
--

INSERT INTO `balance_log` (`id`, `from`, `to`, `sum`, `oper`, `round`, `ref`, `out`, `odate`) VALUES
(1, 1, 8788, 2.00, 6, 0, 0, 0, '2018-07-18 00:37:24'),
(2, 8788, 11, 1.00, 3, 1, 0, 0, '2018-07-18 00:37:37'),
(3, 11, 8788, 1.00, 8, 1, 0, 0, '2018-07-18 00:39:45'),
(4, 8788, 11, 1.00, 3, 2, 0, 0, '2018-07-18 01:19:45'),
(5, 11, 8788, 1.00, 8, 2, 0, 0, '2018-07-18 01:21:54'),
(6, 10, 11, 1.00, 3, 3, 0, 0, '2018-07-18 01:45:06'),
(7, 8788, 11, 1.00, 3, 3, 0, 0, '2018-07-18 01:45:14'),
(8, 11, 8788, 1.80, 4, 3, 0, 0, '2018-07-18 01:45:34'),
(9, 11, 1, 0.20, 7, 3, 0, 0, '2018-07-18 01:45:34'),
(10, 8788, 11, 1.00, 3, 4, 0, 0, '2018-07-18 02:55:59'),
(11, 11, 8788, 1.00, 8, 4, 0, 0, '2018-07-18 02:58:08'),
(12, 8788, 11, 1.00, 3, 5, 0, 0, '2018-07-18 03:15:48'),
(13, 11, 8788, 1.00, 8, 5, 0, 0, '2018-07-18 03:17:56'),
(14, 8788, 11, 1.00, 3, 6, 0, 0, '2018-07-18 03:35:34'),
(15, 11, 8788, 1.00, 8, 6, 0, 0, '2018-07-18 03:38:35'),
(16, 1, 8789, 2.00, 6, 0, 0, 0, '2018-07-18 13:56:10'),
(17, 8788, 11, 1.00, 3, 7, 0, 0, '2018-07-18 14:17:10'),
(18, 11, 8788, 1.00, 8, 7, 0, 0, '2018-07-18 14:19:19'),
(19, 3, 8788, 2.00, 1, 0, 0, 0, '2018-07-18 14:40:30'),
(20, 8788, 11, 1.00, 3, 8, 0, 0, '2018-07-18 14:41:00'),
(21, 11, 8788, 1.00, 8, 8, 0, 0, '2018-07-18 14:43:08'),
(22, 8788, 11, 1.00, 3, 9, 0, 0, '2018-07-18 15:10:28'),
(23, 11, 8788, 1.00, 8, 9, 0, 0, '2018-07-18 15:12:37'),
(24, 8788, 4, 2.00, 2, 0, 0, 3, '2018-07-18 15:21:29'),
(25, 8788, 4, 0.02, 11, 0, 0, 3, '2018-07-18 15:21:29'),
(26, 8788, 4, 1.00, 2, 0, 0, 4, '2018-07-18 15:24:21'),
(27, 8788, 4, 0.01, 11, 0, 0, 4, '2018-07-18 15:24:21'),
(28, 1, 8790, 2.00, 6, 0, 0, 0, '2018-07-18 15:30:49'),
(29, 8790, 11, 1.00, 3, 10, 0, 0, '2018-07-18 15:30:53'),
(30, 8788, 11, 1.00, 3, 10, 0, 0, '2018-07-18 15:31:08'),
(31, 11, 8788, 1.80, 4, 10, 0, 0, '2018-07-18 15:31:29'),
(32, 11, 1, 0.20, 7, 10, 0, 0, '2018-07-18 15:31:29'),
(33, 8788, 11, 1.00, 3, 11, 0, 0, '2018-07-18 15:31:43'),
(34, 8790, 11, 1.00, 3, 11, 0, 0, '2018-07-18 15:32:48'),
(35, 11, 8790, 1.80, 4, 11, 0, 0, '2018-07-18 15:33:09'),
(36, 11, 1, 0.20, 7, 11, 0, 0, '2018-07-18 15:33:09'),
(37, 8790, 11, 1.00, 3, 12, 0, 0, '2018-07-18 15:33:21'),
(38, 10, 11, 1.00, 3, 12, 0, 0, '2018-07-18 15:33:39'),
(39, 8788, 11, 1.00, 3, 12, 0, 0, '2018-07-18 15:33:47'),
(40, 8790, 11, 1.00, 3, 12, 0, 0, '2018-07-18 15:33:58'),
(41, 11, 8790, 3.60, 4, 12, 0, 0, '2018-07-18 15:33:59'),
(42, 11, 1, 0.40, 7, 12, 0, 0, '2018-07-18 15:33:59'),
(43, 8790, 11, 1.00, 3, 13, 0, 0, '2018-07-18 15:34:19'),
(44, 8788, 11, 1.00, 3, 13, 0, 0, '2018-07-18 15:34:23'),
(45, 11, 8788, 1.80, 4, 13, 0, 0, '2018-07-18 15:34:43'),
(46, 11, 1, 0.20, 7, 13, 0, 0, '2018-07-18 15:34:43'),
(47, 8790, 11, 1.00, 3, 14, 0, 0, '2018-07-18 15:34:57'),
(48, 10, 11, 1.77, 3, 14, 0, 0, '2018-07-18 15:35:10'),
(49, 8790, 11, 2.00, 3, 14, 0, 0, '2018-07-18 15:35:29'),
(50, 11, 10, 4.17, 4, 14, 0, 0, '2018-07-18 15:35:31'),
(51, 11, 1, 0.60, 7, 14, 0, 0, '2018-07-18 15:35:31'),
(52, 8790, 11, 1.00, 3, 15, 0, 0, '2018-07-18 15:35:51'),
(53, 8788, 11, 1.57, 3, 15, 0, 0, '2018-07-18 15:36:17'),
(54, 8790, 11, 1.00, 3, 15, 0, 0, '2018-07-18 15:36:36'),
(55, 11, 8788, 3.17, 4, 15, 0, 0, '2018-07-18 15:36:37'),
(56, 11, 1, 0.40, 7, 15, 0, 0, '2018-07-18 15:36:37'),
(57, 8788, 11, 1.00, 3, 16, 0, 0, '2018-07-18 15:37:42'),
(58, 8790, 11, 1.00, 3, 16, 0, 0, '2018-07-18 15:37:47'),
(59, 8790, 11, 1.00, 3, 16, 0, 0, '2018-07-18 15:38:06'),
(60, 11, 8790, 2.80, 4, 16, 0, 0, '2018-07-18 15:38:07'),
(61, 11, 1, 0.20, 7, 16, 0, 0, '2018-07-18 15:38:07'),
(62, 8788, 11, 1.17, 3, 17, 0, 0, '2018-07-18 15:38:24'),
(63, 8790, 11, 1.00, 3, 17, 0, 0, '2018-07-18 15:38:29'),
(64, 8790, 11, 1.00, 3, 17, 0, 0, '2018-07-18 15:38:47'),
(65, 11, 8790, 2.94, 4, 17, 0, 0, '2018-07-18 15:38:49'),
(66, 11, 1, 0.23, 7, 17, 0, 0, '2018-07-18 15:38:49'),
(67, 8790, 11, 1.00, 3, 18, 0, 0, '2018-07-18 15:39:09'),
(68, 8788, 11, 1.00, 3, 18, 0, 0, '2018-07-18 15:39:11'),
(69, 8788, 11, 1.00, 3, 18, 0, 0, '2018-07-18 15:39:14'),
(70, 11, 8788, 2.80, 4, 18, 0, 0, '2018-07-18 15:39:31'),
(71, 11, 1, 0.20, 7, 18, 0, 0, '2018-07-18 15:39:31'),
(72, 8790, 11, 1.00, 3, 19, 0, 0, '2018-07-18 15:39:45'),
(73, 8788, 11, 1.80, 3, 19, 0, 0, '2018-07-18 15:39:48'),
(74, 8790, 11, 3.00, 3, 19, 0, 0, '2018-07-18 15:40:07'),
(75, 11, 8790, 5.44, 4, 19, 0, 0, '2018-07-18 15:40:09'),
(76, 11, 1, 0.36, 7, 19, 0, 0, '2018-07-18 15:40:09'),
(77, 8790, 11, 1.00, 3, 20, 0, 0, '2018-07-18 15:40:26'),
(78, 8788, 11, 1.00, 3, 20, 0, 0, '2018-07-18 15:40:53'),
(79, 8788, 11, 1.00, 3, 20, 0, 0, '2018-07-18 15:41:09'),
(80, 11, 8790, 2.60, 4, 20, 0, 0, '2018-07-18 15:41:13'),
(81, 11, 1, 0.40, 7, 20, 0, 0, '2018-07-18 15:41:13'),
(82, 8790, 11, 1.00, 3, 21, 0, 0, '2018-07-18 15:41:28'),
(83, 8788, 11, 1.00, 3, 21, 0, 0, '2018-07-18 15:41:54'),
(84, 11, 8790, 1.80, 4, 21, 0, 0, '2018-07-18 15:42:14'),
(85, 11, 1, 0.20, 7, 21, 0, 0, '2018-07-18 15:42:14'),
(86, 8790, 11, 1.00, 3, 22, 0, 0, '2018-07-18 15:42:53'),
(87, 8788, 11, 2.00, 3, 22, 0, 0, '2018-07-18 15:42:56'),
(88, 11, 8790, 2.60, 4, 22, 0, 0, '2018-07-18 15:43:16'),
(89, 11, 1, 0.40, 7, 22, 0, 0, '2018-07-18 15:43:16'),
(90, 8790, 11, 1.00, 3, 23, 0, 0, '2018-07-18 15:43:39'),
(91, 8788, 11, 1.99, 3, 23, 0, 0, '2018-07-18 15:43:46'),
(92, 11, 8788, 2.79, 4, 23, 0, 0, '2018-07-18 15:44:07'),
(93, 11, 1, 0.20, 7, 23, 0, 0, '2018-07-18 15:44:07'),
(94, 8790, 11, 1.00, 3, 24, 0, 0, '2018-07-18 15:44:20'),
(95, 8788, 11, 1.80, 3, 24, 0, 0, '2018-07-18 15:44:33'),
(96, 8790, 11, 7.00, 3, 24, 0, 0, '2018-07-18 15:44:50'),
(97, 11, 8790, 9.44, 4, 24, 0, 0, '2018-07-18 15:44:53'),
(98, 11, 1, 0.36, 7, 24, 0, 0, '2018-07-18 15:44:53'),
(99, 8788, 11, 2.80, 3, 25, 0, 0, '2018-07-18 15:45:26'),
(100, 8790, 11, 1.00, 3, 25, 0, 0, '2018-07-18 15:46:20'),
(101, 11, 8788, 3.60, 4, 25, 0, 0, '2018-07-18 15:46:40'),
(102, 11, 1, 0.20, 7, 25, 0, 0, '2018-07-18 15:46:40'),
(103, 8790, 11, 1.00, 3, 26, 0, 0, '2018-07-18 15:46:54'),
(104, 8788, 11, 1.00, 3, 26, 0, 0, '2018-07-18 15:47:10'),
(105, 8790, 11, 2.00, 3, 26, 0, 0, '2018-07-18 15:47:28'),
(106, 11, 8790, 3.80, 4, 26, 0, 0, '2018-07-18 15:47:30'),
(107, 11, 1, 0.20, 7, 26, 0, 0, '2018-07-18 15:47:30'),
(108, 8790, 11, 1.50, 3, 27, 0, 0, '2018-07-18 15:47:45'),
(109, 8788, 11, 1.00, 3, 27, 0, 0, '2018-07-18 15:48:18'),
(110, 8788, 11, 1.80, 3, 27, 0, 0, '2018-07-18 15:48:21'),
(111, 8790, 11, 8.00, 3, 27, 0, 0, '2018-07-18 15:48:37'),
(112, 11, 8790, 11.74, 4, 27, 0, 0, '2018-07-18 15:48:38'),
(113, 11, 1, 0.56, 7, 27, 0, 0, '2018-07-18 15:48:38'),
(114, 8788, 11, 2.00, 3, 28, 0, 0, '2018-07-18 15:49:19'),
(115, 11, 8788, 2.00, 8, 28, 0, 0, '2018-07-18 15:51:27'),
(116, 8790, 4, 5.00, 2, 0, 0, 11, '2018-07-18 15:52:50'),
(117, 8790, 4, 0.05, 11, 0, 0, 11, '2018-07-18 15:52:50'),
(118, 8790, 4, 5.00, 2, 0, 0, 12, '2018-07-18 15:52:56'),
(119, 8790, 4, 0.05, 11, 0, 0, 12, '2018-07-18 15:52:56'),
(120, 8790, 11, 1.00, 3, 29, 0, 0, '2018-07-18 15:54:30'),
(121, 8788, 11, 1.00, 3, 29, 0, 0, '2018-07-18 15:54:33'),
(122, 11, 8790, 1.80, 4, 29, 0, 0, '2018-07-18 15:54:53'),
(123, 11, 1, 0.20, 7, 29, 0, 0, '2018-07-18 15:54:53'),
(124, 8790, 11, 1.00, 3, 30, 0, 0, '2018-07-18 15:55:11'),
(125, 11, 8790, 1.00, 8, 30, 0, 0, '2018-07-18 15:57:20'),
(126, 8790, 11, 1.00, 3, 31, 0, 0, '2018-07-18 15:57:48'),
(127, 8788, 11, 1.00, 3, 31, 0, 0, '2018-07-18 15:59:37'),
(128, 11, 8788, 1.80, 4, 31, 0, 0, '2018-07-18 15:59:57'),
(129, 11, 1, 0.20, 7, 31, 0, 0, '2018-07-18 15:59:57'),
(130, 8790, 11, 1.00, 3, 32, 0, 0, '2018-07-18 16:00:10'),
(131, 11, 8790, 1.00, 8, 32, 0, 0, '2018-07-18 16:02:18'),
(132, 8790, 11, 1.00, 3, 33, 0, 0, '2018-07-18 16:02:25'),
(133, 11, 8790, 1.00, 8, 33, 0, 0, '2018-07-18 16:04:33'),
(134, 8790, 11, 1.00, 3, 34, 0, 0, '2018-07-18 16:05:49'),
(135, 8788, 11, 1.00, 3, 34, 0, 0, '2018-07-18 16:07:13'),
(136, 11, 8788, 1.80, 4, 34, 0, 0, '2018-07-18 16:07:33'),
(137, 11, 1, 0.20, 7, 34, 0, 0, '2018-07-18 16:07:33'),
(138, 8788, 11, 1.00, 3, 35, 0, 0, '2018-07-18 16:08:15'),
(139, 11, 8788, 1.00, 8, 35, 0, 0, '2018-07-18 16:10:23'),
(140, 8788, 11, 1.00, 3, 36, 0, 0, '2018-07-18 18:37:44'),
(141, 8788, 11, 1.60, 3, 36, 0, 0, '2018-07-18 18:37:48'),
(142, 11, 8788, 2.60, 8, 36, 0, 0, '2018-07-18 18:39:53'),
(143, 1, 8791, 2.00, 6, 0, 0, 0, '2018-07-18 18:48:23'),
(144, 8788, 11, 1.00, 3, 37, 0, 0, '2018-07-18 18:48:32'),
(145, 11, 8788, 1.00, 8, 37, 0, 0, '2018-07-18 18:50:40'),
(146, 8788, 11, 1.00, 3, 38, 0, 0, '2018-07-18 20:32:31'),
(147, 11, 8788, 1.00, 8, 38, 0, 0, '2018-07-18 20:34:39'),
(148, 1, 8788, 0.70, 5, 0, 0, 0, '2018-07-19 00:25:55'),
(149, 1, 8792, 2.00, 6, 0, 0, 0, '2018-07-19 00:27:32'),
(150, 1, 8792, 0.67, 5, 0, 0, 0, '2018-07-19 00:28:44'),
(151, 8788, 11, 1.00, 3, 39, 0, 0, '2018-07-19 00:32:55'),
(152, 11, 8788, 1.00, 8, 39, 0, 0, '2018-07-19 00:35:37'),
(153, 8788, 11, 1.00, 3, 40, 0, 0, '2018-07-19 15:19:14'),
(154, 11, 8788, 1.00, 8, 40, 0, 0, '2018-07-19 15:21:22'),
(155, 8788, 11, 1.00, 3, 41, 0, 0, '2018-07-19 16:51:11'),
(156, 11, 8788, 1.00, 8, 41, 0, 0, '2018-07-19 16:53:19'),
(157, 8788, 11, 1.00, 3, 42, 0, 0, '2018-07-19 17:23:04'),
(158, 11, 8788, 1.00, 8, 42, 0, 0, '2018-07-19 17:25:12'),
(159, 8788, 11, 10.00, 3, 43, 0, 0, '2018-07-19 17:42:25'),
(160, 8788, 11, 10.00, 3, 43, 0, 0, '2018-07-19 17:42:32'),
(161, 8788, 11, 10.00, 3, 43, 0, 0, '2018-07-19 17:42:35'),
(162, 11, 8788, 30.00, 8, 43, 0, 0, '2018-07-19 17:54:31'),
(163, 10, 11, 1.00, 3, 44, 0, 0, '2018-07-19 19:29:08'),
(164, 8788, 11, 1.00, 3, 44, 0, 0, '2018-07-19 19:29:17'),
(165, 11, 8788, 1.80, 4, 44, 0, 0, '2018-07-19 19:29:47'),
(166, 11, 1, 0.20, 7, 44, 0, 0, '2018-07-19 19:29:47'),
(167, 10, 11, 1.00, 3, 45, 0, 0, '2018-07-19 19:36:00'),
(168, 10, 11, 1.00, 3, 45, 0, 0, '2018-07-19 19:36:03'),
(169, 10, 11, 1.00, 3, 45, 0, 0, '2018-07-19 19:36:03'),
(170, 10, 11, 1.00, 3, 45, 0, 0, '2018-07-19 19:36:03'),
(171, 10, 11, 1.00, 3, 45, 0, 0, '2018-07-19 19:36:04'),
(172, 10, 11, 1.00, 3, 45, 0, 0, '2018-07-19 19:36:04'),
(173, 10, 11, 1.00, 3, 45, 0, 0, '2018-07-19 19:36:04'),
(174, 10, 11, 1.00, 3, 45, 0, 0, '2018-07-19 19:36:04'),
(175, 10, 11, 1.00, 3, 45, 0, 0, '2018-07-19 19:36:04'),
(176, 10, 11, 1.00, 3, 45, 0, 0, '2018-07-19 19:36:05'),
(177, 10, 11, 1.00, 3, 45, 0, 0, '2018-07-19 19:36:05'),
(178, 8788, 11, 1.00, 3, 45, 0, 0, '2018-07-19 19:36:14'),
(179, 8788, 11, 1.00, 3, 45, 0, 0, '2018-07-19 19:36:14'),
(180, 8788, 11, 1.00, 3, 45, 0, 0, '2018-07-19 19:36:15'),
(181, 8788, 11, 1.00, 3, 45, 0, 0, '2018-07-19 19:36:15'),
(182, 8788, 11, 1.00, 3, 45, 0, 0, '2018-07-19 19:36:16'),
(183, 8788, 11, 1.00, 3, 45, 0, 0, '2018-07-19 19:36:16'),
(184, 8788, 11, 1.00, 3, 45, 0, 0, '2018-07-19 19:36:16'),
(185, 8788, 11, 1.00, 3, 45, 0, 0, '2018-07-19 19:36:16'),
(186, 8788, 11, 1.00, 3, 45, 0, 0, '2018-07-19 19:36:16'),
(187, 8788, 11, 1.00, 3, 45, 0, 0, '2018-07-19 19:36:16'),
(188, 8788, 11, 1.00, 3, 45, 0, 0, '2018-07-19 19:36:16'),
(189, 8788, 11, 1.00, 3, 45, 0, 0, '2018-07-19 19:36:16'),
(190, 8788, 11, 1.00, 3, 45, 0, 0, '2018-07-19 19:36:16'),
(191, 8788, 11, 1.00, 3, 45, 0, 0, '2018-07-19 19:36:16'),
(192, 8788, 11, 1.00, 3, 45, 0, 0, '2018-07-19 19:36:16'),
(193, 8788, 11, 1.00, 3, 45, 0, 0, '2018-07-19 19:36:16'),
(194, 8788, 11, 1.00, 3, 45, 0, 0, '2018-07-19 19:36:16'),
(195, 8788, 11, 1.00, 3, 45, 0, 0, '2018-07-19 19:36:17'),
(196, 8788, 11, 1.00, 3, 45, 0, 0, '2018-07-19 19:36:17'),
(197, 8788, 11, 1.00, 3, 45, 0, 0, '2018-07-19 19:36:17'),
(198, 8788, 11, 1.00, 3, 45, 0, 0, '2018-07-19 19:36:17'),
(199, 8788, 11, 1.00, 3, 45, 0, 0, '2018-07-19 19:36:17'),
(200, 8788, 11, 1.00, 3, 45, 0, 0, '2018-07-19 19:36:17'),
(201, 8788, 11, 1.00, 3, 45, 0, 0, '2018-07-19 19:36:17'),
(202, 8788, 11, 1.00, 3, 45, 0, 0, '2018-07-19 19:36:18'),
(203, 8788, 11, 1.00, 3, 45, 0, 0, '2018-07-19 19:36:18'),
(204, 8788, 11, 1.00, 3, 45, 0, 0, '2018-07-19 19:36:18'),
(205, 8788, 11, 1.00, 3, 45, 0, 0, '2018-07-19 19:36:18'),
(206, 8788, 11, 1.00, 3, 45, 0, 0, '2018-07-19 19:36:20'),
(207, 8788, 11, 1.00, 3, 45, 0, 0, '2018-07-19 19:36:20'),
(208, 8788, 11, 1.00, 3, 45, 0, 0, '2018-07-19 19:36:20'),
(209, 8788, 11, 1.00, 3, 45, 0, 0, '2018-07-19 19:36:20'),
(210, 8788, 11, 1.00, 3, 45, 0, 0, '2018-07-19 19:36:20'),
(211, 8788, 11, 1.00, 3, 45, 0, 0, '2018-07-19 19:36:20'),
(212, 8788, 11, 1.00, 3, 45, 0, 0, '2018-07-19 19:36:20'),
(213, 8788, 11, 1.00, 3, 45, 0, 0, '2018-07-19 19:36:20'),
(214, 8788, 11, 1.00, 3, 45, 0, 0, '2018-07-19 19:36:20'),
(215, 8788, 11, 1.00, 3, 45, 0, 0, '2018-07-19 19:36:20'),
(216, 8788, 11, 1.00, 3, 45, 0, 0, '2018-07-19 19:36:20'),
(217, 8788, 11, 1.00, 3, 45, 0, 0, '2018-07-19 19:36:21'),
(218, 8788, 11, 1.00, 3, 45, 0, 0, '2018-07-19 19:36:21'),
(219, 8788, 11, 1.00, 3, 45, 0, 0, '2018-07-19 19:36:21'),
(220, 8788, 11, 1.00, 3, 45, 0, 0, '2018-07-19 19:36:21'),
(221, 8788, 11, 1.00, 3, 45, 0, 0, '2018-07-19 19:36:21'),
(222, 8788, 11, 1.00, 3, 45, 0, 0, '2018-07-19 19:36:21'),
(223, 8788, 11, 1.00, 3, 45, 0, 0, '2018-07-19 19:36:21'),
(224, 8788, 11, 1.00, 3, 45, 0, 0, '2018-07-19 19:36:21'),
(225, 8788, 11, 1.00, 3, 45, 0, 0, '2018-07-19 19:36:21'),
(226, 8788, 11, 1.00, 3, 45, 0, 0, '2018-07-19 19:36:21'),
(227, 8788, 11, 1.00, 3, 45, 0, 0, '2018-07-19 19:36:21'),
(228, 8788, 11, 1.00, 3, 45, 0, 0, '2018-07-19 19:36:21'),
(229, 8788, 11, 1.00, 3, 45, 0, 0, '2018-07-19 19:36:21'),
(230, 8788, 11, 1.00, 3, 45, 0, 0, '2018-07-19 19:36:21'),
(231, 8788, 11, 1.00, 3, 45, 0, 0, '2018-07-19 19:36:21'),
(232, 8788, 11, 1.00, 3, 45, 0, 0, '2018-07-19 19:36:21'),
(233, 8788, 11, 1.00, 3, 45, 0, 0, '2018-07-19 19:36:21'),
(234, 8788, 11, 1.00, 3, 45, 0, 0, '2018-07-19 19:36:21'),
(235, 8788, 11, 1.00, 3, 45, 0, 0, '2018-07-19 19:36:21'),
(236, 8788, 11, 1.00, 3, 45, 0, 0, '2018-07-19 19:36:21'),
(237, 8788, 11, 1.00, 3, 45, 0, 0, '2018-07-19 19:36:21'),
(238, 8788, 11, 1.00, 3, 45, 0, 0, '2018-07-19 19:36:21'),
(239, 8788, 11, 1.00, 3, 45, 0, 0, '2018-07-19 19:36:21'),
(240, 8788, 11, 1.00, 3, 45, 0, 0, '2018-07-19 19:36:21'),
(241, 8788, 11, 1.00, 3, 45, 0, 0, '2018-07-19 19:36:21'),
(242, 8788, 11, 1.00, 3, 45, 0, 0, '2018-07-19 19:36:21'),
(243, 8788, 11, 1.00, 3, 45, 0, 0, '2018-07-19 19:36:24'),
(244, 8788, 11, 1.00, 3, 45, 0, 0, '2018-07-19 19:36:24'),
(245, 8788, 11, 1.00, 3, 45, 0, 0, '2018-07-19 19:36:24'),
(246, 8788, 11, 1.00, 3, 45, 0, 0, '2018-07-19 19:36:24'),
(247, 8788, 11, 1.00, 3, 45, 0, 0, '2018-07-19 19:36:24'),
(248, 8788, 11, 1.00, 3, 45, 0, 0, '2018-07-19 19:36:24'),
(249, 8788, 11, 1.00, 3, 45, 0, 0, '2018-07-19 19:36:24'),
(250, 8788, 11, 1.00, 3, 45, 0, 0, '2018-07-19 19:36:24'),
(251, 8788, 11, 1.00, 3, 45, 0, 0, '2018-07-19 19:36:24'),
(252, 8788, 11, 1.00, 3, 45, 0, 0, '2018-07-19 19:36:24'),
(253, 8788, 11, 1.00, 3, 45, 0, 0, '2018-07-19 19:36:24'),
(254, 8788, 11, 1.00, 3, 45, 0, 0, '2018-07-19 19:36:24'),
(255, 8788, 11, 1.00, 3, 45, 0, 0, '2018-07-19 19:36:24'),
(256, 8788, 11, 1.00, 3, 45, 0, 0, '2018-07-19 19:36:24'),
(257, 8788, 11, 1.00, 3, 45, 0, 0, '2018-07-19 19:36:24'),
(258, 8788, 11, 1.00, 3, 45, 0, 0, '2018-07-19 19:36:24'),
(259, 8788, 11, 1.00, 3, 45, 0, 0, '2018-07-19 19:36:25'),
(260, 8788, 11, 1.00, 3, 45, 0, 0, '2018-07-19 19:36:25'),
(261, 8788, 11, 1.00, 3, 45, 0, 0, '2018-07-19 19:36:25'),
(262, 8788, 11, 1.00, 3, 45, 0, 0, '2018-07-19 19:36:25'),
(263, 8788, 11, 1.00, 3, 45, 0, 0, '2018-07-19 19:36:25'),
(264, 8788, 11, 1.00, 3, 45, 0, 0, '2018-07-19 19:36:25'),
(265, 8788, 11, 1.00, 3, 45, 0, 0, '2018-07-19 19:36:25'),
(266, 8788, 11, 1.00, 3, 45, 0, 0, '2018-07-19 19:36:25'),
(267, 8788, 11, 1.00, 3, 45, 0, 0, '2018-07-19 19:36:25'),
(268, 8788, 11, 1.00, 3, 45, 0, 0, '2018-07-19 19:36:25'),
(269, 8788, 11, 1.00, 3, 45, 0, 0, '2018-07-19 19:36:25'),
(270, 8788, 11, 1.00, 3, 45, 0, 0, '2018-07-19 19:36:25'),
(271, 8788, 11, 1.00, 3, 45, 0, 0, '2018-07-19 19:36:25'),
(272, 8788, 11, 1.00, 3, 45, 0, 0, '2018-07-19 19:36:25'),
(273, 8788, 11, 1.00, 3, 45, 0, 0, '2018-07-19 19:36:25'),
(274, 8788, 11, 1.00, 3, 45, 0, 0, '2018-07-19 19:36:25'),
(275, 8788, 11, 1.00, 3, 45, 0, 0, '2018-07-19 19:36:25'),
(276, 8788, 11, 1.00, 3, 45, 0, 0, '2018-07-19 19:36:25'),
(277, 8788, 11, 1.00, 3, 45, 0, 0, '2018-07-19 19:36:25'),
(278, 8788, 11, 1.00, 3, 45, 0, 0, '2018-07-19 19:36:25'),
(279, 8788, 11, 1.00, 3, 45, 0, 0, '2018-07-19 19:36:25'),
(280, 8788, 11, 1.00, 3, 45, 0, 0, '2018-07-19 19:36:25'),
(281, 8788, 11, 1.00, 3, 45, 0, 0, '2018-07-19 19:36:25'),
(282, 8788, 11, 1.00, 3, 45, 0, 0, '2018-07-19 19:36:25'),
(283, 8788, 11, 1.00, 3, 45, 0, 0, '2018-07-19 19:36:25'),
(284, 8788, 11, 1.00, 3, 45, 0, 0, '2018-07-19 19:36:25'),
(285, 8788, 11, 1.00, 3, 45, 0, 0, '2018-07-19 19:36:25'),
(286, 8788, 11, 1.00, 3, 45, 0, 0, '2018-07-19 19:36:25'),
(287, 8788, 11, 1.00, 3, 45, 0, 0, '2018-07-19 19:36:25'),
(288, 8788, 11, 1.00, 3, 45, 0, 0, '2018-07-19 19:36:25'),
(289, 8788, 11, 1.00, 3, 45, 0, 0, '2018-07-19 19:36:26'),
(290, 8788, 11, 1.00, 3, 45, 0, 0, '2018-07-19 19:36:26'),
(291, 8788, 11, 1.00, 3, 45, 0, 0, '2018-07-19 19:36:26'),
(292, 8788, 11, 1.00, 3, 45, 0, 0, '2018-07-19 19:36:26'),
(293, 8788, 11, 1.00, 3, 45, 0, 0, '2018-07-19 19:36:26'),
(294, 8788, 11, 1.00, 3, 45, 0, 0, '2018-07-19 19:36:26'),
(295, 8788, 11, 1.00, 3, 45, 0, 0, '2018-07-19 19:36:26'),
(296, 8788, 11, 1.00, 3, 45, 0, 0, '2018-07-19 19:36:26'),
(297, 8788, 11, 1.00, 3, 45, 0, 0, '2018-07-19 19:36:26'),
(298, 8788, 11, 1.00, 3, 45, 0, 0, '2018-07-19 19:36:26'),
(299, 8788, 11, 1.00, 3, 45, 0, 0, '2018-07-19 19:36:26'),
(300, 8788, 11, 1.00, 3, 45, 0, 0, '2018-07-19 19:36:26'),
(301, 8788, 11, 1.00, 3, 45, 0, 0, '2018-07-19 19:36:26'),
(302, 8788, 11, 1.00, 3, 45, 0, 0, '2018-07-19 19:36:26'),
(303, 8788, 11, 1.00, 3, 45, 0, 0, '2018-07-19 19:36:26'),
(304, 8788, 11, 1.00, 3, 45, 0, 0, '2018-07-19 19:36:26'),
(305, 8788, 11, 1.00, 3, 45, 0, 0, '2018-07-19 19:36:26'),
(306, 8788, 11, 1.00, 3, 45, 0, 0, '2018-07-19 19:36:26'),
(307, 8788, 11, 1.00, 3, 45, 0, 0, '2018-07-19 19:36:26'),
(308, 8788, 11, 1.00, 3, 45, 0, 0, '2018-07-19 19:36:26'),
(309, 8788, 11, 1.00, 3, 45, 0, 0, '2018-07-19 19:36:26'),
(310, 8788, 11, 1.00, 3, 45, 0, 0, '2018-07-19 19:36:26'),
(311, 8788, 11, 1.00, 3, 45, 0, 0, '2018-07-19 19:36:26'),
(312, 8788, 11, 1.00, 3, 45, 0, 0, '2018-07-19 19:36:26'),
(313, 8788, 11, 1.00, 3, 45, 0, 0, '2018-07-19 19:36:26'),
(314, 8788, 11, 1.00, 3, 45, 0, 0, '2018-07-19 19:36:26'),
(315, 8788, 11, 1.00, 3, 45, 0, 0, '2018-07-19 19:36:26'),
(316, 8788, 11, 1.00, 3, 45, 0, 0, '2018-07-19 19:36:26'),
(317, 8788, 11, 1.00, 3, 45, 0, 0, '2018-07-19 19:36:26'),
(318, 8788, 11, 1.00, 3, 45, 0, 0, '2018-07-19 19:36:26'),
(319, 8788, 11, 1.00, 3, 45, 0, 0, '2018-07-19 19:36:26'),
(320, 8788, 11, 1.00, 3, 45, 0, 0, '2018-07-19 19:36:27'),
(321, 8788, 11, 1.00, 3, 45, 0, 0, '2018-07-19 19:36:27'),
(322, 8788, 11, 1.00, 3, 45, 0, 0, '2018-07-19 19:36:27'),
(323, 8788, 11, 1.00, 3, 45, 0, 0, '2018-07-19 19:36:27'),
(324, 8788, 11, 1.00, 3, 45, 0, 0, '2018-07-19 19:36:27'),
(325, 8788, 11, 1.00, 3, 45, 0, 0, '2018-07-19 19:36:27'),
(326, 8788, 11, 1.00, 3, 45, 0, 0, '2018-07-19 19:36:27'),
(327, 8788, 11, 1.00, 3, 45, 0, 0, '2018-07-19 19:36:27'),
(328, 8788, 11, 1.00, 3, 45, 0, 0, '2018-07-19 19:36:27'),
(329, 8788, 11, 1.00, 3, 45, 0, 0, '2018-07-19 19:36:27'),
(330, 8788, 11, 1.00, 3, 45, 0, 0, '2018-07-19 19:36:27'),
(331, 8788, 11, 1.00, 3, 45, 0, 0, '2018-07-19 19:36:27'),
(332, 8788, 11, 1.00, 3, 45, 0, 0, '2018-07-19 19:36:27'),
(333, 8788, 11, 1.00, 3, 45, 0, 0, '2018-07-19 19:36:27'),
(334, 8788, 11, 1.00, 3, 45, 0, 0, '2018-07-19 19:36:27'),
(335, 8788, 11, 1.00, 3, 45, 0, 0, '2018-07-19 19:36:27'),
(336, 8788, 11, 1.00, 3, 45, 0, 0, '2018-07-19 19:36:27'),
(337, 8788, 11, 1.00, 3, 45, 0, 0, '2018-07-19 19:36:27'),
(338, 8788, 11, 1.00, 3, 45, 0, 0, '2018-07-19 19:36:30'),
(339, 8788, 11, 1.00, 3, 45, 0, 0, '2018-07-19 19:36:30'),
(340, 8788, 11, 1.00, 3, 45, 0, 0, '2018-07-19 19:36:30'),
(341, 8788, 11, 1.00, 3, 45, 0, 0, '2018-07-19 19:36:30'),
(342, 8788, 11, 1.00, 3, 45, 0, 0, '2018-07-19 19:36:30'),
(343, 8788, 11, 1.00, 3, 45, 0, 0, '2018-07-19 19:36:30'),
(344, 8788, 11, 1.00, 3, 45, 0, 0, '2018-07-19 19:36:30'),
(345, 8788, 11, 1.00, 3, 45, 0, 0, '2018-07-19 19:36:30'),
(346, 8788, 11, 1.00, 3, 45, 0, 0, '2018-07-19 19:36:30'),
(347, 8788, 11, 1.00, 3, 45, 0, 0, '2018-07-19 19:36:30'),
(348, 8788, 11, 1.00, 3, 45, 0, 0, '2018-07-19 19:36:30'),
(349, 8788, 11, 1.00, 3, 45, 0, 0, '2018-07-19 19:36:30'),
(350, 8788, 11, 1.00, 3, 45, 0, 0, '2018-07-19 19:36:30'),
(351, 8788, 11, 1.00, 3, 45, 0, 0, '2018-07-19 19:36:31'),
(352, 8788, 11, 1.00, 3, 45, 0, 0, '2018-07-19 19:36:31'),
(353, 8788, 11, 1.00, 3, 45, 0, 0, '2018-07-19 19:36:31'),
(354, 8788, 11, 1.00, 3, 45, 0, 0, '2018-07-19 19:36:31'),
(355, 8788, 11, 1.00, 3, 45, 0, 0, '2018-07-19 19:36:31'),
(356, 8788, 11, 1.00, 3, 45, 0, 0, '2018-07-19 19:36:31'),
(357, 8788, 11, 1.00, 3, 45, 0, 0, '2018-07-19 19:36:31'),
(358, 8788, 11, 1.00, 3, 45, 0, 0, '2018-07-19 19:36:31'),
(359, 8788, 11, 1.00, 3, 45, 0, 0, '2018-07-19 19:36:31'),
(360, 8788, 11, 1.00, 3, 45, 0, 0, '2018-07-19 19:36:31'),
(361, 8788, 11, 1.00, 3, 45, 0, 0, '2018-07-19 19:36:31'),
(362, 8788, 11, 1.00, 3, 45, 0, 0, '2018-07-19 19:36:31'),
(363, 8788, 11, 1.00, 3, 45, 0, 0, '2018-07-19 19:36:31'),
(364, 8788, 11, 1.00, 3, 45, 0, 0, '2018-07-19 19:36:31'),
(365, 8788, 11, 1.00, 3, 45, 0, 0, '2018-07-19 19:36:31'),
(366, 8788, 11, 1.00, 3, 45, 0, 0, '2018-07-19 19:36:31'),
(367, 8788, 11, 1.00, 3, 45, 0, 0, '2018-07-19 19:36:31'),
(368, 8788, 11, 1.00, 3, 45, 0, 0, '2018-07-19 19:36:31'),
(369, 8788, 11, 1.00, 3, 45, 0, 0, '2018-07-19 19:36:31'),
(370, 8788, 11, 1.00, 3, 45, 0, 0, '2018-07-19 19:36:31'),
(371, 8788, 11, 1.00, 3, 45, 0, 0, '2018-07-19 19:36:31'),
(372, 8788, 11, 1.00, 3, 45, 0, 0, '2018-07-19 19:36:31'),
(373, 8788, 11, 1.00, 3, 45, 0, 0, '2018-07-19 19:36:31'),
(374, 8788, 11, 1.00, 3, 45, 0, 0, '2018-07-19 19:36:31'),
(375, 8788, 11, 1.00, 3, 45, 0, 0, '2018-07-19 19:36:31'),
(376, 8788, 11, 1.00, 3, 45, 0, 0, '2018-07-19 19:36:31'),
(377, 8788, 11, 1.00, 3, 45, 0, 0, '2018-07-19 19:36:31'),
(378, 8788, 11, 1.00, 3, 45, 0, 0, '2018-07-19 19:36:31'),
(379, 8788, 11, 1.00, 3, 45, 0, 0, '2018-07-19 19:36:31'),
(380, 8788, 11, 1.00, 3, 45, 0, 0, '2018-07-19 19:36:31'),
(381, 8788, 11, 1.00, 3, 45, 0, 0, '2018-07-19 19:36:31'),
(382, 8788, 11, 1.00, 3, 45, 0, 0, '2018-07-19 19:36:32'),
(383, 8788, 11, 1.00, 3, 45, 0, 0, '2018-07-19 19:36:32'),
(384, 8788, 11, 1.00, 3, 45, 0, 0, '2018-07-19 19:36:32'),
(385, 8788, 11, 1.00, 3, 45, 0, 0, '2018-07-19 19:36:32'),
(386, 8788, 11, 1.00, 3, 45, 0, 0, '2018-07-19 19:36:32'),
(387, 8788, 11, 1.00, 3, 45, 0, 0, '2018-07-19 19:36:32'),
(388, 8788, 11, 1.00, 3, 45, 0, 0, '2018-07-19 19:36:32'),
(389, 8788, 11, 1.00, 3, 45, 0, 0, '2018-07-19 19:36:32'),
(390, 8788, 11, 1.00, 3, 45, 0, 0, '2018-07-19 19:36:32'),
(391, 8788, 11, 1.00, 3, 45, 0, 0, '2018-07-19 19:36:32'),
(392, 8788, 11, 1.00, 3, 45, 0, 0, '2018-07-19 19:36:32'),
(393, 8788, 11, 1.00, 3, 45, 0, 0, '2018-07-19 19:36:32'),
(394, 8788, 11, 1.00, 3, 45, 0, 0, '2018-07-19 19:36:32'),
(395, 8788, 11, 1.00, 3, 45, 0, 0, '2018-07-19 19:36:32'),
(396, 8788, 11, 1.00, 3, 45, 0, 0, '2018-07-19 19:36:32'),
(397, 8788, 11, 1.00, 3, 45, 0, 0, '2018-07-19 19:36:32'),
(398, 8788, 11, 1.00, 3, 45, 0, 0, '2018-07-19 19:36:32'),
(399, 8788, 11, 1.00, 3, 45, 0, 0, '2018-07-19 19:36:32'),
(400, 8788, 11, 1.00, 3, 45, 0, 0, '2018-07-19 19:36:32'),
(401, 11, 8788, 231.80, 4, 45, 0, 0, '2018-07-19 19:36:45'),
(402, 11, 1, 2.20, 7, 45, 0, 0, '2018-07-19 19:36:45'),
(403, 10, 11, 1.00, 3, 46, 0, 0, '2018-07-19 19:57:35'),
(404, 11, 10, 1.00, 8, 46, 0, 0, '2018-07-19 20:04:16'),
(405, 1, 8790, 0.82, 5, 0, 0, 0, '2018-07-19 20:44:29'),
(406, 8790, 11, 1.00, 3, 47, 0, 0, '2018-07-19 20:44:44'),
(407, 11, 8790, 1.00, 8, 47, 0, 0, '2018-07-19 20:46:52'),
(408, 8790, 11, 1.00, 3, 48, 0, 0, '2018-07-19 20:47:05'),
(409, 8788, 11, 1.00, 3, 48, 0, 0, '2018-07-19 20:47:51'),
(410, 11, 8788, 1.80, 4, 48, 0, 0, '2018-07-19 20:48:32'),
(411, 11, 1, 0.20, 7, 48, 0, 0, '2018-07-19 20:48:32'),
(412, 8788, 11, 1.00, 3, 49, 0, 0, '2018-07-19 20:54:08'),
(413, 11, 8788, 1.00, 8, 49, 0, 0, '2018-07-19 20:58:10'),
(414, 8788, 11, 1.00, 3, 50, 0, 0, '2018-07-19 21:09:47'),
(415, 11, 8788, 1.00, 8, 50, 0, 0, '2018-07-19 21:28:04'),
(416, 1, 8794, 2.00, 6, 0, 0, 0, '2018-07-19 21:41:16'),
(417, 8794, 11, 1.00, 3, 51, 0, 0, '2018-07-19 21:45:05'),
(418, 8788, 11, 1.00, 3, 51, 0, 0, '2018-07-19 21:46:55'),
(419, 11, 8794, 1.80, 4, 51, 0, 0, '2018-07-19 21:47:25'),
(420, 11, 1, 0.20, 7, 51, 0, 0, '2018-07-19 21:47:25'),
(421, 8790, 11, 1.00, 3, 52, 0, 0, '2018-07-19 21:48:00'),
(422, 10, 11, 1.00, 3, 52, 0, 0, '2018-07-19 21:48:05'),
(423, 8788, 11, 1.00, 3, 52, 0, 0, '2018-07-19 21:48:14'),
(424, 11, 10, 2.60, 4, 52, 0, 0, '2018-07-19 21:48:35'),
(425, 11, 1, 0.40, 7, 52, 0, 0, '2018-07-19 21:48:35'),
(426, 8790, 11, 2.00, 3, 53, 0, 0, '2018-07-19 21:48:51'),
(427, 8788, 11, 1.00, 3, 53, 0, 0, '2018-07-19 21:48:54'),
(428, 8794, 11, 1.00, 3, 53, 0, 0, '2018-07-19 21:48:59'),
(429, 8790, 11, 1.00, 3, 53, 0, 0, '2018-07-19 21:49:14'),
(430, 8790, 11, 4.00, 3, 53, 0, 0, '2018-07-19 21:49:21'),
(431, 11, 8790, 8.60, 4, 53, 0, 0, '2018-07-19 21:49:24'),
(432, 11, 1, 0.40, 7, 53, 0, 0, '2018-07-19 21:49:24'),
(433, 8794, 11, 1.00, 3, 54, 0, 0, '2018-07-19 21:50:01'),
(434, 8788, 11, 1.00, 3, 54, 0, 0, '2018-07-19 21:50:29'),
(435, 8790, 11, 2.00, 3, 54, 0, 0, '2018-07-19 21:50:38'),
(436, 11, 8788, 3.40, 4, 54, 0, 0, '2018-07-19 21:50:59'),
(437, 11, 1, 0.60, 7, 54, 0, 0, '2018-07-19 21:50:59'),
(438, 8790, 11, 1.00, 3, 55, 0, 0, '2018-07-19 21:51:14'),
(439, 8788, 11, 1.00, 3, 55, 0, 0, '2018-07-19 21:51:17'),
(440, 8794, 11, 1.00, 3, 55, 0, 0, '2018-07-19 21:51:37'),
(441, 8794, 11, 1.00, 3, 55, 0, 0, '2018-07-19 21:51:46'),
(442, 11, 8794, 3.60, 4, 55, 0, 0, '2018-07-19 21:51:47'),
(443, 11, 1, 0.40, 7, 55, 0, 0, '2018-07-19 21:51:47'),
(444, 8790, 11, 1.00, 3, 56, 0, 0, '2018-07-19 21:51:59'),
(445, 8788, 11, 1.00, 3, 56, 0, 0, '2018-07-19 21:52:02'),
(446, 8794, 4, 5.00, 2, 0, 0, 16, '2018-07-19 21:52:28'),
(447, 8794, 4, 0.05, 11, 0, 0, 16, '2018-07-19 21:52:28'),
(448, 8790, 11, 1.00, 3, 56, 0, 0, '2018-07-19 21:52:30'),
(449, 11, 8790, 2.80, 4, 56, 0, 0, '2018-07-19 21:52:33'),
(450, 11, 1, 0.20, 7, 56, 0, 0, '2018-07-19 21:52:33'),
(451, 8788, 11, 1.11, 3, 57, 0, 0, '2018-07-19 21:52:52'),
(452, 8790, 11, 1.00, 3, 57, 0, 0, '2018-07-19 21:52:57'),
(453, 8790, 11, 1.00, 3, 57, 0, 0, '2018-07-19 21:53:26'),
(454, 11, 8788, 2.71, 4, 57, 0, 0, '2018-07-19 21:53:27'),
(455, 11, 1, 0.40, 7, 57, 0, 0, '2018-07-19 21:53:27'),
(456, 8790, 11, 2.00, 3, 58, 0, 0, '2018-07-19 21:53:40'),
(457, 8788, 11, 1.11, 3, 58, 0, 0, '2018-07-19 21:53:48'),
(458, 8788, 11, 1.00, 3, 58, 0, 0, '2018-07-19 21:53:51'),
(459, 8790, 11, 4.98, 3, 58, 0, 0, '2018-07-19 21:54:17'),
(460, 11, 8790, 8.67, 4, 58, 0, 0, '2018-07-19 21:54:19'),
(461, 11, 1, 0.42, 7, 58, 0, 0, '2018-07-19 21:54:19'),
(462, 8790, 11, 1.00, 3, 59, 0, 0, '2018-07-19 21:54:38'),
(463, 11, 8790, 1.00, 8, 59, 0, 0, '2018-07-19 21:56:47'),
(464, 8790, 11, 1.00, 3, 60, 0, 0, '2018-07-19 21:56:54'),
(465, 11, 8790, 1.00, 8, 60, 0, 0, '2018-07-19 21:59:03'),
(466, 8790, 11, 1.00, 3, 61, 0, 0, '2018-07-19 21:59:19'),
(467, 11, 8790, 1.00, 8, 61, 0, 0, '2018-07-19 22:01:28'),
(468, 10, 11, 1.00, 3, 62, 0, 0, '2018-07-19 22:05:44'),
(469, 8788, 11, 1.00, 3, 62, 0, 0, '2018-07-19 22:05:59'),
(470, 8794, 11, 1.00, 3, 62, 0, 0, '2018-07-19 22:06:09'),
(471, 8794, 11, 1.00, 3, 62, 0, 0, '2018-07-19 22:06:15'),
(472, 8794, 11, 1.00, 3, 62, 0, 0, '2018-07-19 22:06:24'),
(473, 8788, 11, 1.00, 3, 62, 0, 0, '2018-07-19 22:06:27'),
(474, 11, 8794, 5.40, 4, 62, 0, 0, '2018-07-19 22:06:29'),
(475, 11, 1, 0.60, 7, 62, 0, 0, '2018-07-19 22:06:29'),
(476, 8790, 11, 1.00, 3, 63, 0, 0, '2018-07-19 22:06:42'),
(477, 8788, 11, 1.00, 3, 63, 0, 0, '2018-07-19 22:06:46'),
(478, 8788, 11, 1.59, 3, 63, 0, 0, '2018-07-19 22:06:50'),
(479, 8794, 11, 2.00, 3, 63, 0, 0, '2018-07-19 22:06:58'),
(480, 8790, 11, 1.00, 3, 63, 0, 0, '2018-07-19 22:07:05'),
(481, 8788, 11, 1.59, 3, 63, 0, 0, '2018-07-19 22:07:05'),
(482, 8788, 11, 1.41, 3, 63, 0, 0, '2018-07-19 22:07:12'),
(483, 8790, 11, 1.00, 3, 63, 0, 0, '2018-07-19 22:07:15'),
(484, 11, 8788, 9.59, 4, 63, 0, 0, '2018-07-19 22:07:16'),
(485, 11, 1, 1.00, 7, 63, 0, 0, '2018-07-19 22:07:16'),
(486, 8790, 11, 1.00, 3, 64, 0, 0, '2018-07-19 22:07:29'),
(487, 8794, 11, 3.00, 3, 64, 0, 0, '2018-07-19 22:07:33'),
(488, 8788, 11, 1.59, 3, 64, 0, 0, '2018-07-19 22:07:36'),
(489, 8788, 11, 3.00, 3, 64, 0, 0, '2018-07-19 22:07:54'),
(490, 8790, 11, 1.00, 3, 64, 0, 0, '2018-07-19 22:08:02'),
(491, 11, 8788, 8.59, 4, 64, 0, 0, '2018-07-19 22:08:03'),
(492, 11, 1, 1.00, 7, 64, 0, 0, '2018-07-19 22:08:03'),
(493, 8790, 11, 1.00, 3, 65, 0, 0, '2018-07-19 22:08:17'),
(494, 8794, 11, 5.00, 3, 65, 0, 0, '2018-07-19 22:08:20'),
(495, 8788, 11, 2.59, 3, 65, 0, 0, '2018-07-19 22:08:25'),
(496, 8790, 11, 1.00, 3, 65, 0, 0, '2018-07-19 22:08:32'),
(497, 8788, 11, 8.00, 3, 65, 0, 0, '2018-07-19 22:08:35'),
(498, 8794, 11, 4.93, 3, 65, 0, 0, '2018-07-19 22:08:40'),
(499, 8788, 11, 5.00, 3, 65, 0, 0, '2018-07-19 22:08:45'),
(500, 8788, 11, 5.00, 3, 65, 0, 0, '2018-07-19 22:08:47'),
(501, 8790, 11, 1.45, 3, 65, 0, 0, '2018-07-19 22:08:48'),
(502, 8788, 11, 5.00, 3, 65, 0, 0, '2018-07-19 22:08:48'),
(503, 8794, 11, 1.30, 3, 65, 0, 0, '2018-07-19 22:08:48'),
(504, 8788, 11, 5.00, 3, 65, 0, 0, '2018-07-19 22:08:49'),
(505, 8788, 11, 5.00, 3, 65, 0, 0, '2018-07-19 22:08:49'),
(506, 11, 8788, 47.33, 4, 65, 0, 0, '2018-07-19 22:08:50'),
(507, 11, 1, 2.94, 7, 65, 0, 0, '2018-07-19 22:08:50'),
(508, 8790, 11, 1.00, 3, 66, 0, 0, '2018-07-19 22:09:06'),
(509, 8794, 11, 1.30, 3, 66, 0, 0, '2018-07-19 22:09:19'),
(510, 8788, 11, 1.33, 3, 66, 0, 0, '2018-07-19 22:09:31'),
(511, 8790, 11, 1.00, 3, 66, 0, 0, '2018-07-19 22:09:32'),
(512, 8790, 11, 1.00, 3, 66, 0, 0, '2018-07-19 22:09:48'),
(513, 11, 8794, 4.76, 4, 66, 0, 0, '2018-07-19 22:09:49'),
(514, 11, 1, 0.87, 7, 66, 0, 0, '2018-07-19 22:09:49'),
(515, 8790, 11, 1.00, 3, 67, 0, 0, '2018-07-19 22:10:03'),
(516, 8794, 11, 1.30, 3, 67, 0, 0, '2018-07-19 22:10:09'),
(517, 8794, 11, 1.30, 3, 67, 0, 0, '2018-07-19 22:10:12'),
(518, 8790, 11, 1.30, 3, 67, 0, 0, '2018-07-19 22:10:15'),
(519, 8788, 11, 1.00, 3, 67, 0, 0, '2018-07-19 22:10:17'),
(520, 8788, 11, 1.00, 3, 67, 0, 0, '2018-07-19 22:10:19'),
(521, 8790, 11, 1.00, 3, 67, 0, 0, '2018-07-19 22:10:21'),
(522, 8788, 11, 1.09, 3, 67, 0, 0, '2018-07-19 22:10:23'),
(523, 8794, 11, 1.30, 3, 67, 0, 0, '2018-07-19 22:10:29'),
(524, 8790, 11, 1.90, 3, 67, 0, 0, '2018-07-19 22:10:37'),
(525, 11, 8788, 10.37, 4, 67, 0, 0, '2018-07-19 22:10:40'),
(526, 11, 1, 1.82, 7, 67, 0, 0, '2018-07-19 22:10:40'),
(527, 8794, 11, 1.00, 3, 68, 0, 0, '2018-07-19 22:10:53'),
(528, 8790, 11, 1.00, 3, 68, 0, 0, '2018-07-19 22:10:55'),
(529, 8788, 11, 1.28, 3, 68, 0, 0, '2018-07-19 22:11:00'),
(530, 8790, 11, 2.60, 3, 68, 0, 0, '2018-07-19 22:11:21'),
(531, 11, 8790, 5.42, 4, 68, 0, 0, '2018-07-19 22:11:26'),
(532, 11, 1, 0.46, 7, 68, 0, 0, '2018-07-19 22:11:26'),
(533, 1, 8794, 0.29, 5, 0, 0, 0, '2018-07-19 22:11:59'),
(534, 8790, 11, 10.00, 3, 69, 0, 0, '2018-07-19 22:37:46'),
(535, 8790, 11, 1.00, 3, 69, 0, 0, '2018-07-19 22:38:11'),
(536, 8790, 11, 1.52, 3, 69, 0, 0, '2018-07-19 22:38:23'),
(537, 11, 8790, 12.52, 8, 69, 0, 0, '2018-07-19 22:39:54'),
(538, 3, 8788, 1.00, 1, 0, 0, 0, '2018-07-20 01:17:39'),
(539, 8788, 11, 1.00, 3, 70, 0, 0, '2018-07-20 21:17:56'),
(540, 11, 8788, 1.00, 8, 70, 0, 0, '2018-07-20 21:20:04'),
(541, 8788, 11, 1.00, 3, 71, 0, 0, '2018-07-20 22:25:00'),
(542, 11, 8788, 1.00, 8, 71, 0, 0, '2018-07-20 22:27:10'),
(543, 8788, 11, 1.00, 3, 72, 0, 0, '2018-07-21 15:01:39'),
(544, 11, 8788, 1.00, 8, 72, 0, 0, '2018-07-21 15:03:48'),
(545, 1, 8795, 2.00, 6, 0, 0, 0, '2018-07-21 15:12:23'),
(546, 8788, 11, 1.00, 3, 73, 0, 0, '2018-07-21 15:12:40'),
(547, 8795, 11, 1.00, 3, 73, 0, 0, '2018-07-21 15:13:04'),
(548, 8795, 11, 1.00, 3, 73, 0, 0, '2018-07-21 15:13:18'),
(549, 11, 8788, 2.60, 4, 73, 0, 0, '2018-07-21 15:13:34'),
(550, 11, 1, 0.40, 7, 73, 0, 0, '2018-07-21 15:13:34'),
(551, 8788, 11, 1.00, 3, 74, 0, 0, '2018-07-21 15:15:31'),
(552, 11, 8788, 1.00, 8, 74, 0, 0, '2018-07-21 15:17:40'),
(553, 1, 8795, 0.05, 5, 0, 0, 0, '2018-07-21 15:18:33'),
(554, 8788, 11, 1.00, 3, 75, 0, 0, '2018-07-21 15:20:59'),
(555, 11, 8788, 1.00, 8, 75, 0, 0, '2018-07-21 15:23:07'),
(556, 1, 8796, 2.00, 6, 0, 0, 0, '2018-07-21 15:27:09'),
(557, 8796, 11, 1.00, 3, 76, 0, 0, '2018-07-21 15:27:11'),
(558, 8788, 11, 1.00, 3, 76, 0, 0, '2018-07-21 15:28:41'),
(559, 11, 8796, 1.80, 4, 76, 0, 0, '2018-07-21 15:29:11'),
(560, 11, 1, 0.20, 7, 76, 0, 0, '2018-07-21 15:29:11'),
(561, 8796, 11, 1.80, 3, 77, 0, 0, '2018-07-21 15:29:27'),
(562, 8788, 11, 1.60, 3, 77, 0, 0, '2018-07-21 15:29:54'),
(563, 11, 8788, 3.04, 4, 77, 0, 0, '2018-07-21 15:30:24'),
(564, 11, 1, 0.36, 7, 77, 0, 0, '2018-07-21 15:30:24'),
(565, 1, 8795, 0.09, 10, 0, 8796, 0, '2018-07-21 15:30:24'),
(566, 8796, 11, 1.00, 3, 78, 0, 0, '2018-07-21 15:30:38'),
(567, 8795, 11, 1.14, 3, 78, 0, 0, '2018-07-21 15:30:44'),
(568, 8788, 11, 1.04, 3, 78, 0, 0, '2018-07-21 15:30:54'),
(569, 11, 8796, 2.74, 4, 78, 0, 0, '2018-07-21 15:31:14'),
(570, 11, 1, 0.44, 7, 78, 0, 0, '2018-07-21 15:31:14'),
(571, 8796, 11, 1.24, 3, 79, 0, 0, '2018-07-21 15:31:44'),
(572, 8788, 11, 1.00, 3, 79, 0, 0, '2018-07-21 15:31:58'),
(573, 11, 8796, 2.04, 4, 79, 0, 0, '2018-07-21 15:32:28'),
(574, 11, 1, 0.20, 7, 79, 0, 0, '2018-07-21 15:32:28'),
(575, 8788, 11, 1.10, 3, 80, 0, 0, '2018-07-21 15:33:00'),
(576, 8796, 11, 1.04, 3, 80, 0, 0, '2018-07-21 15:33:07'),
(577, 8795, 11, 2.00, 3, 80, 0, 0, '2018-07-21 15:33:19'),
(578, 11, 8788, 3.53, 4, 80, 0, 0, '2018-07-21 15:33:37'),
(579, 11, 1, 0.61, 7, 80, 0, 0, '2018-07-21 15:33:37'),
(580, 1, 8795, 0.05, 10, 0, 8796, 0, '2018-07-21 15:33:37'),
(581, 8796, 11, 1.25, 3, 81, 0, 0, '2018-07-21 15:33:53'),
(582, 8788, 11, 1.43, 3, 81, 0, 0, '2018-07-21 15:33:58'),
(583, 8796, 11, 1.25, 3, 81, 0, 0, '2018-07-21 15:34:04'),
(584, 8795, 11, 1.00, 3, 81, 0, 0, '2018-07-21 15:34:06'),
(585, 11, 8795, 4.14, 4, 81, 0, 0, '2018-07-21 15:34:29'),
(586, 11, 1, 0.79, 7, 81, 0, 0, '2018-07-21 15:34:29'),
(587, 1, 8795, 0.13, 10, 0, 8796, 0, '2018-07-21 15:34:29'),
(588, 8788, 11, 1.00, 3, 82, 0, 0, '2018-07-21 15:35:01'),
(589, 11, 8788, 1.00, 8, 82, 0, 0, '2018-07-21 15:37:09'),
(590, 1, 8797, 2.00, 6, 0, 0, 0, '2018-07-21 15:38:39'),
(591, 8788, 11, 1.00, 3, 83, 0, 0, '2018-07-21 15:38:54'),
(592, 11, 8788, 1.00, 8, 83, 0, 0, '2018-07-21 15:41:03'),
(593, 1, 8788, 0.56, 5, 0, 0, 0, '2018-07-21 15:41:09'),
(594, 1, 8798, 2.00, 6, 0, 0, 0, '2018-07-21 15:42:25'),
(595, 8798, 11, 1.00, 3, 84, 0, 0, '2018-07-21 15:42:32'),
(596, 8798, 11, 1.00, 3, 84, 0, 0, '2018-07-21 15:42:33'),
(597, 1, 8799, 2.00, 6, 0, 0, 0, '2018-07-21 15:42:34'),
(598, 1, 8799, 0.66, 5, 0, 0, 0, '2018-07-21 15:42:58'),
(599, 8788, 11, 1.56, 3, 84, 0, 0, '2018-07-21 15:44:19'),
(600, 1, 8800, 2.00, 6, 0, 0, 0, '2018-07-21 15:44:38'),
(601, 11, 8798, 3.25, 4, 84, 0, 0, '2018-07-21 15:44:49'),
(602, 11, 1, 0.31, 7, 84, 0, 0, '2018-07-21 15:44:49'),
(603, 1, 8801, 2.00, 6, 0, 0, 0, '2018-07-21 15:45:38'),
(604, 8801, 11, 1.01, 3, 85, 0, 0, '2018-07-21 15:45:52'),
(605, 8800, 11, 1.00, 3, 85, 0, 0, '2018-07-21 15:45:59'),
(606, 8800, 11, 1.00, 3, 85, 0, 0, '2018-07-21 15:45:59'),
(607, 1, 8802, 2.00, 6, 0, 0, 0, '2018-07-21 15:46:06'),
(608, 8788, 11, 1.00, 3, 85, 0, 0, '2018-07-21 15:46:06'),
(609, 8798, 11, 3.25, 3, 85, 0, 0, '2018-07-21 15:46:08'),
(610, 8802, 11, 1.00, 3, 85, 0, 0, '2018-07-21 15:46:08'),
(611, 8802, 11, 1.00, 3, 85, 0, 0, '2018-07-21 15:46:09'),
(612, 8795, 11, 4.32, 3, 85, 0, 0, '2018-07-21 15:46:23'),
(613, 11, 8798, 11.51, 4, 85, 0, 0, '2018-07-21 15:46:29'),
(614, 11, 8800, 11.26, 4, 85, 0, 0, '2018-07-21 15:46:29'),
(615, 11, 1, 2.07, 7, 85, 0, 0, '2018-07-21 15:46:29'),
(616, 11, 1, 2.32, 7, 85, 0, 0, '2018-07-21 15:46:29'),
(617, 1, 8795, 0.16, 10, 0, 8798, 0, '2018-07-21 15:46:29'),
(618, 1, 8803, 2.00, 6, 0, 0, 0, '2018-07-21 15:46:35'),
(619, 1, 8804, 2.00, 6, 0, 0, 0, '2018-07-21 15:46:52'),
(620, 8803, 11, 1.00, 3, 86, 0, 0, '2018-07-21 15:47:21'),
(621, 8803, 11, 1.00, 3, 86, 0, 0, '2018-07-21 15:47:21'),
(622, 8798, 11, 3.00, 3, 86, 0, 0, '2018-07-21 15:47:23'),
(623, 8798, 11, 3.51, 3, 86, 0, 0, '2018-07-21 15:47:26'),
(624, 8800, 11, 5.00, 3, 86, 0, 0, '2018-07-21 15:47:46'),
(625, 8798, 11, 5.00, 3, 86, 0, 0, '2018-07-21 15:47:49'),
(626, 8788, 11, 1.00, 3, 86, 0, 0, '2018-07-21 15:47:52'),
(627, 8788, 11, 1.00, 3, 86, 0, 0, '2018-07-21 15:47:52'),
(628, 8788, 11, 1.00, 3, 86, 0, 0, '2018-07-21 15:47:52'),
(629, 8788, 11, 1.00, 3, 86, 0, 0, '2018-07-21 15:47:52'),
(630, 8788, 11, 1.00, 3, 86, 0, 0, '2018-07-21 15:47:52'),
(631, 8788, 11, 1.00, 3, 86, 0, 0, '2018-07-21 15:47:53'),
(632, 11, 8798, 21.91, 4, 86, 0, 0, '2018-07-21 15:47:53'),
(633, 11, 1, 2.60, 7, 86, 0, 0, '2018-07-21 15:47:53'),
(634, 1, 8800, 0.10, 10, 0, 8803, 0, '2018-07-21 15:47:53'),
(635, 1, 8804, 0.83, 5, 0, 0, 0, '2018-07-21 15:48:18'),
(636, 8800, 4, 5.00, 2, 0, 0, 17, '2018-07-21 15:49:19'),
(637, 8800, 4, 0.05, 11, 0, 0, 17, '2018-07-21 15:49:19'),
(638, 1, 8805, 2.00, 6, 0, 0, 0, '2018-07-21 15:49:57'),
(639, 8798, 11, 6.91, 3, 87, 0, 0, '2018-07-21 15:50:02'),
(640, 8788, 11, 7.77, 3, 87, 0, 0, '2018-07-21 15:50:18'),
(641, 8798, 11, 5.00, 3, 87, 0, 0, '2018-07-21 15:50:27'),
(642, 8805, 11, 1.00, 3, 87, 0, 0, '2018-07-21 15:50:29'),
(643, 8805, 11, 1.00, 3, 87, 0, 0, '2018-07-21 15:50:30'),
(644, 8798, 11, 5.00, 3, 87, 0, 0, '2018-07-21 15:50:32'),
(645, 8798, 11, 5.00, 3, 87, 0, 0, '2018-07-21 15:50:38'),
(646, 8788, 11, 9.23, 3, 87, 0, 0, '2018-07-21 15:50:40'),
(647, 8788, 11, 4.00, 3, 87, 0, 0, '2018-07-21 15:50:46'),
(648, 11, 8798, 40.31, 4, 87, 0, 0, '2018-07-21 15:50:48'),
(649, 11, 1, 4.60, 7, 87, 0, 0, '2018-07-21 15:50:48'),
(650, 1, 8799, 0.10, 10, 0, 8805, 0, '2018-07-21 15:50:48'),
(651, 1, 8797, 0.04, 10, 0, 8805, 0, '2018-07-21 15:50:48'),
(652, 1, 8795, 0.02, 10, 0, 8805, 0, '2018-07-21 15:50:48'),
(653, 1, 8806, 2.00, 6, 0, 0, 0, '2018-07-21 15:51:05'),
(654, 8798, 11, 2.31, 3, 88, 0, 0, '2018-07-21 15:51:48'),
(655, 1, 8807, 2.00, 6, 0, 0, 0, '2018-07-21 15:52:01'),
(656, 8788, 11, 1.01, 3, 88, 0, 0, '2018-07-21 15:52:04'),
(657, 8799, 11, 1.00, 3, 88, 0, 0, '2018-07-21 15:52:23'),
(658, 1, 8807, 0.78, 5, 0, 0, 0, '2018-07-21 15:52:24'),
(659, 11, 8799, 3.66, 4, 88, 0, 0, '2018-07-21 15:52:34'),
(660, 11, 1, 0.66, 7, 88, 0, 0, '2018-07-21 15:52:34'),
(661, 1, 8795, 0.12, 10, 0, 8798, 0, '2018-07-21 15:52:34'),
(662, 1, 8808, 2.00, 6, 0, 0, 0, '2018-07-21 15:52:35'),
(663, 8807, 11, 2.78, 3, 89, 0, 0, '2018-07-21 15:52:55'),
(664, 8808, 11, 2.00, 3, 89, 0, 0, '2018-07-21 15:52:59'),
(665, 8799, 4, 5.00, 2, 0, 0, 18, '2018-07-21 15:53:06'),
(666, 8799, 4, 0.05, 11, 0, 0, 18, '2018-07-21 15:53:06'),
(667, 1, 8809, 2.00, 6, 0, 0, 0, '2018-07-21 15:53:06'),
(668, 8809, 11, 2.00, 3, 89, 0, 0, '2018-07-21 15:53:11'),
(669, 8788, 11, 1.99, 3, 89, 0, 0, '2018-07-21 15:53:25'),
(670, 11, 8808, 7.42, 4, 89, 0, 0, '2018-07-21 15:53:29'),
(671, 11, 1, 1.35, 7, 89, 0, 0, '2018-07-21 15:53:29'),
(672, 1, 8800, 0.14, 10, 0, 8807, 0, '2018-07-21 15:53:29'),
(673, 1, 8797, 0.17, 5, 0, 0, 0, '2018-07-21 15:54:02'),
(674, 1, 8810, 2.00, 6, 0, 0, 0, '2018-07-21 15:54:09'),
(675, 1, 8806, 0.14, 5, 0, 0, 0, '2018-07-21 15:54:32'),
(676, 8810, 11, 2.00, 3, 90, 0, 0, '2018-07-21 15:54:33'),
(677, 1, 8811, 2.00, 6, 0, 0, 0, '2018-07-21 15:54:40'),
(678, 8806, 11, 1.13, 3, 90, 0, 0, '2018-07-21 15:54:44'),
(679, 8806, 11, 1.01, 3, 90, 0, 0, '2018-07-21 15:54:50'),
(680, 8811, 11, 1.00, 3, 90, 0, 0, '2018-07-21 15:54:50'),
(681, 8811, 11, 1.00, 3, 90, 0, 0, '2018-07-21 15:54:52'),
(682, 8808, 11, 7.41, 3, 90, 0, 0, '2018-07-21 15:55:04'),
(683, 11, 8806, 11.27, 4, 90, 0, 0, '2018-07-21 15:55:14'),
(684, 11, 1, 2.28, 7, 90, 0, 0, '2018-07-21 15:55:14'),
(685, 8797, 11, 2.21, 3, 91, 0, 0, '2018-07-21 15:55:46'),
(686, 1, 8812, 2.00, 6, 0, 0, 0, '2018-07-21 15:55:49'),
(687, 8806, 11, 1.27, 3, 91, 0, 0, '2018-07-21 15:55:50'),
(688, 1, 8812, 0.42, 5, 0, 0, 0, '2018-07-21 15:56:04'),
(689, 8788, 11, 1.00, 3, 91, 0, 0, '2018-07-21 15:56:15'),
(690, 11, 8788, 3.78, 4, 91, 0, 0, '2018-07-21 15:56:20'),
(691, 11, 1, 0.70, 7, 91, 0, 0, '2018-07-21 15:56:20'),
(692, 1, 8795, 0.11, 10, 0, 8797, 0, '2018-07-21 15:56:20'),
(693, 1, 8799, 0.06, 10, 0, 8806, 0, '2018-07-21 15:56:20'),
(694, 1, 8797, 0.03, 10, 0, 8806, 0, '2018-07-21 15:56:20'),
(695, 1, 8795, 0.01, 10, 0, 8806, 0, '2018-07-21 15:56:20'),
(696, 8812, 11, 2.42, 3, 92, 0, 0, '2018-07-21 15:56:37'),
(697, 1, 8813, 2.00, 6, 0, 0, 0, '2018-07-21 15:56:45'),
(698, 8806, 4, 5.00, 2, 0, 0, 19, '2018-07-21 15:57:09'),
(699, 8806, 4, 0.05, 11, 0, 0, 19, '2018-07-21 15:57:09'),
(700, 1, 8813, 0.35, 5, 0, 0, 0, '2018-07-21 15:57:12'),
(701, 8806, 11, 1.82, 3, 92, 0, 0, '2018-07-21 15:57:29'),
(702, 8813, 11, 2.35, 3, 92, 0, 0, '2018-07-21 15:57:43'),
(703, 8788, 11, 1.78, 3, 92, 0, 0, '2018-07-21 15:57:45'),
(704, 8806, 11, 1.00, 3, 92, 0, 0, '2018-07-21 15:57:47'),
(705, 1, 8800, 1.00, 5, 0, 0, 0, '2018-07-21 15:57:56'),
(706, 11, 8788, 7.85, 4, 92, 0, 0, '2018-07-21 15:57:59'),
(707, 11, 1, 1.52, 7, 92, 0, 0, '2018-07-21 15:57:59'),
(708, 1, 8799, 0.14, 10, 0, 8806, 0, '2018-07-21 15:57:59'),
(709, 1, 8797, 0.06, 10, 0, 8806, 0, '2018-07-21 15:57:59'),
(710, 1, 8795, 0.03, 10, 0, 8806, 0, '2018-07-21 15:57:59'),
(711, 1, 8814, 2.00, 6, 0, 0, 0, '2018-07-21 15:58:13'),
(712, 1, 8815, 2.00, 6, 0, 0, 0, '2018-07-21 15:58:17'),
(713, 1, 8816, 2.00, 6, 0, 0, 0, '2018-07-21 15:58:20'),
(714, 1, 8815, 0.59, 5, 0, 0, 0, '2018-07-21 15:58:26'),
(715, 1, 8814, 0.71, 5, 0, 0, 0, '2018-07-21 15:58:29'),
(716, 8806, 11, 1.13, 3, 93, 0, 0, '2018-07-21 15:58:37'),
(717, 8816, 11, 1.00, 3, 93, 0, 0, '2018-07-21 15:58:42'),
(718, 8816, 11, 1.00, 3, 93, 0, 0, '2018-07-21 15:58:43'),
(719, 8806, 11, 1.00, 3, 93, 0, 0, '2018-07-21 15:58:56'),
(720, 8814, 11, 2.71, 3, 93, 0, 0, '2018-07-21 15:58:57'),
(721, 1, 8817, 2.00, 6, 0, 0, 0, '2018-07-21 15:59:03'),
(722, 8817, 11, 1.00, 3, 93, 0, 0, '2018-07-21 15:59:05'),
(723, 8817, 11, 1.00, 3, 93, 0, 0, '2018-07-21 15:59:05'),
(724, 11, 8817, 7.47, 4, 93, 0, 0, '2018-07-21 15:59:12'),
(725, 11, 1, 1.37, 7, 93, 0, 0, '2018-07-21 15:59:12'),
(726, 1, 8799, 0.11, 10, 0, 8806, 0, '2018-07-21 15:59:12'),
(727, 1, 8797, 0.04, 10, 0, 8806, 0, '2018-07-21 15:59:12'),
(728, 1, 8795, 0.02, 10, 0, 8806, 0, '2018-07-21 15:59:12'),
(729, 1, 8817, 0.60, 5, 0, 0, 0, '2018-07-21 15:59:33'),
(730, 1, 8818, 2.00, 6, 0, 0, 0, '2018-07-21 16:00:19'),
(731, 8817, 11, 2.07, 3, 94, 0, 0, '2018-07-21 16:00:29'),
(732, 8815, 11, 2.59, 3, 94, 0, 0, '2018-07-21 16:00:31'),
(733, 1, 8819, 2.00, 6, 0, 0, 0, '2018-07-21 16:00:48'),
(734, 8819, 11, 1.00, 3, 94, 0, 0, '2018-07-21 16:00:49'),
(735, 8819, 11, 1.00, 3, 94, 0, 0, '2018-07-21 16:00:49'),
(736, 8817, 11, 1.01, 3, 94, 0, 0, '2018-07-21 16:00:58'),
(737, 11, 8815, 6.65, 4, 94, 0, 0, '2018-07-21 16:01:01'),
(738, 11, 1, 1.02, 7, 94, 0, 0, '2018-07-21 16:01:01'),
(739, 1, 8815, 0.10, 10, 0, 8819, 0, '2018-07-21 16:01:01'),
(740, 1, 8799, 0.04, 10, 0, 8819, 0, '2018-07-21 16:01:01'),
(741, 1, 8797, 0.02, 10, 0, 8819, 0, '2018-07-21 16:01:01'),
(742, 1, 8818, 0.92, 5, 0, 0, 0, '2018-07-21 16:01:14'),
(743, 8817, 11, 4.99, 3, 95, 0, 0, '2018-07-21 16:01:16'),
(744, 8815, 11, 1.75, 3, 95, 0, 0, '2018-07-21 16:01:28'),
(745, 1, 8820, 2.00, 6, 0, 0, 0, '2018-07-21 16:01:41'),
(746, 8820, 11, 2.00, 3, 95, 0, 0, '2018-07-21 16:01:55'),
(747, 11, 8815, 7.34, 4, 95, 0, 0, '2018-07-21 16:01:58'),
(748, 11, 1, 1.40, 7, 95, 0, 0, '2018-07-21 16:01:58'),
(749, 8815, 11, 1.00, 3, 96, 0, 0, '2018-07-21 16:02:09'),
(750, 3, 8806, 1.00, 1, 0, 0, 0, '2018-07-21 16:02:49'),
(751, 1, 8821, 2.00, 6, 0, 0, 0, '2018-07-21 16:03:01'),
(752, 8806, 11, 1.00, 3, 96, 0, 0, '2018-07-21 16:03:07'),
(753, 8821, 11, 2.00, 3, 96, 0, 0, '2018-07-21 16:03:13'),
(754, 1, 8822, 2.00, 6, 0, 0, 0, '2018-07-21 16:03:26'),
(755, 8815, 11, 1.00, 3, 96, 0, 0, '2018-07-21 16:03:33'),
(756, 8822, 11, 1.00, 3, 96, 0, 0, '2018-07-21 16:03:33'),
(757, 8822, 11, 1.00, 3, 96, 0, 0, '2018-07-21 16:03:34'),
(758, 1, 8823, 2.00, 6, 0, 0, 0, '2018-07-21 16:03:37'),
(759, 11, 8822, 6.00, 4, 96, 0, 0, '2018-07-21 16:03:37'),
(760, 11, 1, 1.00, 7, 96, 0, 0, '2018-07-21 16:03:37'),
(761, 1, 8799, 0.10, 10, 0, 8815, 0, '2018-07-21 16:03:37'),
(762, 1, 8797, 0.04, 10, 0, 8815, 0, '2018-07-21 16:03:37'),
(763, 1, 8795, 0.02, 10, 0, 8815, 0, '2018-07-21 16:03:37'),
(764, 1, 8799, 0.05, 10, 0, 8806, 0, '2018-07-21 16:03:37'),
(765, 1, 8797, 0.02, 10, 0, 8806, 0, '2018-07-21 16:03:37'),
(766, 1, 8795, 0.01, 10, 0, 8806, 0, '2018-07-21 16:03:37'),
(767, 1, 8795, 0.10, 10, 0, 8821, 0, '2018-07-21 16:03:37'),
(768, 1, 8823, 0.08, 5, 0, 0, 0, '2018-07-21 16:03:57'),
(769, 1, 8824, 2.00, 6, 0, 0, 0, '2018-07-21 16:04:22'),
(770, 3, 8806, 2.00, 1, 0, 0, 0, '2018-07-21 16:04:32'),
(771, 1, 8808, 0.80, 5, 0, 0, 0, '2018-07-21 16:04:34'),
(772, 8824, 11, 1.00, 3, 97, 0, 0, '2018-07-21 16:04:42'),
(773, 8788, 11, 1.00, 3, 97, 0, 0, '2018-07-21 16:04:49'),
(774, 1, 8825, 2.00, 6, 0, 0, 0, '2018-07-21 16:04:59'),
(775, 8825, 11, 1.00, 3, 97, 0, 0, '2018-07-21 16:05:01'),
(776, 8825, 11, 1.00, 3, 97, 0, 0, '2018-07-21 16:05:01'),
(777, 1, 8822, 0.18, 5, 0, 0, 0, '2018-07-21 16:05:09'),
(778, 1, 8825, 0.44, 5, 0, 0, 0, '2018-07-21 16:05:11'),
(779, 8806, 11, 1.00, 3, 97, 0, 0, '2018-07-21 16:05:17'),
(780, 11, 8806, 4.20, 4, 97, 0, 0, '2018-07-21 16:05:19'),
(781, 11, 1, 0.80, 7, 97, 0, 0, '2018-07-21 16:05:19'),
(782, 1, 8800, 0.05, 10, 0, 8824, 0, '2018-07-21 16:05:19'),
(783, 1, 8815, 0.10, 10, 0, 8825, 0, '2018-07-21 16:05:19'),
(784, 1, 8799, 0.04, 10, 0, 8825, 0, '2018-07-21 16:05:19'),
(785, 1, 8797, 0.02, 10, 0, 8825, 0, '2018-07-21 16:05:19'),
(786, 1, 8826, 2.00, 6, 0, 0, 0, '2018-07-21 16:05:27'),
(787, 8824, 11, 1.00, 3, 98, 0, 0, '2018-07-21 16:05:37'),
(788, 8815, 11, 1.44, 3, 98, 0, 0, '2018-07-21 16:05:39'),
(789, 8815, 11, 9.00, 3, 98, 0, 0, '2018-07-21 16:05:41'),
(790, 8788, 11, 4.85, 3, 98, 0, 0, '2018-07-21 16:05:55'),
(791, 8826, 11, 2.00, 3, 98, 0, 0, '2018-07-21 16:05:59'),
(792, 8788, 11, 10.00, 3, 98, 0, 0, '2018-07-21 16:06:04'),
(793, 8822, 11, 2.99, 3, 98, 0, 0, '2018-07-21 16:06:04'),
(794, 8806, 11, 1.20, 3, 98, 0, 0, '2018-07-21 16:06:06'),
(795, 11, 8788, 28.95, 4, 98, 0, 0, '2018-07-21 16:06:09'),
(796, 11, 1, 3.53, 7, 98, 0, 0, '2018-07-21 16:06:09'),
(797, 1, 8800, 0.05, 10, 0, 8824, 0, '2018-07-21 16:06:09'),
(798, 1, 8799, 0.52, 10, 0, 8815, 0, '2018-07-21 16:06:09'),
(799, 1, 8797, 0.21, 10, 0, 8815, 0, '2018-07-21 16:06:09'),
(800, 1, 8795, 0.10, 10, 0, 8815, 0, '2018-07-21 16:06:09'),
(801, 1, 8795, 0.10, 10, 0, 8826, 0, '2018-07-21 16:06:09'),
(802, 1, 8799, 0.06, 10, 0, 8806, 0, '2018-07-21 16:06:09'),
(803, 1, 8797, 0.02, 10, 0, 8806, 0, '2018-07-21 16:06:09'),
(804, 1, 8795, 0.01, 10, 0, 8806, 0, '2018-07-21 16:06:09'),
(805, 1, 8827, 2.00, 6, 0, 0, 0, '2018-07-21 16:06:21'),
(806, 8822, 11, 2.99, 3, 99, 0, 0, '2018-07-21 16:06:23'),
(807, 8788, 11, 1.95, 3, 99, 0, 0, '2018-07-21 16:06:36'),
(808, 1, 8828, 2.00, 6, 0, 0, 0, '2018-07-21 16:06:42'),
(809, 8828, 11, 1.00, 3, 99, 0, 0, '2018-07-21 16:06:43'),
(810, 8828, 11, 1.00, 3, 99, 0, 0, '2018-07-21 16:06:43'),
(811, 1, 8829, 2.00, 6, 0, 0, 0, '2018-07-21 16:06:59'),
(812, 1, 8830, 2.00, 6, 0, 0, 0, '2018-07-21 16:07:03'),
(813, 8829, 11, 2.00, 3, 99, 0, 0, '2018-07-21 16:07:04'),
(814, 8806, 11, 1.00, 3, 99, 0, 0, '2018-07-21 16:07:05'),
(815, 11, 8788, 8.34, 4, 99, 0, 0, '2018-07-21 16:07:06'),
(816, 11, 1, 1.60, 7, 99, 0, 0, '2018-07-21 16:07:06'),
(817, 1, 8815, 0.10, 10, 0, 8828, 0, '2018-07-21 16:07:06'),
(818, 1, 8799, 0.04, 10, 0, 8828, 0, '2018-07-21 16:07:06'),
(819, 1, 8797, 0.02, 10, 0, 8828, 0, '2018-07-21 16:07:06'),
(820, 1, 8795, 0.10, 10, 0, 8829, 0, '2018-07-21 16:07:06'),
(821, 1, 8799, 0.05, 10, 0, 8806, 0, '2018-07-21 16:07:06'),
(822, 1, 8797, 0.02, 10, 0, 8806, 0, '2018-07-21 16:07:06'),
(823, 1, 8795, 0.01, 10, 0, 8806, 0, '2018-07-21 16:07:06'),
(824, 8830, 11, 1.00, 3, 100, 0, 0, '2018-07-21 16:07:20'),
(825, 1, 8824, 0.35, 5, 0, 0, 0, '2018-07-21 16:07:22'),
(826, 8827, 11, 1.00, 3, 100, 0, 0, '2018-07-21 16:07:32'),
(827, 8806, 11, 1.00, 3, 100, 0, 0, '2018-07-21 16:07:35'),
(828, 11, 8827, 2.60, 4, 100, 0, 0, '2018-07-21 16:08:02'),
(829, 11, 1, 0.40, 7, 100, 0, 0, '2018-07-21 16:08:02'),
(830, 1, 8799, 0.05, 10, 0, 8830, 0, '2018-07-21 16:08:02'),
(831, 1, 8797, 0.02, 10, 0, 8830, 0, '2018-07-21 16:08:02'),
(832, 1, 8795, 0.01, 10, 0, 8830, 0, '2018-07-21 16:08:02'),
(833, 1, 8799, 0.05, 10, 0, 8806, 0, '2018-07-21 16:08:02'),
(834, 1, 8797, 0.02, 10, 0, 8806, 0, '2018-07-21 16:08:02'),
(835, 1, 8795, 0.01, 10, 0, 8806, 0, '2018-07-21 16:08:02'),
(836, 8830, 11, 1.00, 3, 101, 0, 0, '2018-07-21 16:08:16'),
(837, 8827, 11, 1.60, 3, 101, 0, 0, '2018-07-21 16:08:23'),
(838, 8806, 11, 1.00, 3, 101, 0, 0, '2018-07-21 16:08:50'),
(839, 11, 8830, 3.08, 4, 101, 0, 0, '2018-07-21 16:08:53'),
(840, 11, 1, 0.52, 7, 101, 0, 0, '2018-07-21 16:08:53'),
(841, 1, 8815, 0.08, 10, 0, 8827, 0, '2018-07-21 16:08:53'),
(842, 1, 8799, 0.03, 10, 0, 8827, 0, '2018-07-21 16:08:53'),
(843, 1, 8797, 0.02, 10, 0, 8827, 0, '2018-07-21 16:08:53'),
(844, 1, 8799, 0.05, 10, 0, 8806, 0, '2018-07-21 16:08:53'),
(845, 1, 8797, 0.02, 10, 0, 8806, 0, '2018-07-21 16:08:53'),
(846, 1, 8795, 0.01, 10, 0, 8806, 0, '2018-07-21 16:08:53'),
(847, 8827, 11, 1.00, 3, 102, 0, 0, '2018-07-21 16:09:12'),
(848, 1, 8831, 2.00, 6, 0, 0, 0, '2018-07-21 16:09:19'),
(849, 1, 8830, 0.32, 5, 0, 0, 0, '2018-07-21 16:09:27'),
(850, 1, 8831, 0.56, 5, 0, 0, 0, '2018-07-21 16:09:27'),
(851, 1, 8832, 2.00, 6, 0, 0, 0, '2018-07-21 16:09:32'),
(852, 1, 8832, 0.07, 5, 0, 0, 0, '2018-07-21 16:09:39'),
(853, 8832, 11, 2.00, 3, 102, 0, 0, '2018-07-21 16:09:42'),
(854, 8831, 11, 2.56, 3, 102, 0, 0, '2018-07-21 16:09:46'),
(855, 8788, 11, 1.34, 3, 102, 0, 0, '2018-07-21 16:10:00'),
(856, 8827, 11, 1.00, 3, 102, 0, 0, '2018-07-21 16:10:02'),
(857, 8806, 11, 1.00, 3, 102, 0, 0, '2018-07-21 16:10:03'),
(858, 1, 8833, 2.00, 6, 0, 0, 0, '2018-07-21 16:10:03'),
(859, 8833, 11, 2.00, 3, 102, 0, 0, '2018-07-21 16:10:05'),
(860, 8830, 11, 3.33, 3, 102, 0, 0, '2018-07-21 16:10:06'),
(861, 11, 8827, 11.78, 4, 102, 0, 0, '2018-07-21 16:10:12'),
(862, 11, 1, 2.45, 7, 102, 0, 0, '2018-07-21 16:10:12'),
(863, 1, 8815, 0.10, 10, 0, 8832, 0, '2018-07-21 16:10:12'),
(864, 1, 8799, 0.04, 10, 0, 8832, 0, '2018-07-21 16:10:12'),
(865, 1, 8797, 0.02, 10, 0, 8832, 0, '2018-07-21 16:10:12'),
(866, 1, 8815, 0.13, 10, 0, 8831, 0, '2018-07-21 16:10:12'),
(867, 1, 8799, 0.05, 10, 0, 8831, 0, '2018-07-21 16:10:12'),
(868, 1, 8797, 0.03, 10, 0, 8831, 0, '2018-07-21 16:10:12'),
(869, 1, 8799, 0.05, 10, 0, 8806, 0, '2018-07-21 16:10:12'),
(870, 1, 8797, 0.02, 10, 0, 8806, 0, '2018-07-21 16:10:12'),
(871, 1, 8795, 0.01, 10, 0, 8806, 0, '2018-07-21 16:10:12'),
(872, 1, 8815, 0.10, 10, 0, 8833, 0, '2018-07-21 16:10:12'),
(873, 1, 8799, 0.04, 10, 0, 8833, 0, '2018-07-21 16:10:12'),
(874, 1, 8797, 0.02, 10, 0, 8833, 0, '2018-07-21 16:10:12'),
(875, 1, 8799, 0.17, 10, 0, 8830, 0, '2018-07-21 16:10:12'),
(876, 1, 8797, 0.07, 10, 0, 8830, 0, '2018-07-21 16:10:12'),
(877, 1, 8795, 0.03, 10, 0, 8830, 0, '2018-07-21 16:10:12'),
(878, 8827, 4, 5.78, 2, 0, 0, 20, '2018-07-21 16:10:40'),
(879, 8827, 4, 0.06, 11, 0, 0, 20, '2018-07-21 16:10:40'),
(880, 1, 8834, 2.00, 6, 0, 0, 0, '2018-07-21 16:10:48'),
(881, 8827, 11, 1.94, 3, 103, 0, 0, '2018-07-21 16:11:03');
INSERT INTO `balance_log` (`id`, `from`, `to`, `sum`, `oper`, `round`, `ref`, `out`, `odate`) VALUES
(882, 1, 8835, 2.00, 6, 0, 0, 0, '2018-07-21 16:11:15'),
(883, 1, 8836, 2.00, 6, 0, 0, 0, '2018-07-21 16:11:16'),
(884, 8836, 11, 1.00, 3, 103, 0, 0, '2018-07-21 16:11:18'),
(885, 8834, 11, 1.00, 3, 103, 0, 0, '2018-07-21 16:11:20'),
(886, 8835, 11, 1.00, 3, 103, 0, 0, '2018-07-21 16:11:21'),
(887, 8836, 11, 1.00, 3, 103, 0, 0, '2018-07-21 16:11:31'),
(888, 8834, 11, 1.00, 3, 103, 0, 0, '2018-07-21 16:11:33'),
(889, 3, 8806, 1.20, 1, 0, 0, 0, '2018-07-21 16:11:45'),
(890, 11, 8834, 5.95, 4, 103, 0, 0, '2018-07-21 16:11:48'),
(891, 11, 1, 0.99, 7, 103, 0, 0, '2018-07-21 16:11:48'),
(892, 1, 8815, 0.10, 10, 0, 8827, 0, '2018-07-21 16:11:48'),
(893, 1, 8799, 0.04, 10, 0, 8827, 0, '2018-07-21 16:11:48'),
(894, 1, 8797, 0.02, 10, 0, 8827, 0, '2018-07-21 16:11:48'),
(895, 1, 8815, 0.10, 10, 0, 8836, 0, '2018-07-21 16:11:48'),
(896, 1, 8799, 0.04, 10, 0, 8836, 0, '2018-07-21 16:11:48'),
(897, 1, 8797, 0.02, 10, 0, 8836, 0, '2018-07-21 16:11:48'),
(898, 1, 8799, 0.05, 10, 0, 8835, 0, '2018-07-21 16:11:48'),
(899, 1, 8797, 0.02, 10, 0, 8835, 0, '2018-07-21 16:11:48'),
(900, 1, 8795, 0.01, 10, 0, 8835, 0, '2018-07-21 16:11:48'),
(901, 8835, 11, 1.00, 3, 104, 0, 0, '2018-07-21 16:12:01'),
(902, 8827, 11, 1.00, 3, 104, 0, 0, '2018-07-21 16:12:03'),
(903, 8834, 11, 1.95, 3, 104, 0, 0, '2018-07-21 16:12:04'),
(904, 8795, 11, 3.19, 3, 104, 0, 0, '2018-07-21 16:12:30'),
(905, 8806, 11, 1.20, 3, 104, 0, 0, '2018-07-21 16:12:30'),
(906, 8827, 11, 3.00, 3, 104, 0, 0, '2018-07-21 16:12:31'),
(907, 11, 8834, 9.46, 4, 104, 0, 0, '2018-07-21 16:12:33'),
(908, 11, 1, 1.88, 7, 104, 0, 0, '2018-07-21 16:12:33'),
(909, 1, 8799, 0.05, 10, 0, 8835, 0, '2018-07-21 16:12:33'),
(910, 1, 8797, 0.02, 10, 0, 8835, 0, '2018-07-21 16:12:33'),
(911, 1, 8795, 0.01, 10, 0, 8835, 0, '2018-07-21 16:12:33'),
(912, 1, 8815, 0.20, 10, 0, 8827, 0, '2018-07-21 16:12:33'),
(913, 1, 8799, 0.08, 10, 0, 8827, 0, '2018-07-21 16:12:33'),
(914, 1, 8797, 0.04, 10, 0, 8827, 0, '2018-07-21 16:12:33'),
(915, 1, 8799, 0.06, 10, 0, 8806, 0, '2018-07-21 16:12:33'),
(916, 1, 8797, 0.02, 10, 0, 8806, 0, '2018-07-21 16:12:33'),
(917, 1, 8795, 0.01, 10, 0, 8806, 0, '2018-07-21 16:12:33'),
(918, 8795, 11, 2.02, 3, 105, 0, 0, '2018-07-21 16:12:54'),
(919, 1, 8837, 2.00, 6, 0, 0, 0, '2018-07-21 16:12:59'),
(920, 1, 8837, 0.18, 5, 0, 0, 0, '2018-07-21 16:13:10'),
(921, 8837, 11, 1.18, 3, 105, 0, 0, '2018-07-21 16:13:14'),
(922, 8834, 11, 1.00, 3, 105, 0, 0, '2018-07-21 16:13:16'),
(923, 1, 8838, 2.00, 6, 0, 0, 0, '2018-07-21 16:13:26'),
(924, 8838, 11, 1.00, 3, 105, 0, 0, '2018-07-21 16:13:34'),
(925, 8838, 11, 1.00, 3, 105, 0, 0, '2018-07-21 16:13:41'),
(926, 1, 8839, 2.00, 6, 0, 0, 0, '2018-07-21 16:13:43'),
(927, 11, 8838, 5.36, 4, 105, 0, 0, '2018-07-21 16:13:44'),
(928, 11, 1, 0.84, 7, 105, 0, 0, '2018-07-21 16:13:44'),
(929, 1, 8815, 0.06, 10, 0, 8837, 0, '2018-07-21 16:13:44'),
(930, 1, 8799, 0.02, 10, 0, 8837, 0, '2018-07-21 16:13:44'),
(931, 1, 8797, 0.01, 10, 0, 8837, 0, '2018-07-21 16:13:44'),
(932, 1, 8815, 0.05, 10, 0, 8834, 0, '2018-07-21 16:13:44'),
(933, 1, 8799, 0.02, 10, 0, 8834, 0, '2018-07-21 16:13:44'),
(934, 1, 8797, 0.01, 10, 0, 8834, 0, '2018-07-21 16:13:44'),
(935, 8834, 11, 2.46, 3, 106, 0, 0, '2018-07-21 16:13:54'),
(936, 8837, 11, 1.00, 3, 106, 0, 0, '2018-07-21 16:14:01'),
(937, 8800, 11, 1.23, 3, 106, 0, 0, '2018-07-21 16:14:08'),
(938, 8800, 11, 1.33, 3, 106, 0, 0, '2018-07-21 16:14:15'),
(939, 8838, 11, 2.36, 3, 106, 0, 0, '2018-07-21 16:14:24'),
(940, 8834, 11, 10.00, 3, 106, 0, 0, '2018-07-21 16:14:28'),
(941, 11, 8834, 17.20, 4, 106, 0, 0, '2018-07-21 16:14:31'),
(942, 11, 1, 1.18, 7, 106, 0, 0, '2018-07-21 16:14:31'),
(943, 1, 8815, 0.05, 10, 0, 8837, 0, '2018-07-21 16:14:31'),
(944, 1, 8799, 0.02, 10, 0, 8837, 0, '2018-07-21 16:14:31'),
(945, 1, 8797, 0.01, 10, 0, 8837, 0, '2018-07-21 16:14:31'),
(946, 1, 8815, 0.12, 10, 0, 8838, 0, '2018-07-21 16:14:31'),
(947, 1, 8799, 0.05, 10, 0, 8838, 0, '2018-07-21 16:14:31'),
(948, 1, 8797, 0.02, 10, 0, 8838, 0, '2018-07-21 16:14:31'),
(949, 8838, 11, 1.00, 3, 107, 0, 0, '2018-07-21 16:14:45'),
(950, 8834, 11, 1.20, 3, 107, 0, 0, '2018-07-21 16:14:51'),
(951, 8788, 12, 14.00, 3, 108, 0, 0, '2018-07-21 16:14:59'),
(952, 8788, 11, 1.00, 3, 107, 0, 0, '2018-07-21 16:15:16'),
(953, 8788, 11, 1.00, 3, 107, 0, 0, '2018-07-21 16:15:16'),
(954, 8788, 11, 1.00, 3, 107, 0, 0, '2018-07-21 16:15:17'),
(955, 8788, 11, 1.00, 3, 107, 0, 0, '2018-07-21 16:15:17'),
(956, 8788, 11, 1.00, 3, 107, 0, 0, '2018-07-21 16:15:17'),
(957, 8788, 11, 1.00, 3, 107, 0, 0, '2018-07-21 16:15:17'),
(958, 8838, 11, 2.00, 3, 107, 0, 0, '2018-07-21 16:15:18'),
(959, 8788, 11, 1.00, 3, 107, 0, 0, '2018-07-21 16:15:18'),
(960, 8788, 11, 1.00, 3, 107, 0, 0, '2018-07-21 16:15:19'),
(961, 8788, 11, 1.00, 3, 107, 0, 0, '2018-07-21 16:15:19'),
(962, 11, 8838, 11.16, 4, 107, 0, 0, '2018-07-21 16:15:21'),
(963, 11, 1, 2.04, 7, 107, 0, 0, '2018-07-21 16:15:21'),
(964, 1, 8815, 0.06, 10, 0, 8834, 0, '2018-07-21 16:15:21'),
(965, 1, 8799, 0.02, 10, 0, 8834, 0, '2018-07-21 16:15:21'),
(966, 1, 8797, 0.01, 10, 0, 8834, 0, '2018-07-21 16:15:21'),
(967, 8838, 11, 1.16, 3, 109, 0, 0, '2018-07-21 16:15:36'),
(968, 8834, 12, 16.00, 3, 108, 0, 0, '2018-07-21 16:15:40'),
(969, 12, 8834, 27.20, 4, 108, 0, 0, '2018-07-21 16:16:10'),
(970, 12, 1, 2.80, 7, 108, 0, 0, '2018-07-21 16:16:10'),
(971, 8834, 11, 1.20, 3, 109, 0, 0, '2018-07-21 16:16:20'),
(972, 8788, 11, 1.00, 3, 109, 0, 0, '2018-07-21 16:16:26'),
(973, 1, 8840, 2.00, 6, 0, 0, 0, '2018-07-21 16:16:28'),
(974, 8834, 4, 5.00, 2, 0, 0, 21, '2018-07-21 16:16:28'),
(975, 8834, 4, 0.05, 11, 0, 0, 21, '2018-07-21 16:16:28'),
(976, 8840, 11, 2.00, 3, 109, 0, 0, '2018-07-21 16:16:32'),
(977, 8834, 11, 1.95, 3, 109, 0, 0, '2018-07-21 16:16:35'),
(978, 8788, 11, 1.00, 3, 109, 0, 0, '2018-07-21 16:16:37'),
(979, 8839, 11, 1.99, 3, 109, 0, 0, '2018-07-21 16:16:42'),
(980, 1, 8841, 2.00, 6, 0, 0, 0, '2018-07-21 16:16:44'),
(981, 8838, 11, 5.00, 3, 109, 0, 0, '2018-07-21 16:16:48'),
(982, 11, 8838, 13.47, 4, 109, 0, 0, '2018-07-21 16:16:50'),
(983, 11, 1, 1.83, 7, 109, 0, 0, '2018-07-21 16:16:50'),
(984, 1, 8815, 0.16, 10, 0, 8834, 0, '2018-07-21 16:16:50'),
(985, 1, 8799, 0.06, 10, 0, 8834, 0, '2018-07-21 16:16:50'),
(986, 1, 8797, 0.03, 10, 0, 8834, 0, '2018-07-21 16:16:50'),
(987, 1, 8815, 0.10, 10, 0, 8840, 0, '2018-07-21 16:16:50'),
(988, 1, 8799, 0.04, 10, 0, 8840, 0, '2018-07-21 16:16:50'),
(989, 1, 8797, 0.02, 10, 0, 8840, 0, '2018-07-21 16:16:50'),
(990, 1, 8795, 0.10, 10, 0, 8839, 0, '2018-07-21 16:16:50'),
(991, 8834, 11, 1.00, 3, 110, 0, 0, '2018-07-21 16:17:16'),
(992, 8788, 11, 1.00, 3, 110, 0, 0, '2018-07-21 16:17:22'),
(993, 8838, 11, 1.47, 3, 110, 0, 0, '2018-07-21 16:17:27'),
(994, 8834, 11, 1.00, 3, 110, 0, 0, '2018-07-21 16:17:42'),
(995, 8834, 11, 1.00, 3, 110, 0, 0, '2018-07-21 16:17:42'),
(996, 8834, 11, 1.00, 3, 110, 0, 0, '2018-07-21 16:17:43'),
(997, 8834, 11, 1.00, 3, 110, 0, 0, '2018-07-21 16:17:43'),
(998, 8834, 11, 1.00, 3, 110, 0, 0, '2018-07-21 16:17:44'),
(999, 8834, 11, 1.00, 3, 110, 0, 0, '2018-07-21 16:17:44'),
(1000, 8834, 11, 1.00, 3, 110, 0, 0, '2018-07-21 16:17:44'),
(1001, 8834, 11, 1.00, 3, 110, 0, 0, '2018-07-21 16:17:45'),
(1002, 8838, 11, 1.53, 3, 110, 0, 0, '2018-07-21 16:17:48'),
(1003, 8834, 11, 10.00, 3, 110, 0, 0, '2018-07-21 16:17:50'),
(1004, 8838, 11, 1.53, 3, 110, 0, 0, '2018-07-21 16:17:50'),
(1005, 11, 8834, 23.42, 4, 110, 0, 0, '2018-07-21 16:17:52'),
(1006, 11, 1, 1.11, 7, 110, 0, 0, '2018-07-21 16:17:52'),
(1007, 1, 8815, 0.23, 10, 0, 8838, 0, '2018-07-21 16:17:52'),
(1008, 1, 8799, 0.09, 10, 0, 8838, 0, '2018-07-21 16:17:52'),
(1009, 1, 8797, 0.05, 10, 0, 8838, 0, '2018-07-21 16:17:52'),
(1010, 8834, 11, 3.42, 3, 111, 0, 0, '2018-07-21 16:18:11'),
(1011, 8788, 11, 1.00, 3, 111, 0, 0, '2018-07-21 16:18:15'),
(1012, 8788, 11, 1.00, 3, 111, 0, 0, '2018-07-21 16:18:16'),
(1013, 8788, 11, 1.00, 3, 111, 0, 0, '2018-07-21 16:18:17'),
(1014, 1, 8842, 2.00, 6, 0, 0, 0, '2018-07-21 16:18:17'),
(1015, 1, 8843, 2.00, 6, 0, 0, 0, '2018-07-21 16:18:23'),
(1016, 8843, 11, 2.00, 3, 111, 0, 0, '2018-07-21 16:18:28'),
(1017, 8788, 11, 10.00, 3, 111, 0, 0, '2018-07-21 16:18:34'),
(1018, 8842, 11, 1.00, 3, 111, 0, 0, '2018-07-21 16:18:35'),
(1019, 8842, 11, 1.00, 3, 111, 0, 0, '2018-07-21 16:18:37'),
(1020, 1, 8844, 2.00, 6, 0, 0, 0, '2018-07-21 16:18:44'),
(1021, 11, 8788, 18.94, 4, 111, 0, 0, '2018-07-21 16:18:45'),
(1022, 11, 1, 1.48, 7, 111, 0, 0, '2018-07-21 16:18:45'),
(1023, 1, 8815, 0.17, 10, 0, 8834, 0, '2018-07-21 16:18:45'),
(1024, 1, 8799, 0.07, 10, 0, 8834, 0, '2018-07-21 16:18:45'),
(1025, 1, 8797, 0.03, 10, 0, 8834, 0, '2018-07-21 16:18:45'),
(1026, 1, 8815, 0.10, 10, 0, 8843, 0, '2018-07-21 16:18:45'),
(1027, 1, 8799, 0.04, 10, 0, 8843, 0, '2018-07-21 16:18:45'),
(1028, 1, 8797, 0.02, 10, 0, 8843, 0, '2018-07-21 16:18:45'),
(1029, 1, 8800, 0.10, 10, 0, 8842, 0, '2018-07-21 16:18:45'),
(1030, 8834, 11, 10.00, 3, 112, 0, 0, '2018-07-21 16:19:05'),
(1031, 8788, 11, 10.00, 3, 112, 0, 0, '2018-07-21 16:19:09'),
(1032, 8788, 11, 10.00, 3, 112, 0, 0, '2018-07-21 16:19:13'),
(1033, 8834, 11, 10.00, 3, 112, 0, 0, '2018-07-21 16:19:28'),
(1034, 8788, 11, 10.00, 3, 112, 0, 0, '2018-07-21 16:19:31'),
(1035, 8788, 11, 10.00, 3, 112, 0, 0, '2018-07-21 16:19:32'),
(1036, 8788, 11, 10.00, 3, 112, 0, 0, '2018-07-21 16:19:36'),
(1037, 8788, 11, 10.00, 3, 112, 0, 0, '2018-07-21 16:19:37'),
(1038, 8788, 11, 10.00, 3, 112, 0, 0, '2018-07-21 16:19:37'),
(1039, 8788, 11, 10.00, 3, 112, 0, 0, '2018-07-21 16:19:37'),
(1040, 8788, 11, 10.00, 3, 112, 0, 0, '2018-07-21 16:19:37'),
(1041, 8788, 11, 10.00, 3, 112, 0, 0, '2018-07-21 16:19:37'),
(1042, 8788, 11, 10.00, 3, 112, 0, 0, '2018-07-21 16:19:37'),
(1043, 8788, 11, 10.00, 3, 112, 0, 0, '2018-07-21 16:19:37'),
(1044, 8788, 11, 10.00, 3, 112, 0, 0, '2018-07-21 16:19:37'),
(1045, 8788, 11, 10.00, 3, 112, 0, 0, '2018-07-21 16:19:38'),
(1046, 8788, 11, 10.00, 3, 112, 0, 0, '2018-07-21 16:19:38'),
(1047, 11, 8788, 166.00, 4, 112, 0, 0, '2018-07-21 16:19:39'),
(1048, 11, 1, 4.00, 7, 112, 0, 0, '2018-07-21 16:19:39'),
(1049, 1, 8815, 1.00, 10, 0, 8834, 0, '2018-07-21 16:19:39'),
(1050, 1, 8799, 0.40, 10, 0, 8834, 0, '2018-07-21 16:19:39'),
(1051, 1, 8797, 0.20, 10, 0, 8834, 0, '2018-07-21 16:19:39'),
(1052, 1, 8845, 2.00, 6, 0, 0, 0, '2018-07-21 16:20:04'),
(1053, 8788, 11, 1.94, 3, 113, 0, 0, '2018-07-21 16:20:05'),
(1054, 1, 8845, 0.78, 5, 0, 0, 0, '2018-07-21 16:20:16'),
(1055, 1, 8846, 2.00, 6, 0, 0, 0, '2018-07-21 16:20:30'),
(1056, 8845, 11, 2.78, 3, 113, 0, 0, '2018-07-21 16:20:31'),
(1057, 8841, 11, 2.00, 3, 113, 0, 0, '2018-07-21 16:20:37'),
(1058, 1, 8847, 2.00, 6, 0, 0, 0, '2018-07-21 16:20:42'),
(1059, 1, 8846, 0.12, 5, 0, 0, 0, '2018-07-21 16:20:44'),
(1060, 8846, 11, 2.12, 3, 113, 0, 0, '2018-07-21 16:20:47'),
(1061, 8847, 11, 1.00, 3, 113, 0, 0, '2018-07-21 16:20:50'),
(1062, 8847, 11, 1.00, 3, 113, 0, 0, '2018-07-21 16:20:51'),
(1063, 1, 8848, 2.00, 6, 0, 0, 0, '2018-07-21 16:20:54'),
(1064, 11, 8841, 9.07, 4, 113, 0, 0, '2018-07-21 16:21:01'),
(1065, 11, 1, 1.77, 7, 113, 0, 0, '2018-07-21 16:21:01'),
(1066, 1, 8815, 0.14, 10, 0, 8845, 0, '2018-07-21 16:21:01'),
(1067, 1, 8799, 0.06, 10, 0, 8845, 0, '2018-07-21 16:21:01'),
(1068, 1, 8797, 0.03, 10, 0, 8845, 0, '2018-07-21 16:21:01'),
(1069, 1, 8815, 0.11, 10, 0, 8846, 0, '2018-07-21 16:21:01'),
(1070, 1, 8799, 0.04, 10, 0, 8846, 0, '2018-07-21 16:21:01'),
(1071, 1, 8797, 0.02, 10, 0, 8846, 0, '2018-07-21 16:21:01'),
(1072, 1, 8808, 0.10, 10, 0, 8847, 0, '2018-07-21 16:21:01'),
(1073, 1, 8849, 2.00, 6, 0, 0, 0, '2018-07-21 16:21:02'),
(1074, 1, 8850, 2.00, 6, 0, 0, 0, '2018-07-21 16:21:06'),
(1075, 8848, 11, 2.00, 3, 114, 0, 0, '2018-07-21 16:21:16'),
(1076, 1, 8851, 2.00, 6, 0, 0, 0, '2018-07-21 16:21:17'),
(1077, 8815, 11, 3.26, 3, 114, 0, 0, '2018-07-21 16:21:18'),
(1078, 8851, 11, 1.00, 3, 114, 0, 0, '2018-07-21 16:21:19'),
(1079, 8849, 11, 2.00, 3, 114, 0, 0, '2018-07-21 16:21:24'),
(1080, 8841, 4, 8.00, 2, 0, 0, 22, '2018-07-21 16:21:30'),
(1081, 8841, 4, 0.08, 11, 0, 0, 22, '2018-07-21 16:21:30'),
(1082, 8850, 11, 1.00, 3, 114, 0, 0, '2018-07-21 16:21:30'),
(1083, 8797, 11, 1.00, 3, 114, 0, 0, '2018-07-21 16:21:31'),
(1084, 8850, 11, 1.00, 3, 114, 0, 0, '2018-07-21 16:21:37'),
(1085, 8851, 11, 1.00, 3, 114, 0, 0, '2018-07-21 16:21:43'),
(1086, 11, 8797, 10.01, 4, 114, 0, 0, '2018-07-21 16:21:48'),
(1087, 11, 1, 2.25, 7, 114, 0, 0, '2018-07-21 16:21:48'),
(1088, 1, 8815, 0.10, 10, 0, 8848, 0, '2018-07-21 16:21:48'),
(1089, 1, 8799, 0.04, 10, 0, 8848, 0, '2018-07-21 16:21:48'),
(1090, 1, 8797, 0.02, 10, 0, 8848, 0, '2018-07-21 16:21:48'),
(1091, 1, 8799, 0.16, 10, 0, 8815, 0, '2018-07-21 16:21:48'),
(1092, 1, 8797, 0.07, 10, 0, 8815, 0, '2018-07-21 16:21:48'),
(1093, 1, 8795, 0.03, 10, 0, 8815, 0, '2018-07-21 16:21:48'),
(1094, 1, 8795, 0.10, 10, 0, 8849, 0, '2018-07-21 16:21:48'),
(1095, 1, 8844, 0.10, 10, 0, 8850, 0, '2018-07-21 16:21:48'),
(1096, 1, 8808, 0.04, 10, 0, 8850, 0, '2018-07-21 16:21:48'),
(1097, 1, 8850, 0.52, 5, 0, 0, 0, '2018-07-21 16:21:59'),
(1098, 1, 8841, 0.56, 5, 0, 0, 0, '2018-07-21 16:22:25'),
(1099, 8841, 11, 1.55, 3, 115, 0, 0, '2018-07-21 16:22:36'),
(1100, 1, 8852, 2.00, 6, 0, 0, 0, '2018-07-21 16:22:40'),
(1101, 1, 8853, 2.00, 6, 0, 0, 0, '2018-07-21 16:23:05'),
(1102, 1, 8853, 0.17, 5, 0, 0, 0, '2018-07-21 16:23:14'),
(1103, 1, 8854, 2.00, 6, 0, 0, 0, '2018-07-21 16:23:16'),
(1104, 8788, 11, 1.00, 3, 115, 0, 0, '2018-07-21 16:23:19'),
(1105, 1, 8852, 0.12, 5, 0, 0, 0, '2018-07-21 16:23:23'),
(1106, 1, 8855, 2.00, 6, 0, 0, 0, '2018-07-21 16:23:43'),
(1107, 11, 8841, 2.35, 4, 115, 0, 0, '2018-07-21 16:23:49'),
(1108, 11, 1, 0.20, 7, 115, 0, 0, '2018-07-21 16:23:49'),
(1109, 1, 8855, 0.91, 5, 0, 0, 0, '2018-07-21 16:24:01'),
(1110, 8854, 11, 1.00, 3, 116, 0, 0, '2018-07-21 16:24:02'),
(1111, 8855, 11, 2.91, 3, 116, 0, 0, '2018-07-21 16:24:05'),
(1112, 8852, 11, 2.12, 3, 116, 0, 0, '2018-07-21 16:24:08'),
(1113, 8841, 11, 1.35, 3, 116, 0, 0, '2018-07-21 16:24:10'),
(1114, 8853, 11, 2.17, 3, 116, 0, 0, '2018-07-21 16:24:11'),
(1115, 8788, 11, 1.00, 3, 116, 0, 0, '2018-07-21 16:24:18'),
(1116, 8854, 11, 1.00, 3, 116, 0, 0, '2018-07-21 16:24:34'),
(1117, 11, 8854, 9.64, 4, 116, 0, 0, '2018-07-21 16:24:35'),
(1118, 11, 1, 1.91, 7, 116, 0, 0, '2018-07-21 16:24:35'),
(1119, 1, 8815, 0.15, 10, 0, 8855, 0, '2018-07-21 16:24:35'),
(1120, 1, 8799, 0.06, 10, 0, 8855, 0, '2018-07-21 16:24:35'),
(1121, 1, 8797, 0.03, 10, 0, 8855, 0, '2018-07-21 16:24:35'),
(1122, 1, 8815, 0.11, 10, 0, 8852, 0, '2018-07-21 16:24:35'),
(1123, 1, 8799, 0.04, 10, 0, 8852, 0, '2018-07-21 16:24:35'),
(1124, 1, 8797, 0.02, 10, 0, 8852, 0, '2018-07-21 16:24:35'),
(1125, 1, 8815, 0.07, 10, 0, 8841, 0, '2018-07-21 16:24:35'),
(1126, 1, 8799, 0.03, 10, 0, 8841, 0, '2018-07-21 16:24:35'),
(1127, 1, 8797, 0.01, 10, 0, 8841, 0, '2018-07-21 16:24:35'),
(1128, 1, 8815, 0.11, 10, 0, 8853, 0, '2018-07-21 16:24:35'),
(1129, 1, 8799, 0.04, 10, 0, 8853, 0, '2018-07-21 16:24:35'),
(1130, 1, 8797, 0.02, 10, 0, 8853, 0, '2018-07-21 16:24:35'),
(1131, 1, 8856, 2.00, 6, 0, 0, 0, '2018-07-21 16:24:42'),
(1132, 8841, 11, 1.00, 3, 117, 0, 0, '2018-07-21 16:24:50'),
(1133, 8854, 11, 1.64, 3, 117, 0, 0, '2018-07-21 16:25:05'),
(1134, 8788, 11, 1.00, 3, 117, 0, 0, '2018-07-21 16:25:19'),
(1135, 8788, 11, 1.07, 3, 117, 0, 0, '2018-07-21 16:25:25'),
(1136, 8854, 11, 1.00, 3, 117, 0, 0, '2018-07-21 16:25:33'),
(1137, 8797, 11, 1.01, 3, 117, 0, 0, '2018-07-21 16:25:34'),
(1138, 11, 8788, 5.79, 4, 117, 0, 0, '2018-07-21 16:25:35'),
(1139, 11, 1, 0.93, 7, 117, 0, 0, '2018-07-21 16:25:35'),
(1140, 1, 8815, 0.05, 10, 0, 8841, 0, '2018-07-21 16:25:35'),
(1141, 1, 8799, 0.02, 10, 0, 8841, 0, '2018-07-21 16:25:35'),
(1142, 1, 8797, 0.01, 10, 0, 8841, 0, '2018-07-21 16:25:35'),
(1143, 1, 8815, 0.13, 10, 0, 8854, 0, '2018-07-21 16:25:35'),
(1144, 1, 8799, 0.05, 10, 0, 8854, 0, '2018-07-21 16:25:35'),
(1145, 1, 8797, 0.03, 10, 0, 8854, 0, '2018-07-21 16:25:35'),
(1146, 1, 8795, 0.05, 10, 0, 8797, 0, '2018-07-21 16:25:35'),
(1147, 1, 8856, 0.01, 5, 0, 0, 0, '2018-07-21 16:25:39'),
(1148, 8854, 11, 1.00, 3, 118, 0, 0, '2018-07-21 16:25:48'),
(1149, 1, 8857, 2.00, 6, 0, 0, 0, '2018-07-21 16:25:56'),
(1150, 1, 8844, 0.38, 5, 0, 0, 0, '2018-07-21 16:26:17'),
(1151, 8856, 11, 1.00, 3, 118, 0, 0, '2018-07-21 16:26:20'),
(1152, 8856, 11, 1.00, 3, 118, 0, 0, '2018-07-21 16:26:20'),
(1153, 1, 8858, 2.00, 6, 0, 0, 0, '2018-07-21 16:26:24'),
(1154, 1, 8857, 0.48, 5, 0, 0, 0, '2018-07-21 16:26:34'),
(1155, 8858, 11, 1.00, 3, 118, 0, 0, '2018-07-21 16:26:38'),
(1156, 8857, 11, 2.47, 3, 118, 0, 0, '2018-07-21 16:26:48'),
(1157, 8858, 11, 1.00, 3, 118, 0, 0, '2018-07-21 16:26:49'),
(1158, 8854, 11, 1.50, 3, 118, 0, 0, '2018-07-21 16:26:49'),
(1159, 8797, 11, 1.43, 3, 118, 0, 0, '2018-07-21 16:26:49'),
(1160, 1, 8859, 2.00, 6, 0, 0, 0, '2018-07-21 16:26:50'),
(1161, 11, 8857, 8.81, 4, 118, 0, 0, '2018-07-21 16:26:50'),
(1162, 11, 1, 1.59, 7, 118, 0, 0, '2018-07-21 16:26:50'),
(1163, 1, 8815, 0.13, 10, 0, 8854, 0, '2018-07-21 16:26:50'),
(1164, 1, 8799, 0.05, 10, 0, 8854, 0, '2018-07-21 16:26:50'),
(1165, 1, 8797, 0.03, 10, 0, 8854, 0, '2018-07-21 16:26:50'),
(1166, 1, 8808, 0.10, 10, 0, 8856, 0, '2018-07-21 16:26:50'),
(1167, 1, 8795, 0.10, 10, 0, 8858, 0, '2018-07-21 16:26:50'),
(1168, 1, 8795, 0.07, 10, 0, 8797, 0, '2018-07-21 16:26:50'),
(1169, 8854, 11, 2.50, 3, 119, 0, 0, '2018-07-21 16:27:07'),
(1170, 8859, 11, 1.00, 3, 119, 0, 0, '2018-07-21 16:27:16'),
(1171, 8859, 11, 1.00, 3, 119, 0, 0, '2018-07-21 16:27:16'),
(1172, 1, 8860, 2.00, 6, 0, 0, 0, '2018-07-21 16:27:17'),
(1173, 8854, 11, 1.00, 3, 119, 0, 0, '2018-07-21 16:27:20'),
(1174, 1, 8861, 2.00, 6, 0, 0, 0, '2018-07-21 16:27:29'),
(1175, 8861, 11, 1.00, 3, 119, 0, 0, '2018-07-21 16:27:36'),
(1176, 8860, 11, 2.00, 3, 119, 0, 0, '2018-07-21 16:27:39'),
(1177, 8861, 11, 1.00, 3, 119, 0, 0, '2018-07-21 16:27:42'),
(1178, 8804, 11, 2.83, 3, 119, 0, 0, '2018-07-21 16:27:44'),
(1179, 11, 8860, 10.26, 4, 119, 0, 0, '2018-07-21 16:27:46'),
(1180, 11, 1, 2.07, 7, 119, 0, 0, '2018-07-21 16:27:46'),
(1181, 1, 8815, 0.18, 10, 0, 8854, 0, '2018-07-21 16:27:46'),
(1182, 1, 8799, 0.07, 10, 0, 8854, 0, '2018-07-21 16:27:46'),
(1183, 1, 8797, 0.04, 10, 0, 8854, 0, '2018-07-21 16:27:46'),
(1184, 1, 8808, 0.10, 10, 0, 8859, 0, '2018-07-21 16:27:46'),
(1185, 1, 8808, 0.10, 10, 0, 8861, 0, '2018-07-21 16:27:46'),
(1186, 8860, 11, 2.00, 3, 120, 0, 0, '2018-07-21 16:28:02'),
(1187, 8857, 4, 7.00, 2, 0, 0, 23, '2018-07-21 16:28:02'),
(1188, 8857, 4, 0.07, 11, 0, 0, 23, '2018-07-21 16:28:02'),
(1189, 8815, 11, 1.00, 3, 120, 0, 0, '2018-07-21 16:28:06'),
(1190, 1, 8862, 2.00, 6, 0, 0, 0, '2018-07-21 16:28:15'),
(1191, 8860, 11, 8.26, 3, 120, 0, 0, '2018-07-21 16:28:19'),
(1192, 1, 8863, 2.00, 6, 0, 0, 0, '2018-07-21 16:28:21'),
(1193, 8797, 11, 4.56, 3, 120, 0, 0, '2018-07-21 16:28:21'),
(1194, 8862, 11, 1.00, 3, 120, 0, 0, '2018-07-21 16:28:21'),
(1195, 11, 8860, 15.51, 4, 120, 0, 0, '2018-07-21 16:28:36'),
(1196, 11, 1, 1.31, 7, 120, 0, 0, '2018-07-21 16:28:36'),
(1197, 1, 8799, 0.05, 10, 0, 8815, 0, '2018-07-21 16:28:36'),
(1198, 1, 8797, 0.02, 10, 0, 8815, 0, '2018-07-21 16:28:36'),
(1199, 1, 8795, 0.01, 10, 0, 8815, 0, '2018-07-21 16:28:36'),
(1200, 1, 8795, 0.23, 10, 0, 8797, 0, '2018-07-21 16:28:36'),
(1201, 1, 8799, 0.05, 10, 0, 8862, 0, '2018-07-21 16:28:36'),
(1202, 1, 8797, 0.02, 10, 0, 8862, 0, '2018-07-21 16:28:36'),
(1203, 1, 8795, 0.01, 10, 0, 8862, 0, '2018-07-21 16:28:36'),
(1204, 8863, 11, 1.00, 3, 121, 0, 0, '2018-07-21 16:28:49'),
(1205, 8863, 11, 1.00, 3, 121, 0, 0, '2018-07-21 16:28:50'),
(1206, 1, 8864, 2.00, 6, 0, 0, 0, '2018-07-21 16:28:59'),
(1207, 8864, 11, 1.00, 3, 121, 0, 0, '2018-07-21 16:29:05'),
(1208, 8864, 11, 1.00, 3, 121, 0, 0, '2018-07-21 16:29:05'),
(1209, 1, 8862, 0.52, 5, 0, 0, 0, '2018-07-21 16:29:22'),
(1210, 1, 8865, 2.00, 6, 0, 0, 0, '2018-07-21 16:29:22'),
(1211, 1, 8866, 2.00, 6, 0, 0, 0, '2018-07-21 16:29:28'),
(1212, 1, 8865, 0.19, 5, 0, 0, 0, '2018-07-21 16:29:33'),
(1213, 8862, 11, 1.52, 3, 121, 0, 0, '2018-07-21 16:29:33'),
(1214, 8857, 11, 1.74, 3, 121, 0, 0, '2018-07-21 16:29:33'),
(1215, 11, 8864, 6.21, 4, 121, 0, 0, '2018-07-21 16:29:35'),
(1216, 11, 1, 1.05, 7, 121, 0, 0, '2018-07-21 16:29:35'),
(1217, 1, 8808, 0.10, 10, 0, 8863, 0, '2018-07-21 16:29:35'),
(1218, 1, 8799, 0.08, 10, 0, 8862, 0, '2018-07-21 16:29:35'),
(1219, 1, 8797, 0.03, 10, 0, 8862, 0, '2018-07-21 16:29:35'),
(1220, 1, 8795, 0.02, 10, 0, 8862, 0, '2018-07-21 16:29:35'),
(1221, 1, 8800, 0.09, 10, 0, 8857, 0, '2018-07-21 16:29:35'),
(1222, 8860, 4, 5.00, 2, 0, 0, 24, '2018-07-21 16:29:39'),
(1223, 8860, 4, 0.05, 11, 0, 0, 24, '2018-07-21 16:29:39'),
(1224, 8860, 4, 5.00, 2, 0, 0, 25, '2018-07-21 16:29:42'),
(1225, 8860, 4, 0.05, 11, 0, 0, 25, '2018-07-21 16:29:42'),
(1226, 8860, 4, 5.00, 2, 0, 0, 26, '2018-07-21 16:29:51'),
(1227, 8860, 4, 0.05, 11, 0, 0, 26, '2018-07-21 16:29:51'),
(1228, 8797, 11, 1.00, 3, 122, 0, 0, '2018-07-21 16:29:56'),
(1229, 1, 8867, 2.00, 6, 0, 0, 0, '2018-07-21 16:29:58'),
(1230, 8866, 11, 2.00, 3, 122, 0, 0, '2018-07-21 16:30:04'),
(1231, 1, 8868, 2.00, 6, 0, 0, 0, '2018-07-21 16:30:05'),
(1232, 1, 8867, 0.96, 5, 0, 0, 0, '2018-07-21 16:30:10'),
(1233, 8867, 11, 2.96, 3, 122, 0, 0, '2018-07-21 16:30:12'),
(1234, 8865, 11, 2.19, 3, 122, 0, 0, '2018-07-21 16:30:14'),
(1235, 1, 8869, 2.00, 6, 0, 0, 0, '2018-07-21 16:30:17'),
(1236, 8864, 11, 6.21, 3, 122, 0, 0, '2018-07-21 16:30:21'),
(1237, 8869, 11, 1.00, 3, 122, 0, 0, '2018-07-21 16:30:21'),
(1238, 8869, 11, 1.00, 3, 122, 0, 0, '2018-07-21 16:30:22'),
(1239, 1, 8868, 0.99, 5, 0, 0, 0, '2018-07-21 16:30:24'),
(1240, 8788, 11, 1.00, 3, 122, 0, 0, '2018-07-21 16:30:31'),
(1241, 11, 8864, 15.13, 4, 122, 0, 0, '2018-07-21 16:30:34'),
(1242, 11, 1, 2.23, 7, 122, 0, 0, '2018-07-21 16:30:34'),
(1243, 1, 8795, 0.05, 10, 0, 8797, 0, '2018-07-21 16:30:34'),
(1244, 1, 8808, 0.10, 10, 0, 8866, 0, '2018-07-21 16:30:34'),
(1245, 1, 8815, 0.15, 10, 0, 8867, 0, '2018-07-21 16:30:34'),
(1246, 1, 8799, 0.06, 10, 0, 8867, 0, '2018-07-21 16:30:34'),
(1247, 1, 8797, 0.03, 10, 0, 8867, 0, '2018-07-21 16:30:34'),
(1248, 1, 8815, 0.11, 10, 0, 8865, 0, '2018-07-21 16:30:34'),
(1249, 1, 8799, 0.04, 10, 0, 8865, 0, '2018-07-21 16:30:34'),
(1250, 1, 8797, 0.02, 10, 0, 8865, 0, '2018-07-21 16:30:34'),
(1251, 1, 8799, 0.10, 10, 0, 8869, 0, '2018-07-21 16:30:34'),
(1252, 1, 8797, 0.04, 10, 0, 8869, 0, '2018-07-21 16:30:34'),
(1253, 1, 8795, 0.02, 10, 0, 8869, 0, '2018-07-21 16:30:34'),
(1254, 8797, 11, 1.00, 3, 123, 0, 0, '2018-07-21 16:30:45'),
(1255, 8797, 11, 1.00, 3, 123, 0, 0, '2018-07-21 16:30:45'),
(1256, 3, 8860, 15.00, 1, 0, 0, 0, '2018-07-21 16:30:57'),
(1257, 8860, 11, 5.00, 3, 123, 0, 0, '2018-07-21 16:31:11'),
(1258, 8860, 11, 5.00, 3, 123, 0, 0, '2018-07-21 16:31:12'),
(1259, 11, 8860, 11.60, 4, 123, 0, 0, '2018-07-21 16:31:41'),
(1260, 11, 1, 0.40, 7, 123, 0, 0, '2018-07-21 16:31:41'),
(1261, 1, 8795, 0.10, 10, 0, 8797, 0, '2018-07-21 16:31:41'),
(1262, 8864, 4, 14.80, 2, 0, 0, 27, '2018-07-21 16:31:50'),
(1263, 8864, 4, 0.15, 11, 0, 0, 27, '2018-07-21 16:31:50'),
(1264, 1, 8860, 0.25, 5, 0, 0, 0, '2018-07-21 16:31:59'),
(1265, 8860, 11, 1.00, 3, 124, 0, 0, '2018-07-21 16:32:15'),
(1266, 8788, 11, 1.00, 3, 124, 0, 0, '2018-07-21 16:32:37'),
(1267, 8868, 11, 2.99, 3, 124, 0, 0, '2018-07-21 16:33:06'),
(1268, 8860, 11, 1.00, 3, 124, 0, 0, '2018-07-21 16:33:06'),
(1269, 11, 8860, 5.19, 4, 124, 0, 0, '2018-07-21 16:33:07'),
(1270, 11, 1, 0.80, 7, 124, 0, 0, '2018-07-21 16:33:07'),
(1271, 1, 8804, 0.15, 10, 0, 8868, 0, '2018-07-21 16:33:07'),
(1272, 8860, 11, 1.00, 3, 125, 0, 0, '2018-07-21 16:33:38'),
(1273, 8844, 11, 2.48, 3, 125, 0, 0, '2018-07-21 16:34:22'),
(1274, 8860, 11, 2.00, 3, 125, 0, 0, '2018-07-21 16:34:31'),
(1275, 8788, 11, 1.00, 3, 125, 0, 0, '2018-07-21 16:34:46'),
(1276, 8860, 11, 2.40, 3, 125, 0, 0, '2018-07-21 16:34:49'),
(1277, 8788, 11, 1.72, 3, 125, 0, 0, '2018-07-21 16:34:50'),
(1278, 11, 8860, 9.56, 4, 125, 0, 0, '2018-07-21 16:34:52'),
(1279, 11, 1, 1.04, 7, 125, 0, 0, '2018-07-21 16:34:52'),
(1280, 1, 8808, 0.12, 10, 0, 8844, 0, '2018-07-21 16:34:52'),
(1281, 8860, 11, 1.00, 3, 126, 0, 0, '2018-07-21 16:36:18'),
(1282, 8788, 11, 1.00, 3, 126, 0, 0, '2018-07-21 16:36:21'),
(1283, 8788, 11, 1.00, 3, 126, 0, 0, '2018-07-21 16:36:21'),
(1284, 8788, 11, 1.00, 3, 126, 0, 0, '2018-07-21 16:36:21'),
(1285, 8788, 11, 1.00, 3, 126, 0, 0, '2018-07-21 16:36:21'),
(1286, 8788, 11, 1.00, 3, 126, 0, 0, '2018-07-21 16:36:21'),
(1287, 8788, 11, 1.00, 3, 126, 0, 0, '2018-07-21 16:36:21'),
(1288, 8788, 11, 1.00, 3, 126, 0, 0, '2018-07-21 16:36:22'),
(1289, 8788, 11, 1.00, 3, 126, 0, 0, '2018-07-21 16:36:22'),
(1290, 8788, 11, 1.00, 3, 126, 0, 0, '2018-07-21 16:36:22'),
(1291, 8788, 11, 1.00, 3, 126, 0, 0, '2018-07-21 16:36:22'),
(1292, 8860, 11, 10.00, 3, 126, 0, 0, '2018-07-21 16:36:26'),
(1293, 8860, 11, 10.00, 3, 126, 0, 0, '2018-07-21 16:36:27'),
(1294, 8860, 11, 3.56, 3, 126, 0, 0, '2018-07-21 16:36:28'),
(1295, 8788, 11, 10.00, 3, 126, 0, 0, '2018-07-21 16:36:30'),
(1296, 8788, 11, 10.00, 3, 126, 0, 0, '2018-07-21 16:36:32'),
(1297, 8788, 11, 10.00, 3, 126, 0, 0, '2018-07-21 16:36:45'),
(1298, 8788, 11, 10.00, 3, 126, 0, 0, '2018-07-21 16:36:47'),
(1299, 8788, 11, 10.00, 3, 126, 0, 0, '2018-07-21 16:36:48'),
(1300, 8788, 11, 10.00, 3, 126, 0, 0, '2018-07-21 16:36:48'),
(1301, 8788, 11, 10.00, 3, 126, 0, 0, '2018-07-21 16:36:48'),
(1302, 8788, 11, 10.00, 3, 126, 0, 0, '2018-07-21 16:36:48'),
(1303, 8788, 11, 10.00, 3, 126, 0, 0, '2018-07-21 16:36:48'),
(1304, 8788, 11, 10.00, 3, 126, 0, 0, '2018-07-21 16:36:48'),
(1305, 8788, 11, 10.00, 3, 126, 0, 0, '2018-07-21 16:36:48'),
(1306, 8788, 11, 10.00, 3, 126, 0, 0, '2018-07-21 16:36:48'),
(1307, 8788, 11, 10.00, 3, 126, 0, 0, '2018-07-21 16:36:48'),
(1308, 8788, 11, 10.00, 3, 126, 0, 0, '2018-07-21 16:36:48'),
(1309, 8788, 11, 10.00, 3, 126, 0, 0, '2018-07-21 16:36:48'),
(1310, 8788, 11, 10.00, 3, 126, 0, 0, '2018-07-21 16:36:48'),
(1311, 8788, 11, 10.00, 3, 126, 0, 0, '2018-07-21 16:36:48'),
(1312, 8788, 11, 10.00, 3, 126, 0, 0, '2018-07-21 16:36:48'),
(1313, 8788, 11, 10.00, 3, 126, 0, 0, '2018-07-21 16:36:48'),
(1314, 11, 8860, 184.56, 4, 126, 0, 0, '2018-07-21 16:36:51'),
(1315, 11, 1, 40.00, 7, 126, 0, 0, '2018-07-21 16:36:51'),
(1316, 8808, 11, 1.57, 3, 127, 0, 0, '2018-07-21 16:39:40'),
(1317, 11, 8808, 1.57, 8, 127, 0, 0, '2018-07-21 16:41:48'),
(1318, 8808, 11, 1.57, 3, 128, 0, 0, '2018-07-21 16:43:32'),
(1319, 8823, 11, 1.00, 3, 128, 0, 0, '2018-07-21 16:43:59'),
(1320, 8823, 11, 1.00, 3, 128, 0, 0, '2018-07-21 16:44:27'),
(1321, 11, 8808, 3.17, 4, 128, 0, 0, '2018-07-21 16:44:29'),
(1322, 11, 1, 0.40, 7, 128, 0, 0, '2018-07-21 16:44:29'),
(1323, 1, 8815, 0.10, 10, 0, 8823, 0, '2018-07-21 16:44:29'),
(1324, 1, 8799, 0.04, 10, 0, 8823, 0, '2018-07-21 16:44:29'),
(1325, 1, 8797, 0.02, 10, 0, 8823, 0, '2018-07-21 16:44:29'),
(1326, 8808, 11, 3.17, 3, 129, 0, 0, '2018-07-21 16:48:57'),
(1327, 11, 8808, 3.17, 8, 129, 0, 0, '2018-07-21 16:51:05'),
(1328, 8808, 11, 3.10, 3, 130, 0, 0, '2018-07-21 16:57:39'),
(1329, 11, 8808, 3.10, 8, 130, 0, 0, '2018-07-21 16:59:47'),
(1330, 8808, 11, 3.17, 3, 131, 0, 0, '2018-07-21 17:00:41'),
(1331, 11, 8808, 3.17, 8, 131, 0, 0, '2018-07-21 17:02:50'),
(1332, 8788, 11, 1.00, 3, 132, 0, 0, '2018-07-22 17:07:36'),
(1333, 1, 8788, 0.02, 5, 0, 0, 0, '2018-07-22 17:08:09'),
(1334, 11, 8788, 1.00, 8, 132, 0, 0, '2018-07-22 17:09:45'),
(1335, 1, 8870, 2.00, 6, 0, 0, 0, '2018-07-22 17:38:29'),
(1336, 1, 8870, 0.85, 5, 0, 0, 0, '2018-07-22 17:40:01'),
(1337, 1, 8871, 2.00, 6, 0, 0, 0, '2018-07-22 17:40:50'),
(1338, 8788, 11, 1.00, 3, 133, 0, 0, '2018-07-22 17:41:00'),
(1339, 8870, 11, 1.00, 3, 133, 0, 0, '2018-07-22 17:41:05'),
(1340, 8871, 11, 1.00, 3, 133, 0, 0, '2018-07-22 17:41:13'),
(1341, 8871, 11, 1.00, 3, 133, 0, 0, '2018-07-22 17:41:34'),
(1342, 11, 8871, 3.60, 4, 133, 0, 0, '2018-07-22 17:41:35'),
(1343, 11, 1, 0.40, 7, 133, 0, 0, '2018-07-22 17:41:35'),
(1344, 8788, 11, 1.02, 3, 134, 0, 0, '2018-07-22 17:41:55'),
(1345, 8871, 11, 1.11, 3, 134, 0, 0, '2018-07-22 17:42:19'),
(1346, 8871, 11, 2.00, 3, 134, 0, 0, '2018-07-22 17:42:47'),
(1347, 11, 8871, 3.93, 4, 134, 0, 0, '2018-07-22 17:42:49'),
(1348, 11, 1, 0.20, 7, 134, 0, 0, '2018-07-22 17:42:49'),
(1349, 8871, 11, 1.00, 3, 135, 0, 0, '2018-07-22 17:43:41'),
(1350, 8788, 11, 1.00, 3, 135, 0, 0, '2018-07-22 17:43:46'),
(1351, 8871, 11, 1.20, 3, 135, 0, 0, '2018-07-22 17:44:14'),
(1352, 11, 8871, 3.00, 4, 135, 0, 0, '2018-07-22 17:44:16'),
(1353, 11, 1, 0.20, 7, 135, 0, 0, '2018-07-22 17:44:16'),
(1354, 8871, 11, 1.20, 3, 136, 0, 0, '2018-07-22 17:44:58'),
(1355, 8788, 11, 1.00, 3, 136, 0, 0, '2018-07-22 17:45:13'),
(1356, 8871, 11, 2.00, 3, 136, 0, 0, '2018-07-22 17:45:41'),
(1357, 11, 8788, 3.56, 4, 136, 0, 0, '2018-07-22 17:45:43'),
(1358, 11, 1, 0.64, 7, 136, 0, 0, '2018-07-22 17:45:43'),
(1359, 1, 8795, 0.16, 10, 0, 8871, 0, '2018-07-22 17:45:43'),
(1360, 8871, 11, 1.00, 3, 137, 0, 0, '2018-07-22 17:45:59'),
(1361, 8795, 11, 1.05, 3, 137, 0, 0, '2018-07-22 17:46:33'),
(1362, 8871, 11, 1.00, 3, 137, 0, 0, '2018-07-22 17:47:02'),
(1363, 11, 8871, 2.84, 4, 137, 0, 0, '2018-07-22 17:47:03'),
(1364, 11, 1, 0.21, 7, 137, 0, 0, '2018-07-22 17:47:03'),
(1365, 8871, 11, 1.00, 3, 138, 0, 0, '2018-07-22 17:47:28'),
(1366, 8788, 11, 1.56, 3, 138, 0, 0, '2018-07-22 17:47:47'),
(1367, 11, 8788, 2.36, 4, 138, 0, 0, '2018-07-22 17:48:17'),
(1368, 11, 1, 0.20, 7, 138, 0, 0, '2018-07-22 17:48:17'),
(1369, 1, 8795, 0.05, 10, 0, 8871, 0, '2018-07-22 17:48:17'),
(1370, 8871, 11, 1.00, 3, 139, 0, 0, '2018-07-22 17:48:32'),
(1371, 8788, 11, 1.36, 3, 139, 0, 0, '2018-07-22 17:48:41'),
(1372, 11, 8788, 2.16, 4, 139, 0, 0, '2018-07-22 17:49:11'),
(1373, 11, 1, 0.20, 7, 139, 0, 0, '2018-07-22 17:49:11'),
(1374, 1, 8795, 0.05, 10, 0, 8871, 0, '2018-07-22 17:49:11'),
(1375, 8870, 11, 1.00, 3, 140, 0, 0, '2018-07-22 17:49:55'),
(1376, 8788, 11, 1.16, 3, 140, 0, 0, '2018-07-22 17:50:27'),
(1377, 11, 8788, 1.96, 4, 140, 0, 0, '2018-07-22 17:50:57'),
(1378, 11, 1, 0.20, 7, 140, 0, 0, '2018-07-22 17:50:57'),
(1379, 8870, 4, 5.00, 2, 0, 0, 28, '2018-07-22 17:58:14'),
(1380, 8870, 4, 0.05, 11, 0, 0, 28, '2018-07-22 17:58:14'),
(1381, 1, 8872, 2.00, 6, 0, 0, 0, '2018-07-24 01:27:28'),
(1382, 8872, 11, 2.00, 3, 141, 0, 0, '2018-07-24 01:27:40'),
(1383, 11, 8872, 2.00, 8, 141, 0, 0, '2018-07-24 01:29:48'),
(1384, 8872, 11, 2.00, 3, 142, 0, 0, '2018-07-24 01:34:03'),
(1385, 11, 8872, 2.00, 8, 142, 0, 0, '2018-07-24 01:36:11'),
(1386, 1, 8873, 2.00, 6, 0, 0, 0, '2018-07-24 02:02:05'),
(1387, 8873, 11, 1.00, 3, 143, 0, 0, '2018-07-24 02:02:19'),
(1388, 1, 8874, 2.00, 6, 0, 0, 0, '2018-07-24 02:03:33'),
(1389, 8874, 11, 1.00, 3, 143, 0, 0, '2018-07-24 02:03:39'),
(1390, 11, 8874, 1.80, 4, 143, 0, 0, '2018-07-24 02:04:09'),
(1391, 11, 1, 0.20, 7, 143, 0, 0, '2018-07-24 02:04:09'),
(1392, 1, 8862, 0.80, 5, 0, 0, 0, '2018-07-24 03:06:11'),
(1393, 1, 8875, 2.00, 6, 0, 0, 0, '2018-07-24 06:26:36'),
(1394, 1, 8875, 0.78, 5, 0, 0, 0, '2018-07-24 06:26:49'),
(1395, 8875, 11, 1.11, 3, 144, 0, 0, '2018-07-24 06:27:07'),
(1396, 11, 8875, 1.11, 8, 144, 0, 0, '2018-07-24 06:29:15'),
(1397, 1, 8799, 0.71, 5, 0, 0, 0, '2018-07-24 06:53:25'),
(1398, 8875, 11, 1.11, 3, 145, 0, 0, '2018-07-24 06:54:30'),
(1399, 11, 8875, 1.11, 8, 145, 0, 0, '2018-07-24 06:56:39'),
(1400, 1, 8876, 2.00, 6, 0, 0, 0, '2018-07-24 07:01:30'),
(1401, 8876, 11, 1.00, 3, 146, 0, 0, '2018-07-24 07:01:44'),
(1402, 8876, 11, 1.00, 3, 146, 0, 0, '2018-07-24 07:01:45'),
(1403, 1, 8877, 2.00, 6, 0, 0, 0, '2018-07-24 07:02:35'),
(1404, 8877, 11, 1.00, 3, 146, 0, 0, '2018-07-24 07:02:38'),
(1405, 8877, 11, 1.00, 3, 146, 0, 0, '2018-07-24 07:02:39'),
(1406, 11, 8876, 3.60, 4, 146, 0, 0, '2018-07-24 07:03:08'),
(1407, 11, 1, 0.40, 7, 146, 0, 0, '2018-07-24 07:03:08'),
(1408, 1, 8875, 0.10, 10, 0, 8877, 0, '2018-07-24 07:03:08'),
(1409, 8876, 11, 1.00, 3, 147, 0, 0, '2018-07-24 07:03:51'),
(1410, 8876, 11, 1.00, 3, 147, 0, 0, '2018-07-24 07:03:51'),
(1411, 8876, 11, 1.60, 3, 147, 0, 0, '2018-07-24 07:03:58'),
(1412, 8875, 11, 1.11, 3, 147, 0, 0, '2018-07-24 07:04:41'),
(1413, 8875, 11, 1.77, 3, 147, 0, 0, '2018-07-24 07:05:07'),
(1414, 11, 8876, 5.90, 4, 147, 0, 0, '2018-07-24 07:05:11'),
(1415, 11, 1, 0.58, 7, 147, 0, 0, '2018-07-24 07:05:11'),
(1416, 1, 8878, 2.00, 6, 0, 0, 0, '2018-07-24 07:15:38'),
(1417, 1, 8878, 0.14, 5, 0, 0, 0, '2018-07-24 07:15:50'),
(1418, 8878, 11, 2.14, 3, 148, 0, 0, '2018-07-24 07:15:56'),
(1419, 11, 8878, 2.14, 8, 148, 0, 0, '2018-07-24 07:18:04'),
(1420, 8878, 11, 2.14, 3, 149, 0, 0, '2018-07-24 07:19:35'),
(1421, 11, 8878, 2.14, 8, 149, 0, 0, '2018-07-24 07:21:43'),
(1422, 8878, 11, 2.14, 3, 150, 0, 0, '2018-07-24 07:25:20'),
(1423, 11, 8878, 2.14, 8, 150, 0, 0, '2018-07-24 07:27:28'),
(1424, 8878, 11, 2.14, 3, 151, 0, 0, '2018-07-24 07:35:08'),
(1425, 11, 8878, 2.14, 8, 151, 0, 0, '2018-07-24 07:37:16'),
(1426, 8876, 11, 1.00, 3, 152, 0, 0, '2018-07-24 08:03:09'),
(1427, 8876, 11, 1.00, 3, 152, 0, 0, '2018-07-24 08:03:09'),
(1428, 8876, 11, 1.00, 3, 152, 0, 0, '2018-07-24 08:03:10'),
(1429, 8876, 11, 1.00, 3, 152, 0, 0, '2018-07-24 08:03:11'),
(1430, 8876, 11, 1.90, 3, 152, 0, 0, '2018-07-24 08:03:14'),
(1431, 11, 8876, 5.90, 8, 152, 0, 0, '2018-07-24 08:05:17'),
(1432, 8876, 11, 1.90, 3, 153, 0, 0, '2018-07-24 08:05:41'),
(1433, 8876, 11, 1.00, 3, 153, 0, 0, '2018-07-24 08:05:48'),
(1434, 8876, 11, 1.00, 3, 153, 0, 0, '2018-07-24 08:05:48'),
(1435, 8876, 11, 1.00, 3, 153, 0, 0, '2018-07-24 08:05:49'),
(1436, 8876, 11, 1.00, 3, 153, 0, 0, '2018-07-24 08:05:49'),
(1437, 11, 8876, 5.90, 8, 153, 0, 0, '2018-07-24 08:07:49'),
(1438, 1, 8879, 2.00, 6, 0, 0, 0, '2018-07-24 08:54:14'),
(1439, 1, 8879, 0.25, 5, 0, 0, 0, '2018-07-24 08:54:25'),
(1440, 8879, 11, 1.00, 3, 154, 0, 0, '2018-07-24 08:54:30'),
(1441, 8879, 11, 1.25, 3, 154, 0, 0, '2018-07-24 08:54:36'),
(1442, 11, 8879, 2.25, 8, 154, 0, 0, '2018-07-24 08:56:39'),
(1443, 8879, 11, 2.25, 3, 155, 0, 0, '2018-07-24 08:58:15'),
(1444, 11, 8879, 2.25, 8, 155, 0, 0, '2018-07-24 09:00:23'),
(1445, 8878, 11, 2.14, 3, 156, 0, 0, '2018-07-24 09:05:31'),
(1446, 11, 8878, 2.14, 8, 156, 0, 0, '2018-07-24 09:07:39'),
(1447, 1, 8880, 2.00, 6, 0, 0, 0, '2018-07-24 09:33:26'),
(1448, 1, 8880, 0.95, 5, 0, 0, 0, '2018-07-24 09:33:49'),
(1449, 8880, 11, 1.00, 3, 157, 0, 0, '2018-07-24 09:34:04'),
(1450, 8880, 11, 1.95, 3, 157, 0, 0, '2018-07-24 09:35:26'),
(1451, 11, 8880, 2.95, 8, 157, 0, 0, '2018-07-24 09:36:12'),
(1452, 8880, 11, 1.00, 3, 158, 0, 0, '2018-07-24 09:40:52'),
(1453, 8880, 11, 1.95, 3, 158, 0, 0, '2018-07-24 09:41:33'),
(1454, 11, 8880, 2.95, 8, 158, 0, 0, '2018-07-24 09:43:00'),
(1455, 8880, 11, 1.00, 3, 159, 0, 0, '2018-07-24 09:49:10'),
(1456, 8880, 11, 1.95, 3, 159, 0, 0, '2018-07-24 09:49:43'),
(1457, 11, 8880, 2.95, 8, 159, 0, 0, '2018-07-24 09:51:18'),
(1458, 8880, 11, 1.00, 3, 160, 0, 0, '2018-07-24 09:55:58'),
(1459, 8880, 11, 1.95, 3, 160, 0, 0, '2018-07-24 09:56:15'),
(1460, 11, 8880, 2.95, 8, 160, 0, 0, '2018-07-24 09:58:06'),
(1461, 8838, 11, 1.00, 3, 161, 0, 0, '2018-07-24 10:40:50'),
(1462, 1, 8838, 0.37, 5, 0, 0, 0, '2018-07-24 10:40:55'),
(1463, 11, 8838, 1.00, 8, 161, 0, 0, '2018-07-24 10:42:58'),
(1464, 1, 8827, 0.44, 5, 0, 0, 0, '2018-07-24 10:45:53'),
(1465, 1, 8881, 2.00, 6, 0, 0, 0, '2018-07-24 10:47:07'),
(1466, 1, 8881, 0.57, 5, 0, 0, 0, '2018-07-24 10:48:33'),
(1467, 8881, 11, 1.00, 3, 162, 0, 0, '2018-07-24 10:48:46'),
(1468, 11, 8881, 1.00, 8, 162, 0, 0, '2018-07-24 10:50:54'),
(1469, 8881, 11, 1.00, 3, 163, 0, 0, '2018-07-24 10:52:10'),
(1470, 1, 8882, 2.00, 6, 0, 0, 0, '2018-07-24 10:52:46'),
(1471, 8882, 11, 1.00, 3, 163, 0, 0, '2018-07-24 10:52:49'),
(1472, 11, 8882, 1.80, 4, 163, 0, 0, '2018-07-24 10:53:19'),
(1473, 11, 1, 0.20, 7, 163, 0, 0, '2018-07-24 10:53:19'),
(1474, 8882, 11, 1.00, 3, 164, 0, 0, '2018-07-24 10:53:32'),
(1475, 8881, 11, 1.56, 3, 164, 0, 0, '2018-07-24 10:53:46'),
(1476, 11, 8882, 2.25, 4, 164, 0, 0, '2018-07-24 10:54:16'),
(1477, 11, 1, 0.31, 7, 164, 0, 0, '2018-07-24 10:54:16'),
(1478, 8882, 11, 1.00, 3, 165, 0, 0, '2018-07-24 10:54:31'),
(1479, 8882, 11, 1.00, 3, 165, 0, 0, '2018-07-24 10:54:33'),
(1480, 8838, 11, 1.00, 3, 165, 0, 0, '2018-07-24 10:55:00'),
(1481, 8838, 11, 1.37, 3, 165, 0, 0, '2018-07-24 10:55:21'),
(1482, 11, 8882, 3.90, 4, 165, 0, 0, '2018-07-24 10:55:30'),
(1483, 11, 1, 0.47, 7, 165, 0, 0, '2018-07-24 10:55:30'),
(1484, 1, 8815, 0.12, 10, 0, 8838, 0, '2018-07-24 10:55:30'),
(1485, 1, 8799, 0.05, 10, 0, 8838, 0, '2018-07-24 10:55:30'),
(1486, 1, 8797, 0.02, 10, 0, 8838, 0, '2018-07-24 10:55:30'),
(1487, 8882, 11, 1.00, 3, 166, 0, 0, '2018-07-24 10:55:47'),
(1488, 1, 8882, 0.77, 5, 0, 0, 0, '2018-07-24 10:56:31'),
(1489, 11, 8882, 1.00, 8, 166, 0, 0, '2018-07-24 10:57:55'),
(1490, 8882, 11, 1.00, 3, 167, 0, 0, '2018-07-24 10:58:00'),
(1491, 8882, 11, 1.00, 3, 167, 0, 0, '2018-07-24 10:58:18'),
(1492, 8882, 11, 1.00, 3, 167, 0, 0, '2018-07-24 10:58:18'),
(1493, 1, 8870, 0.79, 5, 0, 0, 0, '2018-07-24 10:58:31'),
(1494, 8870, 11, 1.00, 3, 167, 0, 0, '2018-07-24 10:58:43'),
(1495, 11, 8870, 3.40, 4, 167, 0, 0, '2018-07-24 10:59:13'),
(1496, 11, 1, 0.60, 7, 167, 0, 0, '2018-07-24 10:59:13'),
(1497, 8882, 11, 1.00, 3, 168, 0, 0, '2018-07-24 10:59:29'),
(1498, 8870, 11, 1.00, 3, 168, 0, 0, '2018-07-24 10:59:50'),
(1499, 8870, 11, 1.00, 3, 168, 0, 0, '2018-07-24 11:00:19'),
(1500, 11, 8882, 2.60, 4, 168, 0, 0, '2018-07-24 11:00:20'),
(1501, 11, 1, 0.40, 7, 168, 0, 0, '2018-07-24 11:00:20'),
(1502, 8882, 11, 1.00, 3, 169, 0, 0, '2018-07-24 11:00:35'),
(1503, 8870, 11, 1.99, 3, 169, 0, 0, '2018-07-24 11:00:37'),
(1504, 11, 8870, 2.79, 4, 169, 0, 0, '2018-07-24 11:01:07'),
(1505, 11, 1, 0.20, 7, 169, 0, 0, '2018-07-24 11:01:07'),
(1506, 8882, 11, 1.00, 3, 170, 0, 0, '2018-07-24 11:01:24'),
(1507, 8870, 11, 1.99, 3, 170, 0, 0, '2018-07-24 11:01:24'),
(1508, 11, 8882, 2.59, 4, 170, 0, 0, '2018-07-24 11:01:54'),
(1509, 11, 1, 0.40, 7, 170, 0, 0, '2018-07-24 11:01:54'),
(1510, 8882, 11, 1.00, 3, 171, 0, 0, '2018-07-24 11:02:17'),
(1511, 11, 8882, 1.00, 8, 171, 0, 0, '2018-07-24 11:04:25'),
(1512, 8882, 11, 1.00, 3, 172, 0, 0, '2018-07-24 11:05:50'),
(1513, 11, 8882, 1.00, 8, 172, 0, 0, '2018-07-24 11:07:58'),
(1514, 8880, 11, 1.00, 3, 173, 0, 0, '2018-07-24 11:11:15'),
(1515, 8882, 11, 1.00, 3, 173, 0, 0, '2018-07-24 11:11:40'),
(1516, 8880, 11, 1.95, 3, 173, 0, 0, '2018-07-24 11:12:07'),
(1517, 11, 8882, 3.36, 4, 173, 0, 0, '2018-07-24 11:12:10'),
(1518, 11, 1, 0.59, 7, 173, 0, 0, '2018-07-24 11:12:10'),
(1519, 1, 8850, 0.15, 10, 0, 8880, 0, '2018-07-24 11:12:10'),
(1520, 1, 8844, 0.06, 10, 0, 8880, 0, '2018-07-24 11:12:10'),
(1521, 1, 8808, 0.03, 10, 0, 8880, 0, '2018-07-24 11:12:10'),
(1522, 8882, 11, 1.00, 3, 174, 0, 0, '2018-07-24 11:13:15'),
(1523, 11, 8882, 1.00, 8, 174, 0, 0, '2018-07-24 11:15:24'),
(1524, 8882, 11, 1.00, 3, 175, 0, 0, '2018-07-24 11:15:30'),
(1525, 11, 8882, 1.00, 8, 175, 0, 0, '2018-07-24 11:17:38'),
(1526, 1, 8883, 2.00, 6, 0, 0, 0, '2018-07-24 12:46:35'),
(1527, 8883, 11, 1.00, 3, 176, 0, 0, '2018-07-24 12:47:47'),
(1528, 1, 8884, 2.00, 6, 0, 0, 0, '2018-07-24 12:49:37'),
(1529, 8884, 11, 2.00, 3, 176, 0, 0, '2018-07-24 12:49:48'),
(1530, 11, 8884, 2.80, 4, 176, 0, 0, '2018-07-24 12:50:18'),
(1531, 11, 1, 0.20, 7, 176, 0, 0, '2018-07-24 12:50:18'),
(1532, 1, 8795, 0.05, 10, 0, 8883, 0, '2018-07-24 12:50:18'),
(1533, 8883, 11, 1.00, 3, 177, 0, 0, '2018-07-24 12:50:31'),
(1534, 8884, 11, 2.80, 3, 177, 0, 0, '2018-07-24 12:50:43'),
(1535, 11, 8884, 3.60, 4, 177, 0, 0, '2018-07-24 12:51:13'),
(1536, 11, 1, 0.20, 7, 177, 0, 0, '2018-07-24 12:51:13'),
(1537, 1, 8795, 0.05, 10, 0, 8883, 0, '2018-07-24 12:51:13'),
(1538, 8884, 11, 3.60, 3, 178, 0, 0, '2018-07-24 12:51:33'),
(1539, 11, 8884, 3.60, 8, 178, 0, 0, '2018-07-24 12:53:42'),
(1540, 8882, 11, 1.00, 3, 179, 0, 0, '2018-07-24 13:35:51'),
(1541, 11, 8882, 1.00, 8, 179, 0, 0, '2018-07-24 13:37:59'),
(1542, 8882, 11, 1.00, 3, 180, 0, 0, '2018-07-24 13:39:48'),
(1543, 11, 8882, 1.00, 8, 180, 0, 0, '2018-07-24 13:41:56'),
(1544, 8882, 11, 1.00, 3, 181, 0, 0, '2018-07-24 13:42:54'),
(1545, 11, 8882, 1.00, 8, 181, 0, 0, '2018-07-24 13:45:02'),
(1546, 8882, 11, 1.00, 3, 182, 0, 0, '2018-07-24 14:06:38'),
(1547, 11, 8882, 1.00, 8, 182, 0, 0, '2018-07-24 14:08:46'),
(1548, 1, 8885, 2.00, 6, 0, 0, 0, '2018-07-24 14:37:50'),
(1549, 8885, 11, 1.00, 3, 183, 0, 0, '2018-07-24 14:37:52'),
(1550, 8885, 11, 1.00, 3, 183, 0, 0, '2018-07-24 14:37:53'),
(1551, 11, 8885, 2.00, 8, 183, 0, 0, '2018-07-24 14:40:00'),
(1552, 1, 8886, 2.00, 6, 0, 0, 0, '2018-07-24 14:44:57'),
(1553, 1, 8886, 0.46, 5, 0, 0, 0, '2018-07-24 14:47:53'),
(1554, 8886, 11, 1.46, 3, 184, 0, 0, '2018-07-24 14:48:21'),
(1555, 8886, 11, 1.00, 3, 184, 0, 0, '2018-07-24 14:48:27'),
(1556, 11, 8886, 2.46, 8, 184, 0, 0, '2018-07-24 14:50:31'),
(1557, 1, 8887, 2.00, 6, 0, 0, 0, '2018-07-24 14:51:13'),
(1558, 8887, 11, 1.00, 3, 185, 0, 0, '2018-07-24 14:51:39'),
(1559, 8887, 11, 1.00, 3, 185, 0, 0, '2018-07-24 14:51:40'),
(1560, 1, 8850, 0.71, 5, 0, 0, 0, '2018-07-24 14:51:55'),
(1561, 8850, 11, 1.38, 3, 185, 0, 0, '2018-07-24 14:52:05'),
(1562, 8886, 11, 1.30, 3, 185, 0, 0, '2018-07-24 14:52:27'),
(1563, 8886, 11, 1.00, 3, 185, 0, 0, '2018-07-24 14:52:30'),
(1564, 11, 8887, 4.94, 4, 185, 0, 0, '2018-07-24 14:52:35'),
(1565, 11, 1, 0.74, 7, 185, 0, 0, '2018-07-24 14:52:35'),
(1566, 1, 8844, 0.07, 10, 0, 8850, 0, '2018-07-24 14:52:35'),
(1567, 1, 8808, 0.03, 10, 0, 8850, 0, '2018-07-24 14:52:35'),
(1568, 8887, 11, 4.94, 3, 186, 0, 0, '2018-07-24 14:53:24'),
(1569, 1, 8888, 2.00, 6, 0, 0, 0, '2018-07-24 14:53:55'),
(1570, 1, 8889, 2.00, 6, 0, 0, 0, '2018-07-24 14:54:40'),
(1571, 8888, 11, 1.00, 3, 186, 0, 0, '2018-07-24 14:54:57'),
(1572, 8888, 11, 1.00, 3, 186, 0, 0, '2018-07-24 14:54:59'),
(1573, 8889, 11, 1.00, 3, 186, 0, 0, '2018-07-24 14:55:18'),
(1574, 8889, 11, 1.00, 3, 186, 0, 0, '2018-07-24 14:55:20'),
(1575, 11, 8888, 7.55, 4, 186, 0, 0, '2018-07-24 14:55:27'),
(1576, 11, 1, 1.39, 7, 186, 0, 0, '2018-07-24 14:55:27'),
(1577, 1, 8850, 0.25, 10, 0, 8887, 0, '2018-07-24 14:55:27'),
(1578, 1, 8844, 0.10, 10, 0, 8887, 0, '2018-07-24 14:55:27'),
(1579, 1, 8808, 0.05, 10, 0, 8887, 0, '2018-07-24 14:55:27'),
(1580, 1, 8890, 2.00, 6, 0, 0, 0, '2018-07-24 14:56:17'),
(1581, 8890, 11, 1.00, 3, 187, 0, 0, '2018-07-24 14:56:26'),
(1582, 8888, 11, 1.00, 3, 187, 0, 0, '2018-07-24 14:56:30'),
(1583, 8890, 11, 1.00, 3, 187, 0, 0, '2018-07-24 14:56:32'),
(1584, 8888, 11, 6.00, 3, 187, 0, 0, '2018-07-24 14:56:37'),
(1585, 11, 8888, 8.60, 4, 187, 0, 0, '2018-07-24 14:57:00'),
(1586, 11, 1, 0.40, 7, 187, 0, 0, '2018-07-24 14:57:00'),
(1587, 1, 8889, 0.04, 5, 0, 0, 0, '2018-07-24 14:58:26'),
(1588, 8888, 11, 1.00, 3, 188, 0, 0, '2018-07-24 14:59:13'),
(1589, 8800, 11, 10.00, 3, 188, 0, 0, '2018-07-24 15:00:04'),
(1590, 8788, 11, 9.99, 3, 188, 0, 0, '2018-07-24 15:00:16'),
(1591, 8888, 11, 8.00, 3, 188, 0, 0, '2018-07-24 15:00:19'),
(1592, 8800, 11, 10.00, 3, 188, 0, 0, '2018-07-24 15:00:32'),
(1593, 8800, 11, 10.00, 3, 188, 0, 0, '2018-07-24 15:00:33'),
(1594, 8800, 11, 10.00, 3, 188, 0, 0, '2018-07-24 15:00:33'),
(1595, 8800, 11, 10.00, 3, 188, 0, 0, '2018-07-24 15:00:33'),
(1596, 11, 8800, 65.19, 4, 188, 0, 0, '2018-07-24 15:00:34'),
(1597, 11, 1, 3.80, 7, 188, 0, 0, '2018-07-24 15:00:34'),
(1598, 8788, 11, 9.99, 3, 189, 0, 0, '2018-07-24 15:00:49'),
(1599, 8800, 11, 1.00, 3, 189, 0, 0, '2018-07-24 15:00:52'),
(1600, 8800, 11, 8.99, 3, 189, 0, 0, '2018-07-24 15:01:19'),
(1601, 11, 8800, 17.98, 4, 189, 0, 0, '2018-07-24 15:01:22'),
(1602, 11, 1, 2.00, 7, 189, 0, 0, '2018-07-24 15:01:22'),
(1603, 8800, 11, 10.00, 3, 190, 0, 0, '2018-07-24 15:01:52'),
(1604, 8788, 11, 9.99, 3, 190, 0, 0, '2018-07-24 15:02:06'),
(1605, 8788, 11, 9.99, 3, 190, 0, 0, '2018-07-24 15:02:14'),
(1606, 8788, 11, 9.99, 3, 190, 0, 0, '2018-07-24 15:02:25'),
(1607, 8788, 11, 9.99, 3, 190, 0, 0, '2018-07-24 15:02:33'),
(1608, 11, 8788, 47.96, 4, 190, 0, 0, '2018-07-24 15:02:37'),
(1609, 11, 1, 2.00, 7, 190, 0, 0, '2018-07-24 15:02:37'),
(1610, 8800, 11, 3.38, 3, 191, 0, 0, '2018-07-24 15:02:53'),
(1611, 8788, 11, 3.38, 3, 191, 0, 0, '2018-07-24 15:02:59'),
(1612, 8800, 11, 1.00, 3, 191, 0, 0, '2018-07-24 15:03:04'),
(1613, 8800, 11, 1.00, 3, 191, 0, 0, '2018-07-24 15:03:05'),
(1614, 8800, 11, 1.00, 3, 191, 0, 0, '2018-07-24 15:03:06'),
(1615, 8800, 11, 1.00, 3, 191, 0, 0, '2018-07-24 15:03:06'),
(1616, 8800, 11, 1.00, 3, 191, 0, 0, '2018-07-24 15:03:07'),
(1617, 8800, 11, 1.00, 3, 191, 0, 0, '2018-07-24 15:03:07'),
(1618, 8800, 11, 1.00, 3, 191, 0, 0, '2018-07-24 15:03:07'),
(1619, 8800, 11, 1.00, 3, 191, 0, 0, '2018-07-24 15:03:07'),
(1620, 8800, 11, 1.00, 3, 191, 0, 0, '2018-07-24 15:03:07'),
(1621, 8800, 11, 1.00, 3, 191, 0, 0, '2018-07-24 15:03:09'),
(1622, 8788, 11, 10.00, 3, 191, 0, 0, '2018-07-24 15:03:17'),
(1623, 8788, 11, 10.00, 3, 191, 0, 0, '2018-07-24 15:03:18'),
(1624, 8788, 11, 10.00, 3, 191, 0, 0, '2018-07-24 15:03:18'),
(1625, 8788, 11, 10.00, 3, 191, 0, 0, '2018-07-24 15:03:21'),
(1626, 8800, 11, 10.00, 3, 191, 0, 0, '2018-07-24 15:03:27'),
(1627, 8800, 11, 10.00, 3, 191, 0, 0, '2018-07-24 15:03:27'),
(1628, 8800, 11, 10.00, 3, 191, 0, 0, '2018-07-24 15:03:28'),
(1629, 8788, 11, 10.00, 3, 191, 0, 0, '2018-07-24 15:03:28'),
(1630, 8800, 11, 10.00, 3, 191, 0, 0, '2018-07-24 15:03:28'),
(1631, 8800, 11, 10.00, 3, 191, 0, 0, '2018-07-24 15:03:28'),
(1632, 11, 8800, 106.08, 4, 191, 0, 0, '2018-07-24 15:03:29'),
(1633, 11, 1, 10.68, 7, 191, 0, 0, '2018-07-24 15:03:29'),
(1634, 8800, 11, 1.00, 3, 192, 0, 0, '2018-07-24 15:04:03'),
(1635, 8788, 11, 10.00, 3, 192, 0, 0, '2018-07-24 15:04:08'),
(1636, 8788, 11, 10.00, 3, 192, 0, 0, '2018-07-24 15:04:09'),
(1637, 8788, 11, 10.00, 3, 192, 0, 0, '2018-07-24 15:04:10'),
(1638, 8788, 11, 10.00, 3, 192, 0, 0, '2018-07-24 15:04:13'),
(1639, 8788, 11, 10.00, 3, 192, 0, 0, '2018-07-24 15:04:13'),
(1640, 8800, 11, 5.08, 3, 192, 0, 0, '2018-07-24 15:04:31'),
(1641, 8800, 11, 10.00, 3, 192, 0, 0, '2018-07-24 15:04:34'),
(1642, 8800, 11, 10.00, 3, 192, 0, 0, '2018-07-24 15:04:34'),
(1643, 8800, 11, 10.00, 3, 192, 0, 0, '2018-07-24 15:04:34'),
(1644, 8800, 11, 10.00, 3, 192, 0, 0, '2018-07-24 15:04:34'),
(1645, 8800, 11, 10.00, 3, 192, 0, 0, '2018-07-24 15:04:34'),
(1646, 8800, 11, 10.00, 3, 192, 0, 0, '2018-07-24 15:04:34'),
(1647, 8800, 11, 10.00, 3, 192, 0, 0, '2018-07-24 15:04:34'),
(1648, 8800, 11, 10.00, 3, 192, 0, 0, '2018-07-24 15:04:34'),
(1649, 8800, 11, 10.00, 3, 192, 0, 0, '2018-07-24 15:04:34'),
(1650, 8800, 11, 10.00, 3, 192, 0, 0, '2018-07-24 15:04:34'),
(1651, 8788, 11, 10.00, 3, 192, 0, 0, '2018-07-24 15:04:36'),
(1652, 8788, 11, 10.00, 3, 192, 0, 0, '2018-07-24 15:04:37'),
(1653, 8788, 11, 10.00, 3, 192, 0, 0, '2018-07-24 15:04:38'),
(1654, 8788, 11, 10.00, 3, 192, 0, 0, '2018-07-24 15:04:38'),
(1655, 8788, 11, 10.00, 3, 192, 0, 0, '2018-07-24 15:04:38'),
(1656, 8788, 11, 10.00, 3, 192, 0, 0, '2018-07-24 15:04:38'),
(1657, 8788, 11, 10.00, 3, 192, 0, 0, '2018-07-24 15:04:38'),
(1658, 8788, 11, 10.00, 3, 192, 0, 0, '2018-07-24 15:04:38'),
(1659, 8788, 11, 10.00, 3, 192, 0, 0, '2018-07-24 15:04:38'),
(1660, 8788, 11, 10.00, 3, 192, 0, 0, '2018-07-24 15:04:38'),
(1661, 8788, 11, 10.00, 3, 192, 0, 0, '2018-07-24 15:04:38'),
(1662, 8788, 11, 10.00, 3, 192, 0, 0, '2018-07-24 15:04:38'),
(1663, 8788, 11, 10.00, 3, 192, 0, 0, '2018-07-24 15:04:38'),
(1664, 8788, 11, 10.00, 3, 192, 0, 0, '2018-07-24 15:04:38'),
(1665, 8788, 11, 10.00, 3, 192, 0, 0, '2018-07-24 15:04:38'),
(1666, 8788, 11, 10.00, 3, 192, 0, 0, '2018-07-24 15:04:38'),
(1667, 8788, 11, 10.00, 3, 192, 0, 0, '2018-07-24 15:04:38'),
(1668, 8788, 11, 10.00, 3, 192, 0, 0, '2018-07-24 15:04:38'),
(1669, 8788, 11, 10.00, 3, 192, 0, 0, '2018-07-24 15:04:38'),
(1670, 8788, 11, 10.00, 3, 192, 0, 0, '2018-07-24 15:04:38'),
(1671, 8788, 11, 10.00, 3, 192, 0, 0, '2018-07-24 15:04:38'),
(1672, 8788, 11, 10.00, 3, 192, 0, 0, '2018-07-24 15:04:38'),
(1673, 8788, 11, 10.00, 3, 192, 0, 0, '2018-07-24 15:04:38'),
(1674, 8788, 11, 10.00, 3, 192, 0, 0, '2018-07-24 15:04:38'),
(1675, 8788, 11, 10.00, 3, 192, 0, 0, '2018-07-24 15:04:38'),
(1676, 8788, 11, 10.00, 3, 192, 0, 0, '2018-07-24 15:04:38'),
(1677, 11, 8788, 394.86, 4, 192, 0, 0, '2018-07-24 15:04:38'),
(1678, 11, 1, 21.22, 7, 192, 0, 0, '2018-07-24 15:04:38'),
(1679, 1, 8891, 2.00, 6, 0, 0, 0, '2018-07-24 15:16:53'),
(1680, 1, 8891, 0.64, 5, 0, 0, 0, '2018-07-24 15:17:00'),
(1681, 8891, 11, 1.00, 3, 193, 0, 0, '2018-07-24 15:18:03'),
(1682, 1, 8808, 0.12, 5, 0, 0, 0, '2018-07-24 15:18:56'),
(1683, 8808, 11, 3.40, 3, 193, 0, 0, '2018-07-24 15:19:59'),
(1684, 8876, 11, 1.00, 3, 193, 0, 0, '2018-07-24 15:20:18'),
(1685, 8876, 11, 1.00, 3, 193, 0, 0, '2018-07-24 15:20:18'),
(1686, 8876, 11, 1.00, 3, 193, 0, 0, '2018-07-24 15:20:18'),
(1687, 8876, 11, 1.00, 3, 193, 0, 0, '2018-07-24 15:20:19'),
(1688, 8891, 11, 1.64, 3, 193, 0, 0, '2018-07-24 15:20:23'),
(1689, 8876, 11, 1.90, 3, 193, 0, 0, '2018-07-24 15:20:24'),
(1690, 11, 8876, 10.73, 4, 193, 0, 0, '2018-07-24 15:20:29'),
(1691, 11, 1, 1.21, 7, 193, 0, 0, '2018-07-24 15:20:29'),
(1692, 8876, 11, 1.00, 3, 194, 0, 0, '2018-07-24 15:27:16'),
(1693, 8876, 11, 1.00, 3, 194, 0, 0, '2018-07-24 15:27:17'),
(1694, 8876, 11, 1.00, 3, 194, 0, 0, '2018-07-24 15:27:17'),
(1695, 8876, 11, 1.00, 3, 194, 0, 0, '2018-07-24 15:27:17'),
(1696, 8876, 11, 1.00, 3, 194, 0, 0, '2018-07-24 15:27:17'),
(1697, 8876, 11, 1.00, 3, 194, 0, 0, '2018-07-24 15:27:17'),
(1698, 8876, 11, 1.00, 3, 194, 0, 0, '2018-07-24 15:27:18'),
(1699, 8876, 11, 1.00, 3, 194, 0, 0, '2018-07-24 15:27:18'),
(1700, 8876, 11, 1.00, 3, 194, 0, 0, '2018-07-24 15:27:19'),
(1701, 8876, 11, 1.73, 3, 194, 0, 0, '2018-07-24 15:27:24'),
(1702, 11, 8876, 10.73, 8, 194, 0, 0, '2018-07-24 15:29:25'),
(1703, 8882, 11, 1.00, 3, 195, 0, 0, '2018-07-24 15:37:58'),
(1704, 11, 8882, 1.00, 8, 195, 0, 0, '2018-07-24 15:40:06'),
(1705, 8882, 11, 1.00, 3, 196, 0, 0, '2018-07-24 15:40:15'),
(1706, 11, 8882, 1.00, 8, 196, 0, 0, '2018-07-24 15:42:23'),
(1707, 8882, 11, 1.00, 3, 197, 0, 0, '2018-07-24 15:42:28'),
(1708, 1, 8892, 2.00, 6, 0, 0, 0, '2018-07-24 15:42:48'),
(1709, 1, 8892, 0.79, 5, 0, 0, 0, '2018-07-24 15:43:19'),
(1710, 8892, 11, 1.00, 3, 197, 0, 0, '2018-07-24 15:43:34'),
(1711, 8892, 11, 1.79, 3, 197, 0, 0, '2018-07-24 15:43:40'),
(1712, 11, 8882, 3.23, 4, 197, 0, 0, '2018-07-24 15:44:05'),
(1713, 11, 1, 0.56, 7, 197, 0, 0, '2018-07-24 15:44:05'),
(1714, 8882, 11, 1.00, 3, 198, 0, 0, '2018-07-24 15:45:21'),
(1715, 11, 8882, 1.00, 8, 198, 0, 0, '2018-07-24 15:47:29'),
(1716, 8882, 11, 1.00, 3, 199, 0, 0, '2018-07-24 15:47:38'),
(1717, 1, 8893, 2.00, 6, 0, 0, 0, '2018-07-24 15:48:18'),
(1718, 8893, 11, 1.00, 3, 199, 0, 0, '2018-07-24 15:48:48'),
(1719, 8893, 11, 1.00, 3, 199, 0, 0, '2018-07-24 15:48:52'),
(1720, 11, 8893, 2.80, 4, 199, 0, 0, '2018-07-24 15:49:19'),
(1721, 11, 1, 0.20, 7, 199, 0, 0, '2018-07-24 15:49:19'),
(1722, 8882, 11, 1.00, 3, 200, 0, 0, '2018-07-24 15:49:32'),
(1723, 8893, 11, 1.00, 3, 200, 0, 0, '2018-07-24 15:50:11'),
(1724, 8893, 11, 1.00, 3, 200, 0, 0, '2018-07-24 15:50:22'),
(1725, 11, 8893, 2.80, 4, 200, 0, 0, '2018-07-24 15:50:41'),
(1726, 11, 1, 0.20, 7, 200, 0, 0, '2018-07-24 15:50:41'),
(1727, 8882, 11, 1.00, 3, 201, 0, 0, '2018-07-24 15:51:10'),
(1728, 1, 8894, 2.00, 6, 0, 0, 0, '2018-07-24 15:51:46'),
(1729, 8894, 11, 1.00, 3, 201, 0, 0, '2018-07-24 15:52:11'),
(1730, 8893, 11, 1.00, 3, 201, 0, 0, '2018-07-24 15:52:26'),
(1731, 11, 8893, 2.60, 4, 201, 0, 0, '2018-07-24 15:52:41'),
(1732, 11, 1, 0.40, 7, 201, 0, 0, '2018-07-24 15:52:41');
INSERT INTO `balance_log` (`id`, `from`, `to`, `sum`, `oper`, `round`, `ref`, `out`, `odate`) VALUES
(1733, 8882, 11, 1.00, 3, 202, 0, 0, '2018-07-24 15:52:55'),
(1734, 8894, 11, 1.00, 3, 202, 0, 0, '2018-07-24 15:52:55'),
(1735, 8788, 11, 1.46, 3, 202, 0, 0, '2018-07-24 15:53:10'),
(1736, 11, 8788, 3.06, 4, 202, 0, 0, '2018-07-24 15:53:25'),
(1737, 11, 1, 0.40, 7, 202, 0, 0, '2018-07-24 15:53:25'),
(1738, 8882, 11, 1.00, 3, 203, 0, 0, '2018-07-24 15:53:39'),
(1739, 8893, 11, 1.20, 3, 203, 0, 0, '2018-07-24 15:54:05'),
(1740, 11, 8893, 2.00, 4, 203, 0, 0, '2018-07-24 15:54:35'),
(1741, 11, 1, 0.20, 7, 203, 0, 0, '2018-07-24 15:54:35'),
(1742, 8882, 11, 1.30, 3, 204, 0, 0, '2018-07-24 15:54:49'),
(1743, 8893, 11, 1.00, 3, 204, 0, 0, '2018-07-24 15:55:40'),
(1744, 11, 8882, 2.10, 4, 204, 0, 0, '2018-07-24 15:56:10'),
(1745, 11, 1, 0.20, 7, 204, 0, 0, '2018-07-24 15:56:10'),
(1746, 1, 8895, 2.00, 6, 0, 0, 0, '2018-07-24 15:56:16'),
(1747, 8895, 11, 1.00, 3, 205, 0, 0, '2018-07-24 15:56:28'),
(1748, 8882, 11, 1.00, 3, 205, 0, 0, '2018-07-24 15:57:14'),
(1749, 11, 8882, 1.80, 4, 205, 0, 0, '2018-07-24 15:57:44'),
(1750, 11, 1, 0.20, 7, 205, 0, 0, '2018-07-24 15:57:44'),
(1751, 8895, 11, 1.00, 3, 206, 0, 0, '2018-07-24 15:57:58'),
(1752, 8882, 11, 1.00, 3, 206, 0, 0, '2018-07-24 15:58:04'),
(1753, 8893, 11, 1.00, 3, 206, 0, 0, '2018-07-24 15:58:18'),
(1754, 11, 8882, 2.60, 4, 206, 0, 0, '2018-07-24 15:58:34'),
(1755, 11, 1, 0.40, 7, 206, 0, 0, '2018-07-24 15:58:34'),
(1756, 8893, 11, 1.00, 3, 207, 0, 0, '2018-07-24 15:59:56'),
(1757, 8882, 11, 1.00, 3, 207, 0, 0, '2018-07-24 16:00:02'),
(1758, 8893, 11, 2.00, 3, 207, 0, 0, '2018-07-24 16:00:26'),
(1759, 11, 8893, 3.80, 4, 207, 0, 0, '2018-07-24 16:00:32'),
(1760, 11, 1, 0.20, 7, 207, 0, 0, '2018-07-24 16:00:32'),
(1761, 8882, 11, 1.00, 3, 208, 0, 0, '2018-07-24 16:00:44'),
(1762, 8893, 11, 1.80, 3, 208, 0, 0, '2018-07-24 16:00:49'),
(1763, 11, 8893, 2.60, 4, 208, 0, 0, '2018-07-24 16:01:19'),
(1764, 11, 1, 0.20, 7, 208, 0, 0, '2018-07-24 16:01:19'),
(1765, 1, 8806, 0.66, 5, 0, 0, 0, '2018-07-24 16:04:34'),
(1766, 8893, 11, 1.60, 3, 209, 0, 0, '2018-07-24 16:04:59'),
(1767, 8882, 11, 1.00, 3, 209, 0, 0, '2018-07-24 16:05:14'),
(1768, 8882, 11, 1.00, 3, 209, 0, 0, '2018-07-24 16:05:40'),
(1769, 8882, 11, 1.00, 3, 209, 0, 0, '2018-07-24 16:05:41'),
(1770, 8882, 11, 1.00, 3, 209, 0, 0, '2018-07-24 16:05:41'),
(1771, 8882, 11, 1.00, 3, 209, 0, 0, '2018-07-24 16:05:41'),
(1772, 8882, 11, 1.00, 3, 209, 0, 0, '2018-07-24 16:05:42'),
(1773, 11, 8882, 7.28, 4, 209, 0, 0, '2018-07-24 16:05:44'),
(1774, 11, 1, 0.32, 7, 209, 0, 0, '2018-07-24 16:05:44'),
(1775, 8882, 11, 1.00, 3, 210, 0, 0, '2018-07-24 16:05:58'),
(1776, 8893, 11, 1.00, 3, 210, 0, 0, '2018-07-24 16:06:03'),
(1777, 8893, 11, 3.00, 3, 210, 0, 0, '2018-07-24 16:06:31'),
(1778, 11, 8882, 4.20, 4, 210, 0, 0, '2018-07-24 16:06:33'),
(1779, 11, 1, 0.80, 7, 210, 0, 0, '2018-07-24 16:06:33'),
(1780, 8882, 11, 1.00, 3, 211, 0, 0, '2018-07-24 16:06:53'),
(1781, 11, 8882, 1.00, 8, 211, 0, 0, '2018-07-24 16:09:01'),
(1782, 8882, 11, 1.00, 3, 212, 0, 0, '2018-07-24 16:09:30'),
(1783, 11, 8882, 1.00, 8, 212, 0, 0, '2018-07-24 16:11:38'),
(1784, 8882, 11, 1.00, 3, 213, 0, 0, '2018-07-24 16:12:53'),
(1785, 11, 8882, 1.00, 8, 213, 0, 0, '2018-07-24 16:15:01'),
(1786, 1, 8896, 2.00, 6, 0, 0, 0, '2018-07-24 16:46:36'),
(1787, 8896, 11, 1.00, 3, 214, 0, 0, '2018-07-24 16:46:43'),
(1788, 8896, 11, 1.00, 3, 214, 0, 0, '2018-07-24 16:47:52'),
(1789, 11, 8896, 2.00, 8, 214, 0, 0, '2018-07-24 16:48:51'),
(1790, 1, 8896, 0.73, 5, 0, 0, 0, '2018-07-24 16:50:52'),
(1791, 8896, 11, 2.73, 3, 215, 0, 0, '2018-07-24 16:51:07'),
(1792, 11, 8896, 2.73, 8, 215, 0, 0, '2018-07-24 16:53:15'),
(1793, 8896, 11, 2.73, 3, 216, 0, 0, '2018-07-24 16:53:59'),
(1794, 11, 8896, 2.73, 8, 216, 0, 0, '2018-07-24 16:56:07'),
(1795, 8882, 11, 1.00, 3, 217, 0, 0, '2018-07-24 17:09:23'),
(1796, 11, 8882, 1.00, 8, 217, 0, 0, '2018-07-24 17:11:31'),
(1797, 8882, 11, 1.00, 3, 218, 0, 0, '2018-07-24 17:11:55'),
(1798, 11, 8882, 1.00, 8, 218, 0, 0, '2018-07-24 17:14:03'),
(1799, 8882, 11, 1.00, 3, 219, 0, 0, '2018-07-24 17:14:08'),
(1800, 11, 8882, 1.00, 8, 219, 0, 0, '2018-07-24 17:16:16'),
(1801, 8882, 11, 1.00, 3, 220, 0, 0, '2018-07-24 17:25:05'),
(1802, 11, 8882, 1.00, 8, 220, 0, 0, '2018-07-24 17:27:13'),
(1803, 1, 8897, 2.00, 6, 0, 0, 0, '2018-07-24 20:14:36'),
(1804, 8897, 11, 1.00, 3, 221, 0, 0, '2018-07-24 20:15:02'),
(1805, 8897, 11, 1.00, 3, 221, 0, 0, '2018-07-24 20:15:06'),
(1806, 11, 8897, 2.00, 8, 221, 0, 0, '2018-07-24 20:32:25'),
(1807, 1, 8898, 2.00, 6, 0, 0, 0, '2018-07-24 22:25:46'),
(1808, 8898, 11, 1.00, 3, 222, 0, 0, '2018-07-24 22:25:51'),
(1809, 1, 8898, 0.47, 5, 0, 0, 0, '2018-07-24 22:26:33'),
(1810, 8898, 11, 1.47, 3, 222, 0, 0, '2018-07-24 22:27:15'),
(1811, 1, 8899, 2.00, 6, 0, 0, 0, '2018-07-24 22:27:29'),
(1812, 8899, 11, 1.00, 3, 222, 0, 0, '2018-07-24 22:27:31'),
(1813, 8899, 11, 1.00, 3, 222, 0, 0, '2018-07-24 22:27:31'),
(1814, 1, 8900, 2.00, 6, 0, 0, 0, '2018-07-24 22:27:45'),
(1815, 8900, 11, 1.00, 3, 222, 0, 0, '2018-07-24 22:27:47'),
(1816, 8900, 11, 1.00, 3, 222, 0, 0, '2018-07-24 22:27:47'),
(1817, 11, 8900, 5.58, 4, 222, 0, 0, '2018-07-24 22:28:02'),
(1818, 11, 1, 0.89, 7, 222, 0, 0, '2018-07-24 22:28:02'),
(1819, 1, 8901, 2.00, 6, 0, 0, 0, '2018-07-24 22:42:24'),
(1820, 8788, 11, 1.23, 3, 223, 0, 0, '2018-07-24 22:56:39'),
(1821, 11, 8788, 1.23, 8, 223, 0, 0, '2018-07-24 22:58:47'),
(1822, 8900, 11, 1.00, 3, 224, 0, 0, '2018-07-24 23:17:05'),
(1823, 8788, 11, 1.01, 3, 224, 0, 0, '2018-07-24 23:17:15'),
(1824, 8788, 11, 1.01, 3, 224, 0, 0, '2018-07-24 23:17:15'),
(1825, 1, 8788, 0.63, 5, 0, 0, 0, '2018-07-24 23:17:38'),
(1826, 11, 8900, 2.62, 4, 224, 0, 0, '2018-07-24 23:17:45'),
(1827, 11, 1, 0.40, 7, 224, 0, 0, '2018-07-24 23:17:45'),
(1828, 8900, 11, 1.20, 3, 225, 0, 0, '2018-07-24 23:18:04'),
(1829, 8788, 11, 1.67, 3, 225, 0, 0, '2018-07-24 23:18:19'),
(1830, 8788, 11, 1.67, 3, 225, 0, 0, '2018-07-24 23:18:19'),
(1831, 8788, 11, 1.67, 3, 225, 0, 0, '2018-07-24 23:18:20'),
(1832, 8788, 11, 1.67, 3, 225, 0, 0, '2018-07-24 23:18:20'),
(1833, 8788, 11, 1.67, 3, 225, 0, 0, '2018-07-24 23:18:20'),
(1834, 8788, 11, 1.67, 3, 225, 0, 0, '2018-07-24 23:18:20'),
(1835, 8788, 11, 1.67, 3, 225, 0, 0, '2018-07-24 23:18:20'),
(1836, 8788, 11, 1.67, 3, 225, 0, 0, '2018-07-24 23:18:21'),
(1837, 8788, 11, 1.67, 3, 225, 0, 0, '2018-07-24 23:18:21'),
(1838, 8788, 11, 1.67, 3, 225, 0, 0, '2018-07-24 23:18:21'),
(1839, 8788, 11, 1.67, 3, 225, 0, 0, '2018-07-24 23:18:21'),
(1840, 8788, 11, 1.67, 3, 225, 0, 0, '2018-07-24 23:18:21'),
(1841, 8788, 11, 1.67, 3, 225, 0, 0, '2018-07-24 23:18:21'),
(1842, 8788, 11, 1.67, 3, 225, 0, 0, '2018-07-24 23:18:21'),
(1843, 8788, 11, 1.67, 3, 225, 0, 0, '2018-07-24 23:18:21'),
(1844, 8788, 11, 1.67, 3, 225, 0, 0, '2018-07-24 23:18:21'),
(1845, 8788, 11, 1.67, 3, 225, 0, 0, '2018-07-24 23:18:21'),
(1846, 8788, 11, 1.67, 3, 225, 0, 0, '2018-07-24 23:18:21'),
(1847, 8788, 11, 1.67, 3, 225, 0, 0, '2018-07-24 23:18:21'),
(1848, 8788, 11, 1.67, 3, 225, 0, 0, '2018-07-24 23:18:21'),
(1849, 8788, 11, 1.67, 3, 225, 0, 0, '2018-07-24 23:18:21'),
(1850, 8788, 11, 1.67, 3, 225, 0, 0, '2018-07-24 23:18:21'),
(1851, 8788, 11, 1.67, 3, 225, 0, 0, '2018-07-24 23:18:21'),
(1852, 8788, 11, 1.67, 3, 225, 0, 0, '2018-07-24 23:18:21'),
(1853, 8788, 11, 1.67, 3, 225, 0, 0, '2018-07-24 23:18:21'),
(1854, 8788, 11, 1.67, 3, 225, 0, 0, '2018-07-24 23:18:21'),
(1855, 8788, 11, 10.00, 3, 225, 0, 0, '2018-07-24 23:18:31'),
(1856, 8788, 11, 10.00, 3, 225, 0, 0, '2018-07-24 23:18:31'),
(1857, 8788, 11, 10.00, 3, 225, 0, 0, '2018-07-24 23:18:32'),
(1858, 8788, 11, 10.00, 3, 225, 0, 0, '2018-07-24 23:18:32'),
(1859, 8788, 11, 10.00, 3, 225, 0, 0, '2018-07-24 23:18:32'),
(1860, 8788, 11, 10.00, 3, 225, 0, 0, '2018-07-24 23:18:32'),
(1861, 8788, 11, 10.00, 3, 225, 0, 0, '2018-07-24 23:18:32'),
(1862, 8788, 11, 10.00, 3, 225, 0, 0, '2018-07-24 23:18:32'),
(1863, 8788, 11, 10.00, 3, 225, 0, 0, '2018-07-24 23:18:32'),
(1864, 8788, 11, 10.00, 3, 225, 0, 0, '2018-07-24 23:18:32'),
(1865, 8788, 11, 10.00, 3, 225, 0, 0, '2018-07-24 23:18:32'),
(1866, 8788, 11, 10.00, 3, 225, 0, 0, '2018-07-24 23:18:32'),
(1867, 8788, 11, 10.00, 3, 225, 0, 0, '2018-07-24 23:18:32'),
(1868, 8788, 11, 10.00, 3, 225, 0, 0, '2018-07-24 23:18:32'),
(1869, 8788, 11, 10.00, 3, 225, 0, 0, '2018-07-24 23:18:32'),
(1870, 8788, 11, 10.00, 3, 225, 0, 0, '2018-07-24 23:18:32'),
(1871, 8788, 11, 10.00, 3, 225, 0, 0, '2018-07-24 23:18:32'),
(1872, 8788, 11, 10.00, 3, 225, 0, 0, '2018-07-24 23:18:32'),
(1873, 8788, 11, 10.00, 3, 225, 0, 0, '2018-07-24 23:18:32'),
(1874, 8788, 11, 10.00, 3, 225, 0, 0, '2018-07-24 23:18:32'),
(1875, 8788, 11, 10.00, 3, 225, 0, 0, '2018-07-24 23:18:32'),
(1876, 8788, 11, 10.00, 3, 225, 0, 0, '2018-07-24 23:18:32'),
(1877, 8788, 11, 10.00, 3, 225, 0, 0, '2018-07-24 23:18:32'),
(1878, 8788, 11, 10.00, 3, 225, 0, 0, '2018-07-24 23:18:32'),
(1879, 8788, 11, 10.00, 3, 225, 0, 0, '2018-07-24 23:18:32'),
(1880, 8788, 11, 10.00, 3, 225, 0, 0, '2018-07-24 23:18:32'),
(1881, 8788, 11, 10.00, 3, 225, 0, 0, '2018-07-24 23:18:32'),
(1882, 8788, 11, 10.00, 3, 225, 0, 0, '2018-07-24 23:18:32'),
(1883, 8788, 11, 10.00, 3, 225, 0, 0, '2018-07-24 23:18:32'),
(1884, 8788, 11, 10.00, 3, 225, 0, 0, '2018-07-24 23:18:32'),
(1885, 8788, 11, 10.00, 3, 225, 0, 0, '2018-07-24 23:18:32'),
(1886, 8788, 11, 10.00, 3, 225, 0, 0, '2018-07-24 23:18:33'),
(1887, 8788, 11, 10.00, 3, 225, 0, 0, '2018-07-24 23:18:33'),
(1888, 8788, 11, 10.00, 3, 225, 0, 0, '2018-07-24 23:18:33'),
(1889, 8788, 11, 10.00, 3, 225, 0, 0, '2018-07-24 23:18:33'),
(1890, 8788, 11, 10.00, 3, 225, 0, 0, '2018-07-24 23:18:33'),
(1891, 8788, 11, 10.00, 3, 225, 0, 0, '2018-07-24 23:18:33'),
(1892, 8788, 11, 10.00, 3, 225, 0, 0, '2018-07-24 23:18:33'),
(1893, 8788, 11, 10.00, 3, 225, 0, 0, '2018-07-24 23:18:33'),
(1894, 8788, 11, 10.00, 3, 225, 0, 0, '2018-07-24 23:18:33'),
(1895, 8788, 11, 10.00, 3, 225, 0, 0, '2018-07-24 23:18:33'),
(1896, 8788, 11, 10.00, 3, 225, 0, 0, '2018-07-24 23:18:33'),
(1897, 8788, 11, 10.00, 3, 225, 0, 0, '2018-07-24 23:18:33'),
(1898, 8788, 11, 10.00, 3, 225, 0, 0, '2018-07-24 23:18:33'),
(1899, 8788, 11, 10.00, 3, 225, 0, 0, '2018-07-24 23:18:33'),
(1900, 8788, 11, 10.00, 3, 225, 0, 0, '2018-07-24 23:18:33'),
(1901, 8788, 11, 10.00, 3, 225, 0, 0, '2018-07-24 23:18:33'),
(1902, 8788, 11, 10.00, 3, 225, 0, 0, '2018-07-24 23:18:33'),
(1903, 8788, 11, 10.00, 3, 225, 0, 0, '2018-07-24 23:18:33'),
(1904, 8788, 11, 10.00, 3, 225, 0, 0, '2018-07-24 23:18:33'),
(1905, 8788, 11, 10.00, 3, 225, 0, 0, '2018-07-24 23:18:33'),
(1906, 8788, 11, 10.00, 3, 225, 0, 0, '2018-07-24 23:18:33'),
(1907, 8788, 11, 10.00, 3, 225, 0, 0, '2018-07-24 23:18:33'),
(1908, 8788, 11, 10.00, 3, 225, 0, 0, '2018-07-24 23:18:33'),
(1909, 8788, 11, 10.00, 3, 225, 0, 0, '2018-07-24 23:18:33'),
(1910, 8788, 11, 10.00, 3, 225, 0, 0, '2018-07-24 23:18:33'),
(1911, 8788, 11, 10.00, 3, 225, 0, 0, '2018-07-24 23:18:33'),
(1912, 8788, 11, 10.00, 3, 225, 0, 0, '2018-07-24 23:18:33'),
(1913, 8788, 11, 10.00, 3, 225, 0, 0, '2018-07-24 23:18:33'),
(1914, 8788, 11, 10.00, 3, 225, 0, 0, '2018-07-24 23:18:33'),
(1915, 8788, 11, 10.00, 3, 225, 0, 0, '2018-07-24 23:18:33'),
(1916, 8788, 11, 10.00, 3, 225, 0, 0, '2018-07-24 23:18:33'),
(1917, 8788, 11, 10.00, 3, 225, 0, 0, '2018-07-24 23:18:33'),
(1918, 8788, 11, 10.00, 3, 225, 0, 0, '2018-07-24 23:18:34'),
(1919, 8788, 11, 10.00, 3, 225, 0, 0, '2018-07-24 23:18:34'),
(1920, 8788, 11, 10.00, 3, 225, 0, 0, '2018-07-24 23:18:34'),
(1921, 8788, 11, 10.00, 3, 225, 0, 0, '2018-07-24 23:18:34'),
(1922, 8788, 11, 10.00, 3, 225, 0, 0, '2018-07-24 23:18:34'),
(1923, 8788, 11, 10.00, 3, 225, 0, 0, '2018-07-24 23:18:34'),
(1924, 8788, 11, 10.00, 3, 225, 0, 0, '2018-07-24 23:18:34'),
(1925, 8788, 11, 10.00, 3, 225, 0, 0, '2018-07-24 23:18:34'),
(1926, 8788, 11, 10.00, 3, 225, 0, 0, '2018-07-24 23:18:34'),
(1927, 8788, 11, 10.00, 3, 225, 0, 0, '2018-07-24 23:18:34'),
(1928, 8788, 11, 10.00, 3, 225, 0, 0, '2018-07-24 23:18:34'),
(1929, 8788, 11, 10.00, 3, 225, 0, 0, '2018-07-24 23:18:34'),
(1930, 8788, 11, 10.00, 3, 225, 0, 0, '2018-07-24 23:18:34'),
(1931, 8788, 11, 10.00, 3, 225, 0, 0, '2018-07-24 23:18:34'),
(1932, 8788, 11, 10.00, 3, 225, 0, 0, '2018-07-24 23:18:34'),
(1933, 8900, 11, 6.00, 3, 225, 0, 0, '2018-07-24 23:18:41'),
(1934, 8788, 11, 3.25, 3, 225, 0, 0, '2018-07-24 23:18:44'),
(1935, 11, 8788, 832.43, 4, 225, 0, 0, '2018-07-24 23:18:49'),
(1936, 11, 1, 1.44, 7, 225, 0, 0, '2018-07-24 23:18:49'),
(1937, 8788, 11, 1.43, 3, 226, 0, 0, '2018-07-24 23:19:31'),
(1938, 11, 8788, 1.43, 8, 226, 0, 0, '2018-07-24 23:21:39'),
(1939, 1, 8902, 2.00, 6, 0, 0, 0, '2018-07-25 00:19:23'),
(1940, 1, 8902, 0.63, 5, 0, 0, 0, '2018-07-25 00:19:42'),
(1941, 1, 8903, 2.00, 6, 0, 0, 0, '2018-07-25 00:23:46'),
(1942, 1, 8903, 0.49, 5, 0, 0, 0, '2018-07-25 00:24:05'),
(1943, 8903, 11, 2.49, 3, 227, 0, 0, '2018-07-25 00:24:18'),
(1944, 11, 8903, 2.49, 8, 227, 0, 0, '2018-07-25 00:26:27'),
(1945, 1, 8904, 2.00, 6, 0, 0, 0, '2018-07-25 00:26:28'),
(1946, 1, 8904, 0.45, 5, 0, 0, 0, '2018-07-25 00:26:43'),
(1947, 8904, 11, 2.45, 3, 228, 0, 0, '2018-07-25 00:26:55'),
(1948, 1, 8905, 2.00, 6, 0, 0, 0, '2018-07-25 00:27:55'),
(1949, 8905, 11, 2.00, 3, 228, 0, 0, '2018-07-25 00:28:09'),
(1950, 1, 8906, 2.00, 6, 0, 0, 0, '2018-07-25 00:28:30'),
(1951, 8906, 11, 2.00, 3, 228, 0, 0, '2018-07-25 00:28:34'),
(1952, 11, 8905, 5.56, 4, 228, 0, 0, '2018-07-25 00:28:39'),
(1953, 11, 1, 0.89, 7, 228, 0, 0, '2018-07-25 00:28:39'),
(1954, 1, 8902, 0.12, 10, 0, 8904, 0, '2018-07-25 00:28:39'),
(1955, 1, 8850, 0.05, 10, 0, 8904, 0, '2018-07-25 00:28:39'),
(1956, 1, 8844, 0.02, 10, 0, 8904, 0, '2018-07-25 00:28:39'),
(1957, 1, 8902, 0.10, 10, 0, 8906, 0, '2018-07-25 00:28:39'),
(1958, 1, 8850, 0.04, 10, 0, 8906, 0, '2018-07-25 00:28:39'),
(1959, 1, 8844, 0.02, 10, 0, 8906, 0, '2018-07-25 00:28:39'),
(1960, 8902, 11, 1.00, 3, 229, 0, 0, '2018-07-25 00:41:37'),
(1961, 8902, 11, 1.85, 3, 229, 0, 0, '2018-07-25 00:41:49'),
(1962, 11, 8902, 2.85, 8, 229, 0, 0, '2018-07-25 00:43:45'),
(1963, 1, 8907, 2.00, 6, 0, 0, 0, '2018-07-25 10:37:23'),
(1964, 1, 8907, 0.52, 5, 0, 0, 0, '2018-07-25 10:37:38'),
(1965, 8907, 11, 1.00, 3, 230, 0, 0, '2018-07-25 10:38:19'),
(1966, 8907, 11, 1.52, 3, 230, 0, 0, '2018-07-25 10:38:52'),
(1967, 11, 8907, 2.52, 8, 230, 0, 0, '2018-07-25 10:40:27'),
(1968, 1, 8880, 0.33, 5, 0, 0, 0, '2018-07-25 10:41:25'),
(1969, 1, 8827, 0.18, 5, 0, 0, 0, '2018-07-25 10:51:19'),
(1970, 1, 8838, 0.62, 5, 0, 0, 0, '2018-07-25 11:00:04'),
(1971, 1, 8881, 0.01, 5, 0, 0, 0, '2018-07-25 11:08:00'),
(1972, 1, 8908, 2.00, 6, 0, 0, 0, '2018-07-25 11:19:46'),
(1973, 1, 8908, 0.22, 5, 0, 0, 0, '2018-07-25 11:20:04'),
(1974, 8908, 11, 2.22, 3, 231, 0, 0, '2018-07-25 11:20:30'),
(1975, 11, 8908, 2.22, 8, 231, 0, 0, '2018-07-25 11:22:38'),
(1976, 8908, 11, 2.22, 3, 232, 0, 0, '2018-07-25 11:22:49'),
(1977, 11, 8908, 2.22, 8, 232, 0, 0, '2018-07-25 11:24:57'),
(1978, 1, 8909, 2.00, 6, 0, 0, 0, '2018-07-25 11:55:10'),
(1979, 8909, 11, 2.00, 3, 233, 0, 0, '2018-07-25 11:58:20'),
(1980, 11, 8909, 2.00, 8, 233, 0, 0, '2018-07-25 12:00:29'),
(1981, 8909, 11, 2.00, 3, 234, 0, 0, '2018-07-25 12:00:54'),
(1982, 11, 8909, 2.00, 8, 234, 0, 0, '2018-07-25 12:03:02'),
(1983, 8909, 11, 2.00, 3, 235, 0, 0, '2018-07-25 12:07:57'),
(1984, 11, 8909, 2.00, 8, 235, 0, 0, '2018-07-25 12:10:05'),
(1985, 8909, 11, 1.00, 3, 236, 0, 0, '2018-07-25 12:12:38'),
(1986, 8909, 11, 1.00, 3, 236, 0, 0, '2018-07-25 12:12:44'),
(1987, 11, 8909, 2.00, 8, 236, 0, 0, '2018-07-25 12:14:47'),
(1988, 8909, 11, 2.00, 3, 237, 0, 0, '2018-07-25 13:47:58'),
(1989, 11, 8909, 2.00, 8, 237, 0, 0, '2018-07-25 13:50:06'),
(1990, 1, 8910, 2.00, 6, 0, 0, 0, '2018-07-25 13:53:52'),
(1991, 1, 8910, 0.43, 5, 0, 0, 0, '2018-07-25 13:54:01'),
(1992, 8910, 11, 1.00, 3, 238, 0, 0, '2018-07-25 13:54:38'),
(1993, 8910, 11, 1.41, 3, 238, 0, 0, '2018-07-25 13:55:09'),
(1994, 11, 8910, 2.41, 8, 238, 0, 0, '2018-07-25 13:56:47'),
(1995, 8910, 11, 2.43, 3, 239, 0, 0, '2018-07-25 14:09:24'),
(1996, 11, 8910, 2.43, 8, 239, 0, 0, '2018-07-25 14:11:32'),
(1997, 8907, 11, 2.52, 3, 240, 0, 0, '2018-07-25 15:10:33'),
(1998, 11, 8907, 2.52, 8, 240, 0, 0, '2018-07-25 15:12:42'),
(1999, 8907, 11, 2.52, 3, 241, 0, 0, '2018-07-25 15:13:23'),
(2000, 11, 8907, 2.52, 8, 241, 0, 0, '2018-07-25 15:15:31'),
(2001, 1, 8911, 2.00, 6, 0, 0, 0, '2018-07-25 16:45:11'),
(2002, 8911, 11, 1.00, 3, 242, 0, 0, '2018-07-25 16:45:14'),
(2003, 8911, 11, 1.00, 3, 242, 0, 0, '2018-07-25 16:45:14'),
(2004, 8882, 11, 1.00, 3, 242, 0, 0, '2018-07-25 16:47:20'),
(2005, 8788, 11, 1.00, 3, 242, 0, 0, '2018-07-25 16:47:44'),
(2006, 11, 8788, 3.40, 4, 242, 0, 0, '2018-07-25 16:47:50'),
(2007, 11, 1, 0.60, 7, 242, 0, 0, '2018-07-25 16:47:50'),
(2008, 1, 8799, 0.10, 10, 0, 8911, 0, '2018-07-25 16:47:50'),
(2009, 1, 8797, 0.04, 10, 0, 8911, 0, '2018-07-25 16:47:50'),
(2010, 1, 8795, 0.02, 10, 0, 8911, 0, '2018-07-25 16:47:50'),
(2011, 8882, 11, 1.00, 3, 243, 0, 0, '2018-07-25 16:48:03'),
(2012, 1, 8882, 0.09, 5, 0, 0, 0, '2018-07-25 16:48:30'),
(2013, 11, 8882, 1.00, 8, 243, 0, 0, '2018-07-25 16:50:11'),
(2014, 8788, 11, 1.00, 3, 244, 0, 0, '2018-07-25 16:50:19'),
(2015, 8882, 11, 1.00, 3, 244, 0, 0, '2018-07-25 16:50:33'),
(2016, 11, 8882, 1.80, 4, 244, 0, 0, '2018-07-25 16:51:03'),
(2017, 11, 1, 0.20, 7, 244, 0, 0, '2018-07-25 16:51:03'),
(2018, 8882, 11, 1.00, 3, 245, 0, 0, '2018-07-25 16:59:26'),
(2019, 8788, 11, 1.00, 3, 245, 0, 0, '2018-07-25 16:59:51'),
(2020, 11, 8788, 1.80, 4, 245, 0, 0, '2018-07-25 17:00:22'),
(2021, 11, 1, 0.20, 7, 245, 0, 0, '2018-07-25 17:00:22'),
(2022, 8902, 11, 2.85, 3, 246, 0, 0, '2018-07-25 17:07:32'),
(2023, 11, 8902, 2.85, 8, 246, 0, 0, '2018-07-25 17:09:40'),
(2024, 8902, 11, 2.85, 3, 247, 0, 0, '2018-07-25 17:09:58'),
(2025, 11, 8902, 2.85, 8, 247, 0, 0, '2018-07-25 17:12:06'),
(2026, 8902, 11, 2.85, 3, 248, 0, 0, '2018-07-25 17:12:22'),
(2027, 11, 8902, 2.85, 8, 248, 0, 0, '2018-07-25 17:14:30'),
(2028, 8902, 11, 2.85, 3, 249, 0, 0, '2018-07-25 17:14:47'),
(2029, 11, 8902, 2.85, 8, 249, 0, 0, '2018-07-25 17:16:56'),
(2030, 8902, 11, 2.85, 3, 250, 0, 0, '2018-07-25 17:18:16'),
(2031, 11, 8902, 2.85, 8, 250, 0, 0, '2018-07-25 17:20:24'),
(2032, 8902, 11, 2.85, 3, 251, 0, 0, '2018-07-25 17:22:32'),
(2033, 11, 8902, 2.85, 8, 251, 0, 0, '2018-07-25 17:24:40'),
(2034, 8902, 11, 2.85, 3, 252, 0, 0, '2018-07-25 17:36:05'),
(2035, 11, 8902, 2.85, 8, 252, 0, 0, '2018-07-25 17:38:13'),
(2036, 8902, 11, 2.85, 3, 253, 0, 0, '2018-07-25 17:38:31'),
(2037, 11, 8902, 2.85, 8, 253, 0, 0, '2018-07-25 17:40:40'),
(2038, 8902, 11, 2.85, 3, 254, 0, 0, '2018-07-25 17:40:44'),
(2039, 11, 8902, 2.85, 8, 254, 0, 0, '2018-07-25 17:42:52'),
(2040, 8902, 11, 2.85, 3, 255, 0, 0, '2018-07-25 17:43:02'),
(2041, 11, 8902, 2.85, 8, 255, 0, 0, '2018-07-25 17:45:10'),
(2042, 8902, 11, 2.85, 3, 256, 0, 0, '2018-07-25 17:45:22'),
(2043, 11, 8902, 2.85, 8, 256, 0, 0, '2018-07-25 17:47:30'),
(2044, 8902, 11, 2.85, 3, 257, 0, 0, '2018-07-25 17:48:42'),
(2045, 11, 8902, 2.85, 8, 257, 0, 0, '2018-07-25 17:50:50'),
(2046, 1, 8912, 2.00, 6, 0, 0, 0, '2018-07-25 18:30:19'),
(2047, 8912, 11, 1.00, 3, 258, 0, 0, '2018-07-25 18:30:49'),
(2048, 8912, 11, 1.00, 3, 258, 0, 0, '2018-07-25 18:30:51'),
(2049, 1, 8913, 2.00, 6, 0, 0, 0, '2018-07-25 18:31:34'),
(2050, 1, 8914, 2.00, 6, 0, 0, 0, '2018-07-25 18:32:02'),
(2051, 8914, 11, 1.00, 3, 258, 0, 0, '2018-07-25 18:32:05'),
(2052, 8914, 11, 1.00, 3, 258, 0, 0, '2018-07-25 18:32:06'),
(2053, 8913, 11, 1.00, 3, 258, 0, 0, '2018-07-25 18:32:08'),
(2054, 8913, 11, 1.00, 3, 258, 0, 0, '2018-07-25 18:32:09'),
(2055, 1, 8915, 2.00, 6, 0, 0, 0, '2018-07-25 18:32:28'),
(2056, 8915, 11, 1.00, 3, 258, 0, 0, '2018-07-25 18:32:30'),
(2057, 8915, 11, 1.00, 3, 258, 0, 0, '2018-07-25 18:32:31'),
(2058, 11, 8913, 6.80, 4, 258, 0, 0, '2018-07-25 18:32:35'),
(2059, 11, 1, 1.20, 7, 258, 0, 0, '2018-07-25 18:32:35'),
(2060, 1, 8850, 0.10, 10, 0, 8912, 0, '2018-07-25 18:32:35'),
(2061, 1, 8844, 0.04, 10, 0, 8912, 0, '2018-07-25 18:32:35'),
(2062, 1, 8808, 0.02, 10, 0, 8912, 0, '2018-07-25 18:32:35'),
(2063, 1, 8850, 0.10, 10, 0, 8915, 0, '2018-07-25 18:32:35'),
(2064, 1, 8844, 0.04, 10, 0, 8915, 0, '2018-07-25 18:32:35'),
(2065, 1, 8808, 0.02, 10, 0, 8915, 0, '2018-07-25 18:32:35'),
(2066, 1, 8913, 0.51, 5, 0, 0, 0, '2018-07-25 18:33:32'),
(2067, 8909, 11, 2.00, 3, 259, 0, 0, '2018-07-25 18:36:16'),
(2068, 11, 8909, 2.00, 8, 259, 0, 0, '2018-07-25 18:38:24'),
(2069, 1, 8916, 2.00, 6, 0, 0, 0, '2018-07-25 18:39:26'),
(2070, 8916, 11, 2.00, 3, 260, 0, 0, '2018-07-25 18:39:30'),
(2071, 8913, 11, 7.31, 3, 260, 0, 0, '2018-07-25 18:39:57'),
(2072, 8909, 11, 2.00, 3, 260, 0, 0, '2018-07-25 18:40:24'),
(2073, 11, 8913, 10.51, 4, 260, 0, 0, '2018-07-25 18:40:27'),
(2074, 11, 1, 0.80, 7, 260, 0, 0, '2018-07-25 18:40:27'),
(2075, 1, 8893, 0.10, 10, 0, 8916, 0, '2018-07-25 18:40:27'),
(2076, 1, 8917, 2.00, 6, 0, 0, 0, '2018-07-25 18:41:10'),
(2077, 8913, 11, 1.00, 3, 261, 0, 0, '2018-07-25 18:42:53'),
(2078, 8913, 11, 9.51, 3, 261, 0, 0, '2018-07-25 18:44:16'),
(2079, 11, 8913, 10.51, 8, 261, 0, 0, '2018-07-25 18:45:02'),
(2080, 1, 8918, 2.00, 6, 0, 0, 0, '2018-07-25 18:46:41'),
(2081, 1, 8918, 0.67, 5, 0, 0, 0, '2018-07-25 18:47:02'),
(2082, 8918, 11, 2.67, 3, 262, 0, 0, '2018-07-25 18:47:10'),
(2083, 8913, 11, 9.51, 3, 262, 0, 0, '2018-07-25 18:47:47'),
(2084, 8913, 11, 1.00, 3, 262, 0, 0, '2018-07-25 18:47:51'),
(2085, 11, 8913, 12.65, 4, 262, 0, 0, '2018-07-25 18:48:17'),
(2086, 11, 1, 0.53, 7, 262, 0, 0, '2018-07-25 18:48:17'),
(2087, 1, 8919, 2.00, 6, 0, 0, 0, '2018-07-25 18:49:41'),
(2088, 8919, 11, 2.00, 3, 263, 0, 0, '2018-07-25 18:50:27'),
(2089, 8788, 11, 1.00, 3, 263, 0, 0, '2018-07-25 18:50:40'),
(2090, 8788, 11, 1.63, 3, 263, 0, 0, '2018-07-25 18:50:45'),
(2091, 8913, 11, 5.00, 3, 263, 0, 0, '2018-07-25 18:50:48'),
(2092, 8913, 11, 7.65, 3, 263, 0, 0, '2018-07-25 18:51:08'),
(2093, 11, 8788, 14.35, 4, 263, 0, 0, '2018-07-25 18:51:10'),
(2094, 11, 1, 2.93, 7, 263, 0, 0, '2018-07-25 18:51:10'),
(2095, 1, 8850, 0.63, 10, 0, 8913, 0, '2018-07-25 18:51:10'),
(2096, 1, 8844, 0.25, 10, 0, 8913, 0, '2018-07-25 18:51:10'),
(2097, 1, 8808, 0.13, 10, 0, 8913, 0, '2018-07-25 18:51:10'),
(2098, 8902, 11, 2.85, 3, 264, 0, 0, '2018-07-25 19:01:28'),
(2099, 8788, 11, 1.00, 3, 264, 0, 0, '2018-07-25 19:01:58'),
(2100, 8788, 11, 1.35, 3, 264, 0, 0, '2018-07-25 19:02:05'),
(2101, 11, 8902, 4.73, 4, 264, 0, 0, '2018-07-25 19:02:28'),
(2102, 11, 1, 0.47, 7, 264, 0, 0, '2018-07-25 19:02:28'),
(2103, 8902, 11, 4.73, 3, 265, 0, 0, '2018-07-25 19:03:00'),
(2104, 8788, 11, 2.99, 3, 265, 0, 0, '2018-07-25 19:03:18'),
(2105, 11, 8902, 7.12, 4, 265, 0, 0, '2018-07-25 19:03:48'),
(2106, 11, 1, 0.60, 7, 265, 0, 0, '2018-07-25 19:03:48'),
(2107, 8902, 11, 1.12, 3, 266, 0, 0, '2018-07-25 19:04:51'),
(2108, 8902, 11, 1.00, 3, 266, 0, 0, '2018-07-25 19:04:59'),
(2109, 8902, 11, 1.00, 3, 266, 0, 0, '2018-07-25 19:05:00'),
(2110, 8902, 11, 4.00, 3, 266, 0, 0, '2018-07-25 19:06:00'),
(2111, 11, 8902, 7.12, 8, 266, 0, 0, '2018-07-25 19:07:00'),
(2112, 1, 8920, 2.00, 6, 0, 0, 0, '2018-07-25 19:20:59'),
(2113, 8920, 11, 1.00, 3, 267, 0, 0, '2018-07-25 19:21:17'),
(2114, 8920, 11, 1.00, 3, 267, 0, 0, '2018-07-25 19:21:21'),
(2115, 11, 8920, 2.00, 8, 267, 0, 0, '2018-07-25 19:23:26'),
(2116, 1, 8797, 0.53, 5, 0, 0, 0, '2018-07-25 19:34:26'),
(2117, 8797, 11, 1.40, 3, 268, 0, 0, '2018-07-25 19:35:11'),
(2118, 11, 8797, 1.40, 8, 268, 0, 0, '2018-07-25 19:37:19'),
(2119, 8797, 11, 1.40, 3, 269, 0, 0, '2018-07-25 19:48:51'),
(2120, 1, 8921, 2.00, 6, 0, 0, 0, '2018-07-25 19:49:20'),
(2121, 8921, 11, 1.00, 3, 269, 0, 0, '2018-07-25 19:49:45'),
(2122, 11, 8797, 2.20, 4, 269, 0, 0, '2018-07-25 19:50:15'),
(2123, 11, 1, 0.20, 7, 269, 0, 0, '2018-07-25 19:50:15'),
(2124, 8921, 11, 1.00, 3, 270, 0, 0, '2018-07-25 19:50:30'),
(2125, 11, 8921, 1.00, 8, 270, 0, 0, '2018-07-25 19:52:38'),
(2126, 8921, 11, 1.00, 3, 271, 0, 0, '2018-07-25 19:53:21'),
(2127, 11, 8921, 1.00, 8, 271, 0, 0, '2018-07-25 19:55:29'),
(2128, 8921, 11, 1.00, 3, 272, 0, 0, '2018-07-25 19:59:50');

-- --------------------------------------------------------

--
-- Структура таблицы `bets`
--

CREATE TABLE IF NOT EXISTS `bets` (
  `id` int(11) NOT NULL,
  `add_date` datetime NOT NULL,
  `round` int(11) NOT NULL,
  `user_id` int(11) NOT NULL,
  `sum` decimal(10,2) NOT NULL
) ENGINE=InnoDB AUTO_INCREMENT=534 DEFAULT CHARSET=utf8;

--
-- Дамп данных таблицы `bets`
--

INSERT INTO `bets` (`id`, `add_date`, `round`, `user_id`, `sum`) VALUES
(1, '2018-07-18 00:37:37', 1, 8788, 1.00),
(2, '2018-07-18 01:19:45', 2, 8788, 1.00),
(3, '2018-07-18 01:45:06', 3, 10, 1.00),
(4, '2018-07-18 01:45:14', 3, 8788, 1.00),
(5, '2018-07-18 02:55:59', 4, 8788, 1.00),
(6, '2018-07-18 03:15:48', 5, 8788, 1.00),
(7, '2018-07-18 03:35:34', 6, 8788, 1.00),
(8, '2018-07-18 14:17:10', 7, 8788, 1.00),
(9, '2018-07-18 14:41:00', 8, 8788, 1.00),
(10, '2018-07-18 15:10:28', 9, 8788, 1.00),
(11, '2018-07-18 15:30:53', 10, 8790, 1.00),
(12, '2018-07-18 15:31:08', 10, 8788, 1.00),
(13, '2018-07-18 15:31:43', 11, 8788, 1.00),
(14, '2018-07-18 15:32:48', 11, 8790, 1.00),
(15, '2018-07-18 15:33:21', 12, 8790, 2.00),
(16, '2018-07-18 15:33:39', 12, 10, 1.00),
(17, '2018-07-18 15:33:47', 12, 8788, 1.00),
(18, '2018-07-18 15:34:19', 13, 8790, 1.00),
(19, '2018-07-18 15:34:23', 13, 8788, 1.00),
(20, '2018-07-18 15:34:57', 14, 8790, 3.00),
(21, '2018-07-18 15:35:10', 14, 10, 1.77),
(22, '2018-07-18 15:35:51', 15, 8790, 2.00),
(23, '2018-07-18 15:36:17', 15, 8788, 1.57),
(24, '2018-07-18 15:37:42', 16, 8788, 1.00),
(25, '2018-07-18 15:37:47', 16, 8790, 2.00),
(26, '2018-07-18 15:38:24', 17, 8788, 1.17),
(27, '2018-07-18 15:38:29', 17, 8790, 2.00),
(28, '2018-07-18 15:39:09', 18, 8790, 1.00),
(29, '2018-07-18 15:39:11', 18, 8788, 2.00),
(30, '2018-07-18 15:39:45', 19, 8790, 4.00),
(31, '2018-07-18 15:39:48', 19, 8788, 1.80),
(32, '2018-07-18 15:40:26', 20, 8790, 1.00),
(33, '2018-07-18 15:40:53', 20, 8788, 2.00),
(34, '2018-07-18 15:41:28', 21, 8790, 1.00),
(35, '2018-07-18 15:41:54', 21, 8788, 1.00),
(36, '2018-07-18 15:42:53', 22, 8790, 1.00),
(37, '2018-07-18 15:42:56', 22, 8788, 2.00),
(38, '2018-07-18 15:43:39', 23, 8790, 1.00),
(39, '2018-07-18 15:43:46', 23, 8788, 1.99),
(40, '2018-07-18 15:44:20', 24, 8790, 8.00),
(41, '2018-07-18 15:44:33', 24, 8788, 1.80),
(42, '2018-07-18 15:45:26', 25, 8788, 2.80),
(43, '2018-07-18 15:46:20', 25, 8790, 1.00),
(44, '2018-07-18 15:46:54', 26, 8790, 3.00),
(45, '2018-07-18 15:47:10', 26, 8788, 1.00),
(46, '2018-07-18 15:47:45', 27, 8790, 9.50),
(47, '2018-07-18 15:48:18', 27, 8788, 2.80),
(48, '2018-07-18 15:49:19', 28, 8788, 2.00),
(49, '2018-07-18 15:54:30', 29, 8790, 1.00),
(50, '2018-07-18 15:54:33', 29, 8788, 1.00),
(51, '2018-07-18 15:55:11', 30, 8790, 1.00),
(52, '2018-07-18 15:57:48', 31, 8790, 1.00),
(53, '2018-07-18 15:59:37', 31, 8788, 1.00),
(54, '2018-07-18 16:00:10', 32, 8790, 1.00),
(55, '2018-07-18 16:02:25', 33, 8790, 1.00),
(56, '2018-07-18 16:05:49', 34, 8790, 1.00),
(57, '2018-07-18 16:07:13', 34, 8788, 1.00),
(58, '2018-07-18 16:08:15', 35, 8788, 1.00),
(59, '2018-07-18 18:37:44', 36, 8788, 2.60),
(60, '2018-07-18 18:48:32', 37, 8788, 1.00),
(61, '2018-07-18 20:32:31', 38, 8788, 1.00),
(62, '2018-07-19 00:32:55', 39, 8788, 1.00),
(63, '2018-07-19 15:19:14', 40, 8788, 1.00),
(64, '2018-07-19 16:51:11', 41, 8788, 1.00),
(65, '2018-07-19 17:23:04', 42, 8788, 1.00),
(66, '2018-07-19 17:42:25', 43, 8788, 30.00),
(67, '2018-07-19 19:29:08', 44, 10, 1.00),
(68, '2018-07-19 19:29:17', 44, 8788, 1.00),
(69, '2018-07-19 19:36:00', 45, 10, 11.00),
(70, '2018-07-19 19:36:14', 45, 8788, 223.00),
(71, '2018-07-19 19:57:35', 46, 10, 1.00),
(72, '2018-07-19 20:44:44', 47, 8790, 1.00),
(73, '2018-07-19 20:47:05', 48, 8790, 1.00),
(74, '2018-07-19 20:47:51', 48, 8788, 1.00),
(75, '2018-07-19 20:54:08', 49, 8788, 1.00),
(76, '2018-07-19 21:09:47', 50, 8788, 1.00),
(77, '2018-07-19 21:45:05', 51, 8794, 1.00),
(78, '2018-07-19 21:46:55', 51, 8788, 1.00),
(79, '2018-07-19 21:48:00', 52, 8790, 1.00),
(80, '2018-07-19 21:48:05', 52, 10, 1.00),
(81, '2018-07-19 21:48:14', 52, 8788, 1.00),
(82, '2018-07-19 21:48:51', 53, 8790, 7.00),
(83, '2018-07-19 21:48:54', 53, 8788, 1.00),
(84, '2018-07-19 21:48:59', 53, 8794, 1.00),
(85, '2018-07-19 21:50:01', 54, 8794, 1.00),
(86, '2018-07-19 21:50:29', 54, 8788, 1.00),
(87, '2018-07-19 21:50:38', 54, 8790, 2.00),
(88, '2018-07-19 21:51:14', 55, 8790, 1.00),
(89, '2018-07-19 21:51:17', 55, 8788, 1.00),
(90, '2018-07-19 21:51:37', 55, 8794, 2.00),
(91, '2018-07-19 21:51:59', 56, 8790, 2.00),
(92, '2018-07-19 21:52:02', 56, 8788, 1.00),
(93, '2018-07-19 21:52:52', 57, 8788, 1.11),
(94, '2018-07-19 21:52:57', 57, 8790, 2.00),
(95, '2018-07-19 21:53:40', 58, 8790, 6.98),
(96, '2018-07-19 21:53:48', 58, 8788, 2.11),
(97, '2018-07-19 21:54:38', 59, 8790, 1.00),
(98, '2018-07-19 21:56:54', 60, 8790, 1.00),
(99, '2018-07-19 21:59:19', 61, 8790, 1.00),
(100, '2018-07-19 22:05:44', 62, 10, 1.00),
(101, '2018-07-19 22:05:59', 62, 8788, 2.00),
(102, '2018-07-19 22:06:09', 62, 8794, 3.00),
(103, '2018-07-19 22:06:42', 63, 8790, 3.00),
(104, '2018-07-19 22:06:46', 63, 8788, 5.59),
(105, '2018-07-19 22:06:58', 63, 8794, 2.00),
(106, '2018-07-19 22:07:29', 64, 8790, 2.00),
(107, '2018-07-19 22:07:33', 64, 8794, 3.00),
(108, '2018-07-19 22:07:36', 64, 8788, 4.59),
(109, '2018-07-19 22:08:17', 65, 8790, 3.45),
(110, '2018-07-19 22:08:20', 65, 8794, 11.23),
(111, '2018-07-19 22:08:25', 65, 8788, 35.59),
(112, '2018-07-19 22:09:06', 66, 8790, 3.00),
(113, '2018-07-19 22:09:19', 66, 8794, 1.30),
(114, '2018-07-19 22:09:31', 66, 8788, 1.33),
(115, '2018-07-19 22:10:03', 67, 8790, 5.20),
(116, '2018-07-19 22:10:09', 67, 8794, 3.90),
(117, '2018-07-19 22:10:17', 67, 8788, 3.09),
(118, '2018-07-19 22:10:53', 68, 8794, 1.00),
(119, '2018-07-19 22:10:55', 68, 8790, 3.60),
(120, '2018-07-19 22:11:00', 68, 8788, 1.28),
(121, '2018-07-19 22:37:46', 69, 8790, 12.52),
(122, '2018-07-20 21:17:56', 70, 8788, 1.00),
(123, '2018-07-20 22:25:00', 71, 8788, 1.00),
(124, '2018-07-21 15:01:39', 72, 8788, 1.00),
(125, '2018-07-21 15:12:40', 73, 8788, 1.00),
(126, '2018-07-21 15:13:04', 73, 8795, 2.00),
(127, '2018-07-21 15:15:31', 74, 8788, 1.00),
(128, '2018-07-21 15:20:59', 75, 8788, 1.00),
(129, '2018-07-21 15:27:11', 76, 8796, 1.00),
(130, '2018-07-21 15:28:41', 76, 8788, 1.00),
(131, '2018-07-21 15:29:27', 77, 8796, 1.80),
(132, '2018-07-21 15:29:54', 77, 8788, 1.60),
(133, '2018-07-21 15:30:38', 78, 8796, 1.00),
(134, '2018-07-21 15:30:44', 78, 8795, 1.14),
(135, '2018-07-21 15:30:54', 78, 8788, 1.04),
(136, '2018-07-21 15:31:44', 79, 8796, 1.24),
(137, '2018-07-21 15:31:58', 79, 8788, 1.00),
(138, '2018-07-21 15:33:00', 80, 8788, 1.10),
(139, '2018-07-21 15:33:07', 80, 8796, 1.04),
(140, '2018-07-21 15:33:19', 80, 8795, 2.00),
(141, '2018-07-21 15:33:53', 81, 8796, 2.50),
(142, '2018-07-21 15:33:58', 81, 8788, 1.43),
(143, '2018-07-21 15:34:06', 81, 8795, 1.00),
(144, '2018-07-21 15:35:01', 82, 8788, 1.00),
(145, '2018-07-21 15:38:54', 83, 8788, 1.00),
(146, '2018-07-21 15:42:32', 84, 8798, 2.00),
(147, '2018-07-21 15:44:19', 84, 8788, 1.56),
(148, '2018-07-21 15:45:52', 85, 8801, 1.01),
(149, '2018-07-21 15:45:59', 85, 8800, 2.00),
(150, '2018-07-21 15:46:06', 85, 8788, 1.00),
(151, '2018-07-21 15:46:08', 85, 8798, 3.25),
(152, '2018-07-21 15:46:08', 85, 8802, 2.00),
(153, '2018-07-21 15:46:23', 85, 8795, 4.32),
(154, '2018-07-21 15:47:21', 86, 8803, 2.00),
(155, '2018-07-21 15:47:23', 86, 8798, 11.51),
(156, '2018-07-21 15:47:46', 86, 8800, 5.00),
(157, '2018-07-21 15:47:52', 86, 8788, 6.00),
(158, '2018-07-21 15:50:02', 87, 8798, 21.91),
(159, '2018-07-21 15:50:18', 87, 8788, 21.00),
(160, '2018-07-21 15:50:29', 87, 8805, 2.00),
(161, '2018-07-21 15:51:48', 88, 8798, 2.31),
(162, '2018-07-21 15:52:04', 88, 8788, 1.01),
(163, '2018-07-21 15:52:23', 88, 8799, 1.00),
(164, '2018-07-21 15:52:55', 89, 8807, 2.78),
(165, '2018-07-21 15:52:59', 89, 8808, 2.00),
(166, '2018-07-21 15:53:11', 89, 8809, 2.00),
(167, '2018-07-21 15:53:25', 89, 8788, 1.99),
(168, '2018-07-21 15:54:33', 90, 8810, 2.00),
(169, '2018-07-21 15:54:44', 90, 8806, 2.14),
(170, '2018-07-21 15:54:50', 90, 8811, 2.00),
(171, '2018-07-21 15:55:04', 90, 8808, 7.41),
(172, '2018-07-21 15:55:46', 91, 8797, 2.21),
(173, '2018-07-21 15:55:50', 91, 8806, 1.27),
(174, '2018-07-21 15:56:15', 91, 8788, 1.00),
(175, '2018-07-21 15:56:37', 92, 8812, 2.42),
(176, '2018-07-21 15:57:29', 92, 8806, 2.82),
(177, '2018-07-21 15:57:43', 92, 8813, 2.35),
(178, '2018-07-21 15:57:45', 92, 8788, 1.78),
(179, '2018-07-21 15:58:37', 93, 8806, 2.13),
(180, '2018-07-21 15:58:42', 93, 8816, 2.00),
(181, '2018-07-21 15:58:57', 93, 8814, 2.71),
(182, '2018-07-21 15:59:05', 93, 8817, 2.00),
(183, '2018-07-21 16:00:29', 94, 8817, 3.08),
(184, '2018-07-21 16:00:31', 94, 8815, 2.59),
(185, '2018-07-21 16:00:49', 94, 8819, 2.00),
(186, '2018-07-21 16:01:16', 95, 8817, 4.99),
(187, '2018-07-21 16:01:28', 95, 8815, 1.75),
(188, '2018-07-21 16:01:55', 95, 8820, 2.00),
(189, '2018-07-21 16:02:09', 96, 8815, 2.00),
(190, '2018-07-21 16:03:07', 96, 8806, 1.00),
(191, '2018-07-21 16:03:13', 96, 8821, 2.00),
(192, '2018-07-21 16:03:33', 96, 8822, 2.00),
(193, '2018-07-21 16:04:42', 97, 8824, 1.00),
(194, '2018-07-21 16:04:49', 97, 8788, 1.00),
(195, '2018-07-21 16:05:01', 97, 8825, 2.00),
(196, '2018-07-21 16:05:17', 97, 8806, 1.00),
(197, '2018-07-21 16:05:37', 98, 8824, 1.00),
(198, '2018-07-21 16:05:39', 98, 8815, 10.44),
(199, '2018-07-21 16:05:55', 98, 8788, 14.85),
(200, '2018-07-21 16:05:59', 98, 8826, 2.00),
(201, '2018-07-21 16:06:04', 98, 8822, 2.99),
(202, '2018-07-21 16:06:06', 98, 8806, 1.20),
(203, '2018-07-21 16:06:23', 99, 8822, 2.99),
(204, '2018-07-21 16:06:36', 99, 8788, 1.95),
(205, '2018-07-21 16:06:43', 99, 8828, 2.00),
(206, '2018-07-21 16:07:04', 99, 8829, 2.00),
(207, '2018-07-21 16:07:05', 99, 8806, 1.00),
(208, '2018-07-21 16:07:20', 100, 8830, 1.00),
(209, '2018-07-21 16:07:32', 100, 8827, 1.00),
(210, '2018-07-21 16:07:35', 100, 8806, 1.00),
(211, '2018-07-21 16:08:16', 101, 8830, 1.00),
(212, '2018-07-21 16:08:23', 101, 8827, 1.60),
(213, '2018-07-21 16:08:50', 101, 8806, 1.00),
(214, '2018-07-21 16:09:12', 102, 8827, 2.00),
(215, '2018-07-21 16:09:42', 102, 8832, 2.00),
(216, '2018-07-21 16:09:46', 102, 8831, 2.56),
(217, '2018-07-21 16:10:00', 102, 8788, 1.34),
(218, '2018-07-21 16:10:03', 102, 8806, 1.00),
(219, '2018-07-21 16:10:05', 102, 8833, 2.00),
(220, '2018-07-21 16:10:06', 102, 8830, 3.33),
(221, '2018-07-21 16:11:03', 103, 8827, 1.94),
(222, '2018-07-21 16:11:18', 103, 8836, 2.00),
(223, '2018-07-21 16:11:20', 103, 8834, 2.00),
(224, '2018-07-21 16:11:21', 103, 8835, 1.00),
(225, '2018-07-21 16:12:01', 104, 8835, 1.00),
(226, '2018-07-21 16:12:03', 104, 8827, 4.00),
(227, '2018-07-21 16:12:04', 104, 8834, 1.95),
(228, '2018-07-21 16:12:30', 104, 8795, 3.19),
(229, '2018-07-21 16:12:30', 104, 8806, 1.20),
(230, '2018-07-21 16:12:54', 105, 8795, 2.02),
(231, '2018-07-21 16:13:14', 105, 8837, 1.18),
(232, '2018-07-21 16:13:16', 105, 8834, 1.00),
(233, '2018-07-21 16:13:34', 105, 8838, 2.00),
(234, '2018-07-21 16:13:54', 106, 8834, 12.46),
(235, '2018-07-21 16:14:01', 106, 8837, 1.00),
(236, '2018-07-21 16:14:08', 106, 8800, 2.56),
(237, '2018-07-21 16:14:24', 106, 8838, 2.36),
(238, '2018-07-21 16:14:45', 107, 8838, 3.00),
(239, '2018-07-21 16:14:51', 107, 8834, 1.20),
(240, '2018-07-21 16:14:59', 108, 8788, 14.00),
(241, '2018-07-21 16:15:16', 107, 8788, 9.00),
(242, '2018-07-21 16:15:36', 109, 8838, 6.16),
(243, '2018-07-21 16:15:40', 108, 8834, 16.00),
(244, '2018-07-21 16:16:20', 109, 8834, 3.15),
(245, '2018-07-21 16:16:26', 109, 8788, 2.00),
(246, '2018-07-21 16:16:32', 109, 8840, 2.00),
(247, '2018-07-21 16:16:42', 109, 8839, 1.99),
(248, '2018-07-21 16:17:16', 110, 8834, 19.00),
(249, '2018-07-21 16:17:22', 110, 8788, 1.00),
(250, '2018-07-21 16:17:27', 110, 8838, 4.53),
(251, '2018-07-21 16:18:11', 111, 8834, 3.42),
(252, '2018-07-21 16:18:15', 111, 8788, 13.00),
(253, '2018-07-21 16:18:28', 111, 8843, 2.00),
(254, '2018-07-21 16:18:35', 111, 8842, 2.00),
(255, '2018-07-21 16:19:05', 112, 8834, 20.00),
(256, '2018-07-21 16:19:09', 112, 8788, 150.00),
(257, '2018-07-21 16:20:05', 113, 8788, 1.94),
(258, '2018-07-21 16:20:31', 113, 8845, 2.78),
(259, '2018-07-21 16:20:37', 113, 8841, 2.00),
(260, '2018-07-21 16:20:47', 113, 8846, 2.12),
(261, '2018-07-21 16:20:50', 113, 8847, 2.00),
(262, '2018-07-21 16:21:16', 114, 8848, 2.00),
(263, '2018-07-21 16:21:18', 114, 8815, 3.26),
(264, '2018-07-21 16:21:19', 114, 8851, 2.00),
(265, '2018-07-21 16:21:24', 114, 8849, 2.00),
(266, '2018-07-21 16:21:30', 114, 8850, 2.00),
(267, '2018-07-21 16:21:31', 114, 8797, 1.00),
(268, '2018-07-21 16:22:36', 115, 8841, 1.55),
(269, '2018-07-21 16:23:19', 115, 8788, 1.00),
(270, '2018-07-21 16:24:02', 116, 8854, 2.00),
(271, '2018-07-21 16:24:05', 116, 8855, 2.91),
(272, '2018-07-21 16:24:08', 116, 8852, 2.12),
(273, '2018-07-21 16:24:10', 116, 8841, 1.35),
(274, '2018-07-21 16:24:11', 116, 8853, 2.17),
(275, '2018-07-21 16:24:18', 116, 8788, 1.00),
(276, '2018-07-21 16:24:50', 117, 8841, 1.00),
(277, '2018-07-21 16:25:05', 117, 8854, 2.64),
(278, '2018-07-21 16:25:19', 117, 8788, 2.07),
(279, '2018-07-21 16:25:34', 117, 8797, 1.01),
(280, '2018-07-21 16:25:48', 118, 8854, 2.50),
(281, '2018-07-21 16:26:20', 118, 8856, 2.00),
(282, '2018-07-21 16:26:38', 118, 8858, 2.00),
(283, '2018-07-21 16:26:48', 118, 8857, 2.47),
(284, '2018-07-21 16:26:49', 118, 8797, 1.43),
(285, '2018-07-21 16:27:07', 119, 8854, 3.50),
(286, '2018-07-21 16:27:16', 119, 8859, 2.00),
(287, '2018-07-21 16:27:36', 119, 8861, 2.00),
(288, '2018-07-21 16:27:39', 119, 8860, 2.00),
(289, '2018-07-21 16:27:44', 119, 8804, 2.83),
(290, '2018-07-21 16:28:02', 120, 8860, 10.26),
(291, '2018-07-21 16:28:06', 120, 8815, 1.00),
(292, '2018-07-21 16:28:21', 120, 8797, 4.56),
(293, '2018-07-21 16:28:21', 120, 8862, 1.00),
(294, '2018-07-21 16:28:49', 121, 8863, 2.00),
(295, '2018-07-21 16:29:05', 121, 8864, 2.00),
(296, '2018-07-21 16:29:33', 121, 8862, 1.52),
(297, '2018-07-21 16:29:33', 121, 8857, 1.74),
(298, '2018-07-21 16:29:56', 122, 8797, 1.00),
(299, '2018-07-21 16:30:04', 122, 8866, 2.00),
(300, '2018-07-21 16:30:12', 122, 8867, 2.96),
(301, '2018-07-21 16:30:14', 122, 8865, 2.19),
(302, '2018-07-21 16:30:21', 122, 8864, 6.21),
(303, '2018-07-21 16:30:21', 122, 8869, 2.00),
(304, '2018-07-21 16:30:31', 122, 8788, 1.00),
(305, '2018-07-21 16:30:45', 123, 8797, 2.00),
(306, '2018-07-21 16:31:11', 123, 8860, 10.00),
(307, '2018-07-21 16:32:15', 124, 8860, 2.00),
(308, '2018-07-21 16:32:37', 124, 8788, 1.00),
(309, '2018-07-21 16:33:06', 124, 8868, 2.99),
(310, '2018-07-21 16:33:38', 125, 8860, 5.40),
(311, '2018-07-21 16:34:22', 125, 8844, 2.48),
(312, '2018-07-21 16:34:46', 125, 8788, 2.72),
(313, '2018-07-21 16:36:18', 126, 8860, 24.56),
(314, '2018-07-21 16:36:21', 126, 8788, 200.00),
(315, '2018-07-21 16:39:40', 127, 8808, 1.57),
(316, '2018-07-21 16:43:32', 128, 8808, 1.57),
(317, '2018-07-21 16:43:59', 128, 8823, 2.00),
(318, '2018-07-21 16:48:57', 129, 8808, 3.17),
(319, '2018-07-21 16:57:39', 130, 8808, 3.10),
(320, '2018-07-21 17:00:41', 131, 8808, 3.17),
(321, '2018-07-22 17:07:36', 132, 8788, 1.00),
(322, '2018-07-22 17:41:00', 133, 8788, 1.00),
(323, '2018-07-22 17:41:05', 133, 8870, 1.00),
(324, '2018-07-22 17:41:13', 133, 8871, 2.00),
(325, '2018-07-22 17:41:55', 134, 8788, 1.02),
(326, '2018-07-22 17:42:19', 134, 8871, 3.11),
(327, '2018-07-22 17:43:41', 135, 8871, 2.20),
(328, '2018-07-22 17:43:46', 135, 8788, 1.00),
(329, '2018-07-22 17:44:58', 136, 8871, 3.20),
(330, '2018-07-22 17:45:13', 136, 8788, 1.00),
(331, '2018-07-22 17:45:59', 137, 8871, 2.00),
(332, '2018-07-22 17:46:33', 137, 8795, 1.05),
(333, '2018-07-22 17:47:28', 138, 8871, 1.00),
(334, '2018-07-22 17:47:47', 138, 8788, 1.56),
(335, '2018-07-22 17:48:32', 139, 8871, 1.00),
(336, '2018-07-22 17:48:41', 139, 8788, 1.36),
(337, '2018-07-22 17:49:55', 140, 8870, 1.00),
(338, '2018-07-22 17:50:27', 140, 8788, 1.16),
(339, '2018-07-24 01:27:40', 141, 8872, 2.00),
(340, '2018-07-24 01:34:03', 142, 8872, 2.00),
(341, '2018-07-24 02:02:19', 143, 8873, 1.00),
(342, '2018-07-24 02:03:39', 143, 8874, 1.00),
(343, '2018-07-24 06:27:07', 144, 8875, 1.11),
(344, '2018-07-24 06:54:30', 145, 8875, 1.11),
(345, '2018-07-24 07:01:44', 146, 8876, 2.00),
(346, '2018-07-24 07:02:38', 146, 8877, 2.00),
(347, '2018-07-24 07:03:51', 147, 8876, 3.60),
(348, '2018-07-24 07:04:41', 147, 8875, 2.88),
(349, '2018-07-24 07:15:56', 148, 8878, 2.14),
(350, '2018-07-24 07:19:35', 149, 8878, 2.14),
(351, '2018-07-24 07:25:20', 150, 8878, 2.14),
(352, '2018-07-24 07:35:08', 151, 8878, 2.14),
(353, '2018-07-24 08:03:09', 152, 8876, 5.90),
(354, '2018-07-24 08:05:41', 153, 8876, 5.90),
(355, '2018-07-24 08:54:30', 154, 8879, 2.25),
(356, '2018-07-24 08:58:15', 155, 8879, 2.25),
(357, '2018-07-24 09:05:31', 156, 8878, 2.14),
(358, '2018-07-24 09:34:04', 157, 8880, 2.95),
(359, '2018-07-24 09:40:52', 158, 8880, 2.95),
(360, '2018-07-24 09:49:10', 159, 8880, 2.95),
(361, '2018-07-24 09:55:58', 160, 8880, 2.95),
(362, '2018-07-24 10:40:50', 161, 8838, 1.00),
(363, '2018-07-24 10:48:46', 162, 8881, 1.00),
(364, '2018-07-24 10:52:10', 163, 8881, 1.00),
(365, '2018-07-24 10:52:49', 163, 8882, 1.00),
(366, '2018-07-24 10:53:32', 164, 8882, 1.00),
(367, '2018-07-24 10:53:46', 164, 8881, 1.56),
(368, '2018-07-24 10:54:31', 165, 8882, 2.00),
(369, '2018-07-24 10:55:00', 165, 8838, 2.37),
(370, '2018-07-24 10:55:47', 166, 8882, 1.00),
(371, '2018-07-24 10:58:00', 167, 8882, 3.00),
(372, '2018-07-24 10:58:43', 167, 8870, 1.00),
(373, '2018-07-24 10:59:29', 168, 8882, 1.00),
(374, '2018-07-24 10:59:50', 168, 8870, 2.00),
(375, '2018-07-24 11:00:35', 169, 8882, 1.00),
(376, '2018-07-24 11:00:37', 169, 8870, 1.99),
(377, '2018-07-24 11:01:24', 170, 8882, 1.00),
(378, '2018-07-24 11:01:24', 170, 8870, 1.99),
(379, '2018-07-24 11:02:17', 171, 8882, 1.00),
(380, '2018-07-24 11:05:50', 172, 8882, 1.00),
(381, '2018-07-24 11:11:15', 173, 8880, 2.95),
(382, '2018-07-24 11:11:40', 173, 8882, 1.00),
(383, '2018-07-24 11:13:15', 174, 8882, 1.00),
(384, '2018-07-24 11:15:30', 175, 8882, 1.00),
(385, '2018-07-24 12:47:47', 176, 8883, 1.00),
(386, '2018-07-24 12:49:48', 176, 8884, 2.00),
(387, '2018-07-24 12:50:31', 177, 8883, 1.00),
(388, '2018-07-24 12:50:43', 177, 8884, 2.80),
(389, '2018-07-24 12:51:33', 178, 8884, 3.60),
(390, '2018-07-24 13:35:51', 179, 8882, 1.00),
(391, '2018-07-24 13:39:48', 180, 8882, 1.00),
(392, '2018-07-24 13:42:54', 181, 8882, 1.00),
(393, '2018-07-24 14:06:38', 182, 8882, 1.00),
(394, '2018-07-24 14:37:52', 183, 8885, 2.00),
(395, '2018-07-24 14:48:21', 184, 8886, 2.46),
(396, '2018-07-24 14:51:39', 185, 8887, 2.00),
(397, '2018-07-24 14:52:05', 185, 8850, 1.38),
(398, '2018-07-24 14:52:27', 185, 8886, 2.30),
(399, '2018-07-24 14:53:24', 186, 8887, 4.94),
(400, '2018-07-24 14:54:57', 186, 8888, 2.00),
(401, '2018-07-24 14:55:18', 186, 8889, 2.00),
(402, '2018-07-24 14:56:26', 187, 8890, 2.00),
(403, '2018-07-24 14:56:30', 187, 8888, 7.00),
(404, '2018-07-24 14:59:13', 188, 8888, 9.00),
(405, '2018-07-24 15:00:04', 188, 8800, 50.00),
(406, '2018-07-24 15:00:16', 188, 8788, 9.99),
(407, '2018-07-24 15:00:49', 189, 8788, 9.99),
(408, '2018-07-24 15:00:52', 189, 8800, 9.99),
(409, '2018-07-24 15:01:52', 190, 8800, 10.00),
(410, '2018-07-24 15:02:06', 190, 8788, 39.96),
(411, '2018-07-24 15:02:53', 191, 8800, 63.38),
(412, '2018-07-24 15:02:59', 191, 8788, 53.38),
(413, '2018-07-24 15:04:03', 192, 8800, 106.08),
(414, '2018-07-24 15:04:08', 192, 8788, 310.00),
(415, '2018-07-24 15:18:03', 193, 8891, 2.64),
(416, '2018-07-24 15:19:59', 193, 8808, 3.40),
(417, '2018-07-24 15:20:18', 193, 8876, 5.90),
(418, '2018-07-24 15:27:16', 194, 8876, 10.73),
(419, '2018-07-24 15:37:58', 195, 8882, 1.00),
(420, '2018-07-24 15:40:15', 196, 8882, 1.00),
(421, '2018-07-24 15:42:28', 197, 8882, 1.00),
(422, '2018-07-24 15:43:34', 197, 8892, 2.79),
(423, '2018-07-24 15:45:21', 198, 8882, 1.00),
(424, '2018-07-24 15:47:38', 199, 8882, 1.00),
(425, '2018-07-24 15:48:48', 199, 8893, 2.00),
(426, '2018-07-24 15:49:32', 200, 8882, 1.00),
(427, '2018-07-24 15:50:11', 200, 8893, 2.00),
(428, '2018-07-24 15:51:10', 201, 8882, 1.00),
(429, '2018-07-24 15:52:11', 201, 8894, 1.00),
(430, '2018-07-24 15:52:26', 201, 8893, 1.00),
(431, '2018-07-24 15:52:55', 202, 8882, 1.00),
(432, '2018-07-24 15:52:55', 202, 8894, 1.00),
(433, '2018-07-24 15:53:10', 202, 8788, 1.46),
(434, '2018-07-24 15:53:39', 203, 8882, 1.00),
(435, '2018-07-24 15:54:05', 203, 8893, 1.20),
(436, '2018-07-24 15:54:49', 204, 8882, 1.30),
(437, '2018-07-24 15:55:40', 204, 8893, 1.00),
(438, '2018-07-24 15:56:28', 205, 8895, 1.00),
(439, '2018-07-24 15:57:14', 205, 8882, 1.00),
(440, '2018-07-24 15:57:58', 206, 8895, 1.00),
(441, '2018-07-24 15:58:04', 206, 8882, 1.00),
(442, '2018-07-24 15:58:18', 206, 8893, 1.00),
(443, '2018-07-24 15:59:56', 207, 8893, 3.00),
(444, '2018-07-24 16:00:02', 207, 8882, 1.00),
(445, '2018-07-24 16:00:44', 208, 8882, 1.00),
(446, '2018-07-24 16:00:49', 208, 8893, 1.80),
(447, '2018-07-24 16:04:59', 209, 8893, 1.60),
(448, '2018-07-24 16:05:14', 209, 8882, 6.00),
(449, '2018-07-24 16:05:58', 210, 8882, 1.00),
(450, '2018-07-24 16:06:03', 210, 8893, 4.00),
(451, '2018-07-24 16:06:53', 211, 8882, 1.00),
(452, '2018-07-24 16:09:30', 212, 8882, 1.00),
(453, '2018-07-24 16:12:53', 213, 8882, 1.00),
(454, '2018-07-24 16:46:43', 214, 8896, 2.00),
(455, '2018-07-24 16:51:07', 215, 8896, 2.73),
(456, '2018-07-24 16:53:59', 216, 8896, 2.73),
(457, '2018-07-24 17:09:23', 217, 8882, 1.00),
(458, '2018-07-24 17:11:55', 218, 8882, 1.00),
(459, '2018-07-24 17:14:08', 219, 8882, 1.00),
(460, '2018-07-24 17:25:05', 220, 8882, 1.00),
(461, '2018-07-24 20:15:02', 221, 8897, 2.00),
(462, '2018-07-24 22:25:51', 222, 8898, 2.47),
(463, '2018-07-24 22:27:31', 222, 8899, 2.00),
(464, '2018-07-24 22:27:47', 222, 8900, 2.00),
(465, '2018-07-24 22:56:39', 223, 8788, 1.23),
(466, '2018-07-24 23:17:05', 224, 8900, 1.00),
(467, '2018-07-24 23:17:15', 224, 8788, 2.02),
(468, '2018-07-24 23:18:04', 225, 8900, 7.20),
(469, '2018-07-24 23:18:19', 225, 8788, 826.67),
(470, '2018-07-24 23:19:31', 226, 8788, 1.43),
(471, '2018-07-25 00:24:18', 227, 8903, 2.49),
(472, '2018-07-25 00:26:55', 228, 8904, 2.45),
(473, '2018-07-25 00:28:09', 228, 8905, 2.00),
(474, '2018-07-25 00:28:34', 228, 8906, 2.00),
(475, '2018-07-25 00:41:37', 229, 8902, 2.85),
(476, '2018-07-25 10:38:19', 230, 8907, 2.52),
(477, '2018-07-25 11:20:30', 231, 8908, 2.22),
(478, '2018-07-25 11:22:49', 232, 8908, 2.22),
(479, '2018-07-25 11:58:20', 233, 8909, 2.00),
(480, '2018-07-25 12:00:54', 234, 8909, 2.00),
(481, '2018-07-25 12:07:57', 235, 8909, 2.00),
(482, '2018-07-25 12:12:38', 236, 8909, 2.00),
(483, '2018-07-25 13:47:58', 237, 8909, 2.00),
(484, '2018-07-25 13:54:38', 238, 8910, 2.41),
(485, '2018-07-25 14:09:24', 239, 8910, 2.43),
(486, '2018-07-25 15:10:33', 240, 8907, 2.52),
(487, '2018-07-25 15:13:23', 241, 8907, 2.52),
(488, '2018-07-25 16:45:14', 242, 8911, 2.00),
(489, '2018-07-25 16:47:20', 242, 8882, 1.00),
(490, '2018-07-25 16:47:44', 242, 8788, 1.00),
(491, '2018-07-25 16:48:03', 243, 8882, 1.00),
(492, '2018-07-25 16:50:19', 244, 8788, 1.00),
(493, '2018-07-25 16:50:33', 244, 8882, 1.00),
(494, '2018-07-25 16:59:26', 245, 8882, 1.00),
(495, '2018-07-25 16:59:51', 245, 8788, 1.00),
(496, '2018-07-25 17:07:32', 246, 8902, 2.85),
(497, '2018-07-25 17:09:58', 247, 8902, 2.85),
(498, '2018-07-25 17:12:22', 248, 8902, 2.85),
(499, '2018-07-25 17:14:47', 249, 8902, 2.85),
(500, '2018-07-25 17:18:16', 250, 8902, 2.85),
(501, '2018-07-25 17:22:32', 251, 8902, 2.85),
(502, '2018-07-25 17:36:05', 252, 8902, 2.85),
(503, '2018-07-25 17:38:31', 253, 8902, 2.85),
(504, '2018-07-25 17:40:44', 254, 8902, 2.85),
(505, '2018-07-25 17:43:02', 255, 8902, 2.85),
(506, '2018-07-25 17:45:22', 256, 8902, 2.85),
(507, '2018-07-25 17:48:42', 257, 8902, 2.85),
(508, '2018-07-25 18:30:49', 258, 8912, 2.00),
(509, '2018-07-25 18:32:05', 258, 8914, 2.00),
(510, '2018-07-25 18:32:08', 258, 8913, 2.00),
(511, '2018-07-25 18:32:30', 258, 8915, 2.00),
(512, '2018-07-25 18:36:16', 259, 8909, 2.00),
(513, '2018-07-25 18:39:30', 260, 8916, 2.00),
(514, '2018-07-25 18:39:57', 260, 8913, 7.31),
(515, '2018-07-25 18:40:24', 260, 8909, 2.00),
(516, '2018-07-25 18:42:53', 261, 8913, 10.51),
(517, '2018-07-25 18:47:10', 262, 8918, 2.67),
(518, '2018-07-25 18:47:47', 262, 8913, 10.51),
(519, '2018-07-25 18:50:27', 263, 8919, 2.00),
(520, '2018-07-25 18:50:40', 263, 8788, 2.63),
(521, '2018-07-25 18:50:48', 263, 8913, 12.65),
(522, '2018-07-25 19:01:28', 264, 8902, 2.85),
(523, '2018-07-25 19:01:58', 264, 8788, 2.35),
(524, '2018-07-25 19:03:00', 265, 8902, 4.73),
(525, '2018-07-25 19:03:18', 265, 8788, 2.99),
(526, '2018-07-25 19:04:51', 266, 8902, 7.12),
(527, '2018-07-25 19:21:17', 267, 8920, 2.00),
(528, '2018-07-25 19:35:11', 268, 8797, 1.40),
(529, '2018-07-25 19:48:51', 269, 8797, 1.40),
(530, '2018-07-25 19:49:45', 269, 8921, 1.00),
(531, '2018-07-25 19:50:30', 270, 8921, 1.00),
(532, '2018-07-25 19:53:21', 271, 8921, 1.00),
(533, '2018-07-25 19:59:50', 272, 8921, 1.00);

-- --------------------------------------------------------

--
-- Структура таблицы `contacts`
--

CREATE TABLE IF NOT EXISTS `contacts` (
  `id` int(10) NOT NULL,
  `title` varchar(50) NOT NULL DEFAULT '0',
  `email_info` varchar(100) NOT NULL COMMENT 'для информир.',
  `email_admin` varchar(100) NOT NULL COMMENT 'для преупрежд.',
  `phone` varchar(100) NOT NULL COMMENT 'телефоны',
  `address` text NOT NULL COMMENT 'адрес',
  `vk` varchar(255) NOT NULL,
  `vk_id` varchar(255) NOT NULL,
  `vk_secret` varchar(255) NOT NULL,
  `weight` smallint(6) NOT NULL DEFAULT '20' COMMENT 'вес',
  `allow_show` enum('1','0') NOT NULL DEFAULT '1' COMMENT 'отображать'
) ENGINE=MyISAM AUTO_INCREMENT=2 DEFAULT CHARSET=utf8 COMMENT='Контакты';

--
-- Дамп данных таблицы `contacts`
--

INSERT INTO `contacts` (`id`, `title`, `email_info`, `email_admin`, `phone`, `address`, `vk`, `vk_id`, `vk_secret`, `weight`, `allow_show`) VALUES
(1, 'Параметры сайта', 'fast-win-top@yandex.ru', 'fast-win-top@yandex.ru', '', '', 'https://vk.com/fast_win_top', '6239965', 'VxnDocdKneACGrwaf3kT', 1, '1');

-- --------------------------------------------------------

--
-- Структура таблицы `game_params`
--

CREATE TABLE IF NOT EXISTS `game_params` (
  `id` int(11) NOT NULL,
  `title` varchar(50) NOT NULL,
  `time2` tinyint(4) NOT NULL,
  `time_after` tinyint(4) NOT NULL,
  `timeout` tinyint(4) NOT NULL,
  `margin` decimal(10,2) NOT NULL
) ENGINE=InnoDB AUTO_INCREMENT=2 DEFAULT CHARSET=utf8;

--
-- Дамп данных таблицы `game_params`
--

INSERT INTO `game_params` (`id`, `title`, `time2`, `time_after`, `timeout`, `margin`) VALUES
(1, 'Параметры', 30, 10, 127, 0.20);

-- --------------------------------------------------------

--
-- Структура таблицы `ip_locked`
--

CREATE TABLE IF NOT EXISTS `ip_locked` (
  `id` int(10) unsigned NOT NULL,
  `user_ip` int(10) unsigned NOT NULL COMMENT 'IP-адрес',
  `date_locked` timestamp NOT NULL DEFAULT CURRENT_TIMESTAMP COMMENT 'время блокировки'
) ENGINE=MyISAM DEFAULT CHARSET=utf8 COMMENT='заблокированные IP-адреса';

-- --------------------------------------------------------

--
-- Структура таблицы `logon_log`
--

CREATE TABLE IF NOT EXISTS `logon_log` (
  `id` int(11) NOT NULL,
  `l_date` datetime NOT NULL,
  `user_id` int(11) NOT NULL,
  `ip` varchar(20) NOT NULL,
  `code` varchar(10) NOT NULL,
  `city` varchar(30) NOT NULL
) ENGINE=InnoDB AUTO_INCREMENT=261 DEFAULT CHARSET=utf8;

--
-- Дамп данных таблицы `logon_log`
--

INSERT INTO `logon_log` (`id`, `l_date`, `user_id`, `ip`, `code`, `city`) VALUES
(1, '2018-07-18 00:37:24', 8788, '', '', ''),
(2, '2018-07-18 00:38:54', 8788, '', '', ''),
(3, '2018-07-18 01:17:52', 8788, '', '', ''),
(4, '2018-07-18 01:45:12', 8788, '', '', ''),
(5, '2018-07-18 13:56:10', 8789, '', '', ''),
(6, '2018-07-18 15:10:17', 8788, '', '', ''),
(7, '2018-07-18 15:18:14', 8788, '', '', ''),
(8, '2018-07-18 15:19:35', 8788, '', '', ''),
(9, '2018-07-18 15:28:51', 8788, '', '', ''),
(10, '2018-07-18 15:30:49', 8790, '', '', ''),
(11, '2018-07-18 15:33:45', 8788, '', '', ''),
(12, '2018-07-18 15:36:10', 8788, '', '', ''),
(13, '2018-07-18 15:37:36', 8788, '', '', ''),
(14, '2018-07-18 15:52:13', 8788, '', '', ''),
(15, '2018-07-18 18:48:23', 8791, '', '', ''),
(16, '2018-07-18 22:16:11', 8788, '', '', ''),
(17, '2018-07-18 23:39:38', 8788, '', '', ''),
(18, '2018-07-18 23:41:08', 8788, '', '', ''),
(19, '2018-07-18 23:46:51', 8788, '', '', ''),
(20, '2018-07-19 00:03:01', 8788, '', '', ''),
(21, '2018-07-19 00:27:32', 8792, '', '', ''),
(22, '2018-07-19 16:32:38', 8788, '', '', ''),
(23, '2018-07-19 17:16:31', 8788, '', '', ''),
(24, '2018-07-19 19:29:14', 8788, '', '', ''),
(25, '2018-07-19 19:36:12', 8788, '', '', ''),
(26, '2018-07-19 19:48:18', 8788, '', '', ''),
(27, '2018-07-19 19:48:37', 8788, '', '', ''),
(28, '2018-07-19 19:58:01', 8788, '', '', ''),
(29, '2018-07-19 20:14:16', 8791, '', '', ''),
(30, '2018-07-19 20:38:39', 8790, '', '', ''),
(31, '2018-07-19 20:41:15', 8788, '', '', ''),
(32, '2018-07-19 21:41:16', 8794, '', '', ''),
(33, '2018-07-19 21:48:12', 8788, '', '', ''),
(34, '2018-07-19 21:50:28', 8788, '', '', ''),
(35, '2018-07-19 21:58:14', 8788, '', '', ''),
(36, '2018-07-19 22:05:31', 8794, '', '', ''),
(37, '2018-07-19 22:05:57', 8788, '', '', ''),
(38, '2018-07-19 22:10:01', 8788, '', '', ''),
(39, '2018-07-19 22:12:25', 8788, '', '', ''),
(40, '2018-07-19 22:13:28', 8788, '', '', ''),
(41, '2018-07-19 22:59:26', 8790, '', '', ''),
(42, '2018-07-20 10:11:15', 8794, '', '', ''),
(43, '2018-07-20 10:17:02', 8794, '', '', ''),
(44, '2018-07-20 21:13:49', 8788, '', '', ''),
(45, '2018-07-21 15:12:23', 8795, '', '', ''),
(46, '2018-07-21 15:27:09', 8796, '', '', ''),
(47, '2018-07-21 15:28:39', 8788, '', '', ''),
(48, '2018-07-21 15:38:39', 8797, '', '', ''),
(49, '2018-07-21 15:42:25', 8798, '', '', ''),
(50, '2018-07-21 15:42:34', 8799, '', '', ''),
(51, '2018-07-21 15:44:38', 8800, '', '', ''),
(52, '2018-07-21 15:45:38', 8801, '', '', ''),
(53, '2018-07-21 15:46:06', 8802, '', '', ''),
(54, '2018-07-21 15:46:35', 8803, '', '', ''),
(55, '2018-07-21 15:46:52', 8804, '', '', ''),
(56, '2018-07-21 15:47:27', 8800, '', '', ''),
(57, '2018-07-21 15:49:57', 8805, '', '', ''),
(58, '2018-07-21 15:51:05', 8806, '', '', ''),
(59, '2018-07-21 15:52:01', 8807, '', '', ''),
(60, '2018-07-21 15:52:35', 8808, '', '', ''),
(61, '2018-07-21 15:53:06', 8809, '', '', ''),
(62, '2018-07-21 15:54:09', 8810, '', '', ''),
(63, '2018-07-21 15:54:40', 8811, '', '', ''),
(64, '2018-07-21 15:54:58', 8808, '', '', ''),
(65, '2018-07-21 15:55:49', 8812, '', '', ''),
(66, '2018-07-21 15:56:45', 8813, '', '', ''),
(67, '2018-07-21 15:58:13', 8814, '', '', ''),
(68, '2018-07-21 15:58:17', 8815, '', '', ''),
(69, '2018-07-21 15:58:20', 8816, '', '', ''),
(70, '2018-07-21 15:59:03', 8817, '', '', ''),
(71, '2018-07-21 16:00:19', 8818, '', '', ''),
(72, '2018-07-21 16:00:48', 8819, '', '', ''),
(73, '2018-07-21 16:01:41', 8820, '', '', ''),
(74, '2018-07-21 16:03:01', 8821, '', '', ''),
(75, '2018-07-21 16:03:26', 8822, '', '', ''),
(76, '2018-07-21 16:03:37', 8823, '', '', ''),
(77, '2018-07-21 16:03:52', 8808, '', '', ''),
(78, '2018-07-21 16:04:22', 8824, '', '', ''),
(79, '2018-07-21 16:04:59', 8825, '', '', ''),
(80, '2018-07-21 16:05:27', 8826, '', '', ''),
(81, '2018-07-21 16:06:21', 8827, '', '', ''),
(82, '2018-07-21 16:06:42', 8828, '', '', ''),
(83, '2018-07-21 16:06:59', 8829, '', '', ''),
(84, '2018-07-21 16:07:03', 8830, '', '', ''),
(85, '2018-07-21 16:07:38', 8795, '', '', ''),
(86, '2018-07-21 16:09:19', 8831, '', '', ''),
(87, '2018-07-21 16:09:32', 8832, '', '', ''),
(88, '2018-07-21 16:10:03', 8833, '', '', ''),
(89, '2018-07-21 16:10:48', 8834, '', '', ''),
(90, '2018-07-21 16:11:15', 8835, '', '', ''),
(91, '2018-07-21 16:11:16', 8836, '', '', ''),
(92, '2018-07-21 16:12:59', 8837, '', '', ''),
(93, '2018-07-21 16:13:26', 8838, '', '', ''),
(94, '2018-07-21 16:13:43', 8839, '', '', ''),
(95, '2018-07-21 16:16:28', 8840, '', '', ''),
(96, '2018-07-21 16:16:44', 8841, '', '', ''),
(97, '2018-07-21 16:18:17', 8842, '', '', ''),
(98, '2018-07-21 16:18:23', 8843, '', '', ''),
(99, '2018-07-21 16:18:44', 8844, '', '', ''),
(100, '2018-07-21 16:19:18', 8804, '', '', ''),
(101, '2018-07-21 16:20:04', 8845, '', '', ''),
(102, '2018-07-21 16:20:30', 8846, '', '', ''),
(103, '2018-07-21 16:20:42', 8847, '', '', ''),
(104, '2018-07-21 16:20:54', 8848, '', '', ''),
(105, '2018-07-21 16:21:02', 8849, '', '', ''),
(106, '2018-07-21 16:21:06', 8850, '', '', ''),
(107, '2018-07-21 16:21:17', 8851, '', '', ''),
(108, '2018-07-21 16:22:40', 8852, '', '', ''),
(109, '2018-07-21 16:23:05', 8853, '', '', ''),
(110, '2018-07-21 16:23:16', 8854, '', '', ''),
(111, '2018-07-21 16:23:43', 8855, '', '', ''),
(112, '2018-07-21 16:24:42', 8856, '', '', ''),
(113, '2018-07-21 16:25:56', 8857, '', '', ''),
(114, '2018-07-21 16:26:24', 8858, '', '', ''),
(115, '2018-07-21 16:26:50', 8859, '', '', ''),
(116, '2018-07-21 16:27:17', 8860, '', '', ''),
(117, '2018-07-21 16:27:29', 8861, '', '', ''),
(118, '2018-07-21 16:28:15', 8862, '', '', ''),
(119, '2018-07-21 16:28:21', 8863, '', '', ''),
(120, '2018-07-21 16:28:59', 8864, '', '', ''),
(121, '2018-07-21 16:29:22', 8865, '', '', ''),
(122, '2018-07-21 16:29:28', 8866, '', '', ''),
(123, '2018-07-21 16:29:58', 8867, '', '', ''),
(124, '2018-07-21 16:30:05', 8868, '', '', ''),
(125, '2018-07-21 16:30:12', 8864, '', '', ''),
(126, '2018-07-21 16:30:17', 8869, '', '', ''),
(127, '2018-07-22 17:07:19', 8788, '', '', ''),
(128, '2018-07-22 17:29:03', 8860, '', '', ''),
(129, '2018-07-22 17:36:39', 8795, '', '', ''),
(130, '2018-07-22 17:38:29', 8870, '', '', ''),
(131, '2018-07-22 17:40:35', 8870, '', '', ''),
(132, '2018-07-22 17:40:50', 8871, '', '', ''),
(133, '2018-07-22 17:49:41', 8870, '', '', ''),
(134, '2018-07-24 00:36:06', 8788, '', '', ''),
(135, '2018-07-24 01:27:28', 8872, '', '', ''),
(136, '2018-07-24 01:37:13', 8788, '', '', ''),
(137, '2018-07-24 02:01:23', 8870, '', '', ''),
(138, '2018-07-24 02:02:05', 8873, '', '', ''),
(139, '2018-07-24 02:03:33', 8874, '', '', ''),
(140, '2018-07-24 02:06:10', 8788, '', '', ''),
(141, '2018-07-24 02:07:01', 8788, '', '', ''),
(142, '2018-07-24 02:09:23', 8788, '', '', ''),
(143, '2018-07-24 02:13:56', 8788, '', '', ''),
(144, '2018-07-24 02:14:48', 8788, '', '', ''),
(145, '2018-07-24 02:15:09', 8788, '', '', ''),
(146, '2018-07-24 02:26:25', 8792, '', '', ''),
(147, '2018-07-24 03:06:04', 8862, '', '', ''),
(148, '2018-07-24 06:26:36', 8875, '', '', ''),
(149, '2018-07-24 06:53:17', 8799, '', '', ''),
(150, '2018-07-24 07:01:30', 8876, '', '', ''),
(151, '2018-07-24 07:02:35', 8877, '', '', ''),
(152, '2018-07-24 07:03:47', 8876, '', '', ''),
(153, '2018-07-24 07:15:38', 8878, '', '', ''),
(154, '2018-07-24 08:54:14', 8879, '', '', ''),
(155, '2018-07-24 09:33:26', 8880, '', '', ''),
(156, '2018-07-24 09:47:43', 8877, '', '', ''),
(157, '2018-07-24 10:40:31', 8838, '', '', ''),
(158, '2018-07-24 10:45:38', 8827, '', '', ''),
(159, '2018-07-24 10:47:07', 8881, '', '', ''),
(160, '2018-07-24 10:49:41', 8790, '', '', ''),
(161, '2018-07-24 10:52:46', 8882, '', '', ''),
(162, '2018-07-24 10:54:48', 8838, '', '', ''),
(163, '2018-07-24 10:57:31', 8870, '', '', ''),
(164, '2018-07-24 11:12:19', 8870, '', '', ''),
(165, '2018-07-24 12:10:18', 8880, '', '', ''),
(166, '2018-07-24 12:46:35', 8883, '', '', ''),
(167, '2018-07-24 12:49:37', 8884, '', '', ''),
(168, '2018-07-24 13:15:46', 8815, '', '', ''),
(169, '2018-07-24 13:34:54', 8790, '', '', ''),
(170, '2018-07-24 13:35:38', 8882, '', '', ''),
(171, '2018-07-24 13:59:54', 8827, '', '', ''),
(172, '2018-07-24 14:21:30', 8788, '', '', ''),
(173, '2018-07-24 14:37:50', 8885, '', '', ''),
(174, '2018-07-24 14:44:57', 8886, '', '', ''),
(175, '2018-07-24 14:51:13', 8887, '', '', ''),
(176, '2018-07-24 14:51:45', 8850, '', '', ''),
(177, '2018-07-24 14:51:57', 8795, '', '', ''),
(178, '2018-07-24 14:52:20', 8800, '', '', ''),
(179, '2018-07-24 14:53:55', 8888, '', '', ''),
(180, '2018-07-24 14:54:40', 8889, '', '', ''),
(181, '2018-07-24 14:56:17', 8890, '', '', ''),
(182, '2018-07-24 14:57:42', 8889, '', '', ''),
(183, '2018-07-24 15:16:53', 8891, '', '', ''),
(184, '2018-07-24 15:17:57', 8809, '', '', ''),
(185, '2018-07-24 15:18:41', 8808, '', '', ''),
(186, '2018-07-24 15:20:14', 8876, '', '', ''),
(187, '2018-07-24 15:37:48', 8882, '', '', ''),
(188, '2018-07-24 15:42:48', 8892, '', '', ''),
(189, '2018-07-24 15:43:10', 8875, '', '', ''),
(190, '2018-07-24 15:48:18', 8893, '', '', ''),
(191, '2018-07-24 15:51:46', 8894, '', '', ''),
(192, '2018-07-24 15:56:16', 8895, '', '', ''),
(193, '2018-07-24 16:04:27', 8806, '', '', ''),
(194, '2018-07-24 16:15:33', 8891, '', '', ''),
(195, '2018-07-24 16:36:46', 8880, '', '', ''),
(196, '2018-07-24 16:46:36', 8896, '', '', ''),
(197, '2018-07-24 17:03:49', 8799, '', '', ''),
(198, '2018-07-24 18:04:15', 8875, '', '', ''),
(199, '2018-07-24 18:09:17', 8838, '', '', ''),
(200, '2018-07-24 18:25:27', 8880, '', '', ''),
(201, '2018-07-24 18:31:16', 8799, '', '', ''),
(202, '2018-07-24 18:53:30', 8883, '', '', ''),
(203, '2018-07-24 19:27:40', 8850, '', '', ''),
(204, '2018-07-24 20:14:36', 8897, '', '', ''),
(205, '2018-07-24 21:42:56', 8788, '', '', ''),
(206, '2018-07-24 22:05:40', 8877, '', '', ''),
(207, '2018-07-24 22:25:46', 8898, '', '', ''),
(208, '2018-07-24 22:27:29', 8899, '', '', ''),
(209, '2018-07-24 22:27:45', 8900, '', '', ''),
(210, '2018-07-24 22:42:24', 8901, '', '', ''),
(211, '2018-07-24 23:15:08', 8898, '', '', ''),
(212, '2018-07-24 23:16:45', 8875, '', '', ''),
(213, '2018-07-24 23:17:03', 8900, '', '', ''),
(214, '2018-07-24 23:27:21', 8880, '', '', ''),
(215, '2018-07-24 23:55:11', 8788, '', '', ''),
(216, '2018-07-25 00:19:23', 8902, '', '', ''),
(217, '2018-07-25 00:23:46', 8903, '', '', ''),
(218, '2018-07-25 00:24:30', 8880, '', '', ''),
(219, '2018-07-25 00:26:28', 8904, '', '', ''),
(220, '2018-07-25 00:27:55', 8905, '', '', ''),
(221, '2018-07-25 00:28:30', 8906, '', '', ''),
(222, '2018-07-25 00:29:22', 8905, '', '', ''),
(223, '2018-07-25 01:44:29', 8817, '', '', ''),
(224, '2018-07-25 02:42:05', 8902, '', '', ''),
(225, '2018-07-25 05:03:44', 8902, '', '', ''),
(226, '2018-07-25 10:06:17', 8880, '', '', ''),
(227, '2018-07-25 10:22:01', 8827, '', '', ''),
(228, '2018-07-25 10:37:23', 8907, '', '', ''),
(229, '2018-07-25 10:59:44', 8838, '', '', ''),
(230, '2018-07-25 11:07:45', 8881, '', '', ''),
(231, '2018-07-25 11:19:28', 8886, '', '', ''),
(232, '2018-07-25 11:19:46', 8908, '', '', ''),
(233, '2018-07-25 11:55:10', 8909, '', '', ''),
(234, '2018-07-25 12:43:19', 8902, '', '', ''),
(235, '2018-07-25 13:53:52', 8910, '', '', ''),
(236, '2018-07-25 14:28:41', 8910, '', '', ''),
(237, '2018-07-25 14:35:01', 8910, '', '', ''),
(238, '2018-07-25 15:10:21', 8907, '', '', ''),
(239, '2018-07-25 16:24:10', 8902, '', '', ''),
(240, '2018-07-25 16:45:11', 8911, '', '', ''),
(241, '2018-07-25 16:47:17', 8882, '', '', ''),
(242, '2018-07-25 16:47:37', 8788, '', '', ''),
(243, '2018-07-25 17:07:25', 8902, '', '', ''),
(244, '2018-07-25 17:34:27', 8800, '', '', ''),
(245, '2018-07-25 17:36:10', 8790, '', '', ''),
(246, '2018-07-25 18:30:19', 8912, '', '', ''),
(247, '2018-07-25 18:31:34', 8913, '', '', ''),
(248, '2018-07-25 18:32:02', 8914, '', '', ''),
(249, '2018-07-25 18:32:28', 8915, '', '', ''),
(250, '2018-07-25 18:33:17', 8913, '', '', ''),
(251, '2018-07-25 18:36:12', 8909, '', '', ''),
(252, '2018-07-25 18:36:53', 8788, '', '', ''),
(253, '2018-07-25 18:39:26', 8916, '', '', ''),
(254, '2018-07-25 18:41:10', 8917, '', '', ''),
(255, '2018-07-25 18:46:41', 8918, '', '', ''),
(256, '2018-07-25 18:49:41', 8919, '', '', ''),
(257, '2018-07-25 19:01:15', 8902, '', '', ''),
(258, '2018-07-25 19:20:59', 8920, '', '', ''),
(259, '2018-07-25 19:33:58', 8797, '', '', ''),
(260, '2018-07-25 19:49:20', 8921, '', '', '');

-- --------------------------------------------------------

--
-- Структура таблицы `log_send_email`
--

CREATE TABLE IF NOT EXISTS `log_send_email` (
  `id` int(10) NOT NULL,
  `name` varchar(255) NOT NULL,
  `email_to` varchar(128) NOT NULL,
  `email_from` varchar(128) NOT NULL,
  `head` varchar(255) NOT NULL,
  `body` text NOT NULL,
  `date` timestamp NOT NULL DEFAULT CURRENT_TIMESTAMP
) ENGINE=MyISAM AUTO_INCREMENT=15 DEFAULT CHARSET=utf8 COMMENT='отправленные e-mail`ы';

-- --------------------------------------------------------

--
-- Структура таблицы `my_admin_about`
--

CREATE TABLE IF NOT EXISTS `my_admin_about` (
  `id` int(11) NOT NULL,
  `about_param` varchar(15) NOT NULL,
  `about_value` varchar(100) NOT NULL
) ENGINE=MyISAM AUTO_INCREMENT=4 DEFAULT CHARSET=utf8;

--
-- Дамп данных таблицы `my_admin_about`
--

INSERT INTO `my_admin_about` (`id`, `about_param`, `about_value`) VALUES
(1, 'theme', 'black'),
(3, 'admin_conf', 'medwedew.ian@yandex.ru');

-- --------------------------------------------------------

--
-- Структура таблицы `my_admin_catalog`
--

CREATE TABLE IF NOT EXISTS `my_admin_catalog` (
  `id` int(10) NOT NULL,
  `table_name` varchar(127) NOT NULL COMMENT 'название таблицы',
  `field_descr` varchar(255) NOT NULL COMMENT 'поле "анонс" %не личное',
  `field_div` varchar(5) NOT NULL COMMENT 'разделитель записей',
  `drawfunc` varchar(255) NOT NULL COMMENT 'функция для отображения',
  `field_img` varchar(255) NOT NULL COMMENT 'поле с изображением',
  `folder_img` varchar(255) NOT NULL COMMENT 'каталог к изображениям',
  `link_table` varchar(255) NOT NULL COMMENT 'родительская таблица',
  `link_title` varchar(255) NOT NULL COMMENT 'текст ссылки для перехода',
  `link_parent` varchar(127) NOT NULL COMMENT 'поле связи родителя',
  `link_child` varchar(127) NOT NULL COMMENT 'поле связи потомка',
  `show` enum('0','1') NOT NULL DEFAULT '1' COMMENT 'учитывать'
) ENGINE=MyISAM AUTO_INCREMENT=4 DEFAULT CHARSET=utf8 COMMENT='информация о структуре каталога в админке';

--
-- Дамп данных таблицы `my_admin_catalog`
--

INSERT INTO `my_admin_catalog` (`id`, `table_name`, `field_descr`, `field_div`, `drawfunc`, `field_img`, `folder_img`, `link_table`, `link_title`, `link_parent`, `link_child`, `show`) VALUES
(1, 'tickets', 'title,status', ',', '', '', '', 'ticket_cat', '[тикеты]', 'id', 'cat_id', '1'),
(2, 'ticket_messages', 'message', '', '', '', '', 'tickets', '[сообщения]', 'id', 'ticket_id', '1'),
(3, 'ticket_cat', 'title', '', '', '', '', '', '', '', '', '1');

-- --------------------------------------------------------

--
-- Структура таблицы `my_admin_fdc`
--

CREATE TABLE IF NOT EXISTS `my_admin_fdc` (
  `id` int(11) NOT NULL,
  `fdc_module` int(3) NOT NULL,
  `fdc_field` int(5) NOT NULL,
  `fdc_params` text NOT NULL
) ENGINE=MyISAM DEFAULT CHARSET=utf8;

-- --------------------------------------------------------

--
-- Структура таблицы `my_admin_fields`
--

CREATE TABLE IF NOT EXISTS `my_admin_fields` (
  `id` int(11) NOT NULL,
  `field_ident` binary(1) NOT NULL,
  `field_table` varchar(50) NOT NULL,
  `field_name` varchar(50) NOT NULL,
  `field_descr` varchar(30) NOT NULL,
  `field_type` varchar(30) DEFAULT NULL,
  `field_rules` varchar(100) DEFAULT NULL,
  `field_default` text,
  `field_p1` varchar(50) DEFAULT NULL,
  `field_p2` varchar(50) DEFAULT NULL,
  `field_tinymce` varchar(15) DEFAULT NULL,
  `field_validation` varchar(30) DEFAULT NULL,
  `field_weight` int(3) NOT NULL
) ENGINE=MyISAM AUTO_INCREMENT=154 DEFAULT CHARSET=utf8;

--
-- Дамп данных таблицы `my_admin_fields`
--

INSERT INTO `my_admin_fields` (`id`, `field_ident`, `field_table`, `field_name`, `field_descr`, `field_type`, `field_rules`, `field_default`, `field_p1`, `field_p2`, `field_tinymce`, `field_validation`, `field_weight`) VALUES
(1, 0x31, 'my_admin_roles', 'role_descr', 'Права пользователя', 'text', 'size=''50'', maxlength=''150''', '', '', '', '', 'notempty', 0),
(2, 0x31, 'my_admin_users', 'user_who', 'Пользователь', 'text', 'size=''50'', maxlength=''150''', '', '', 'nothing', '', 'notempty', 2),
(3, 0x30, 'my_admin_users', 'user_login', 'Логин', 'text', 'size=''50'', maxlength=''150''', '', '', 'nothing', '', 'password', 8),
(4, 0x30, 'my_admin_users', 'user_password', 'Пароль', 'text', 'size=''50'', maxlength=''150''', '', '', 'nothing', '', 'password', 10),
(5, 0x30, 'my_admin_users', 'user_role', 'Права пользователя', 'link', 'noempty', '', 'my_admin_roles', 'id', '', '', 12),
(6, 0x31, 'my_site_email_data', 'item_key', 'Ключ', 'text', 'size=''50'', maxlength=''150''', '', '', '', '', 'notempty', 0),
(7, 0x31, 'my_site_email_data', 'theme', 'Тема письма', 'text', 'size=''50'', maxlength=''100''', '', '', '', '', 'notempty', 0),
(8, 0x30, 'my_site_email_data', 'message', 'Сообщение', 'textarea', 'rows=''10'', cols=''37''', '', '', '', 'simple', '', 0),
(9, 0x31, 'my_site_email_data', 'reply_to', 'Обратный адрес', 'text', 'size=''50'', maxlength=''250''', '', '', '', '', '', 0),
(10, 0x30, 'my_site_email_data', 'isHTML', 'В формате HTML', 'checkbox', 'checked', '1', '', '', '', '', 0),
(11, 0x31, 'my_site_emails', 'email', 'Адрес', 'text', 'size=''50'', maxlength=''250''', '', '', '', '', 'notempty', 0),
(12, 0x31, 'my_site_emails', 'category', 'Категория', 'text', 'size=''50'', maxlength=''11''', '', '', '', '', '', 0),
(13, 0x30, 'my_site_emails', 'user_id', 'Пользователь', 'link', 'empty', '', 'my_admin_users', 'id', '', '', 0),
(14, 0x31, 'my_site_text_blocks', 'item_key', 'Ключ', 'text', 'size=''50'', maxlength=''50''', '', '', '', '', 'notempty', 0),
(15, 0x30, 'my_site_text_blocks', 'html', 'Текст', 'textarea', 'rows=''10'', cols=''37''', '', '', '', 'advanced', '', 0),
(16, 0x31, 'my_site_siteplugins', 'scheme_id', 'Плагин', 'link', 'noempty', '', 'my_site_plugin_schemes', 'item_key', '', '', 0),
(17, 0x31, 'my_admin_fman', 'path', 'Путь', 'text', 'size=''50'', maxlength=''200''', '', '', 'nothing', '', 'notempty', 0),
(18, 0x30, 'contacts', 'email_info', 'E-Mail', 'text', 'size=''50'', maxlength=''765''', '', '', 'nothing', '', '', 4),
(19, 0x30, 'contacts', 'email_admin', 'E-Mail администратора', 'text', 'size=''50'', maxlength=''765''', '', '', 'nothing', '', '', 6),
(20, 0x31, 'contacts', 'phone', 'Телефон', 'text', 'size=''50'', maxlength=''1533''', '', '', 'nothing', '', '', 8),
(21, 0x30, 'contacts', 'address', 'Адрес', 'textarea', 'rows=''10'', cols=''37''', '', '', '', 'Basic', '', 9),
(22, 0x30, 'contacts', 'weight', 'Вес', 'text', 'size=''50'', maxlength=''6''', '', '', 'nothing', '', '', 16),
(23, 0x30, 'contacts', 'allow_show', 'Показывать', 'checkbox', 'checked', '1', '', '', '', '', 18),
(24, 0x31, 'tpl_emails', 'head', 'Заголовок сообщения', 'text', 'size=''50'', maxlength=''765''', '', '', 'nothing', '', '', 4),
(25, 0x30, 'tpl_emails', 'content', 'Содержимое', 'textarea', 'rows=''10'', cols=''37''', '', '', '', 'Advanced', '', 6),
(26, 0x30, 'tpl_emails', 'description', 'Описание', 'textarea', 'rows=''10'', cols=''37''', '', '', '', '', '', 18),
(27, 0x31, 'log_send_email', 'name', 'Имя', 'text', 'size=''50'', maxlength=''765''', '', '', 'nothing', '', 'notempty', 4),
(28, 0x31, 'log_send_email', 'email_to', 'E-Mail получателя', 'text', 'size=''50'', maxlength=''384''', '', '', 'nothing', '', '', 2),
(29, 0x30, 'log_send_email', 'head', 'Заголовок сообщения', 'text', 'size=''50'', maxlength=''765''', '', '', 'nothing', '', '', 6),
(30, 0x30, 'log_send_email', 'body', 'Текст письма', 'textarea', 'rows=''10'', cols=''37''', '', '', '', 'Advanced', '', 8),
(31, 0x30, 'log_send_email', 'note', 'Примечание', 'text', 'size=''50'', maxlength=''765''', '', '', 'nothing', '', '', 14),
(32, 0x30, 'log_send_email', 'date', 'Дата', 'date', '', '', 'currentdate', 'date', 'calendar', '', 15),
(33, 0x31, 'my_admin_catalog', 'table_name', 'название таблицы', 'text', 'size=''50'', maxlength=''127''', '', '', 'nothing', '', 'notempty', 2),
(34, 0x30, 'my_admin_catalog', 'field_descr', 'поле &quot;анонс&quot;', 'text', 'size=''50'', maxlength=''255''', '', '', 'nothing', '', 'notempty', 3),
(35, 0x30, 'my_admin_catalog', 'drawfunc', 'функция для отображения', 'text', 'size=''50'', maxlength=''255''', '', '', 'nothing', '', '', 6),
(36, 0x30, 'my_admin_catalog', 'field_img', 'поле с изображением', 'text', 'size=''50'', maxlength=''255''', '', '', 'nothing', '', '', 7),
(37, 0x30, 'my_admin_catalog', 'folder_img', 'каталог к изображениям', 'text', 'size=''50'', maxlength=''255''', '', '', 'nothing', '', '', 7),
(38, 0x30, 'my_admin_catalog', 'link_table', 'родительская таблица', 'text', 'size=''50'', maxlength=''255''', '', '', 'nothing', '', '', 11),
(39, 0x30, 'my_admin_catalog', 'link_title', 'текст ссылки для перехода', 'text', 'size=''50'', maxlength=''255''', '', '', 'nothing', '', '', 12),
(40, 0x30, 'my_admin_catalog', 'link_parent', 'поле связи родителя', 'text', 'size=''50'', maxlength=''127''', '', '', 'nothing', '', '', 13),
(41, 0x30, 'my_admin_catalog', 'link_child', 'поле связи потомка', 'text', 'size=''50'', maxlength=''127''', '', '', 'nothing', '', '', 14),
(42, 0x30, 'my_admin_catalog', 'show', 'учитывать', 'checkbox', 'checked', '1', '', '', '', '', 20),
(43, 0x30, 'my_admin_catalog', 'field_div', 'разделитель полей', 'text', 'size=''50'', maxlength=''5''', '', '', 'nothing', '', '', 4),
(44, 0x31, 'site_pages_variable', 'title', 'Заголовок', 'text', 'size=''50'', maxlength=''511''', '', '', 'nothing', '', 'notempty', 2),
(45, 0x30, 'site_pages_variable', 'content', 'Содержимое', 'textarea', 'rows=''10'', cols=''37''', '', '', '', 'Advanced', '', 6),
(46, 0x30, 'site_pages_variable', 'meta_title', 'Заголовок страницы', 'text', 'size=''50'', maxlength=''511''', '', '', 'nothing', '', '', 15),
(47, 0x30, 'site_pages_variable', 'meta_keywords', 'SEO. Ключевые слова', 'text', 'size=''50'', maxlength=''511''', '', '', 'nothing', '', '', 15),
(48, 0x30, 'site_pages_variable', 'meta_description', 'SEO. Описание', 'text', 'size=''50'', maxlength=''511''', '', '', 'nothing', '', '', 15),
(49, 0x30, 'site_pages_variable', 'meta_modify', 'SEO. Дата обновления', 'date', '', '', 'currentdate', 'date', 'calendar', '', 15),
(50, 0x31, 'site_pages_constant', 'title', 'Заголовок', 'text', 'size=''50'', maxlength=''511''', '', '', 'nothing', '', 'notempty', 2),
(51, 0x30, 'site_pages_constant', 'content', 'Содержимое', 'textarea', 'rows=''10'', cols=''37''', '', '', '', 'Wizard', '', 6),
(52, 0x30, 'site_pages_constant', 'meta_title', 'Заголовок страницы', 'text', 'size=''50'', maxlength=''511''', '', '', 'nothing', '', '', 15),
(53, 0x30, 'site_pages_constant', 'meta_keywords', 'SEO. Ключевые слова', 'text', 'size=''50'', maxlength=''511''', '', '', 'nothing', '', '', 15),
(54, 0x30, 'site_pages_constant', 'meta_description', 'SEO. Описание', 'text', 'size=''50'', maxlength=''511''', '', '', 'nothing', '', '', 15),
(55, 0x30, 'site_pages_constant', 'meta_modify', 'SEO. Дата обновления', 'date', '', '', 'currentdate', 'date', 'calendar', '', 15),
(56, 0x31, 'my_site_params', 'title', 'Заголовок', 'text', 'size=''50'', maxlength=''765''', '', '', 'nothing', '', '', 10),
(57, 0x30, 'my_site_params', 'value', 'Значение', 'text', 'size=''50'', maxlength=''765''', '', '', 'nothing', '', '', 20),
(58, 0x31, 'rooms', 'title', 'Название', 'text', 'size=''50'', maxlength=''300''', '', '', 'nothing', '', 'notempty', 0),
(59, 0x30, 'rooms', 'min_bet', 'Минимальная ставка', 'text', 'size=''50'', maxlength=''11''', '', '', 'nothing', '', 'notempty', 0),
(60, 0x30, 'contacts', 'vk', 'Группа vk', 'text', 'size=''50'', maxlength=''765''', '', '', 'nothing', '', '', 11),
(61, 0x31, 'contacts', 'title', 'Название', 'text', 'size=''50'', maxlength=''150''', '', '', 'nothing', '', '', 2),
(62, 0x30, 'contacts', 'vk_id', 'VK id', 'text', 'size=''50'', maxlength=''765''', '', '', 'nothing', '', '', 13),
(63, 0x30, 'contacts', 'vk_secret', 'VK ключ', 'text', 'size=''50'', maxlength=''765''', '', '', 'nothing', '', '', 14),
(64, 0x30, 'my_site_params', 'key', 'Ключ', 'text', 'size=''50'', maxlength=''189''', '', '', 'nothing', '', '', 12),
(65, 0x30, 'my_site_params', 'ps', 'Система', 'link', 'empty', '', 'p_systems', 'id', '', '', 0),
(66, 0x31, 'p_systems', 'title', 'Название', 'text', 'size=''50'', maxlength=''300''', '', '', 'nothing', '', '', 0),
(67, 0x30, 'tickets', 'add_date', 'Дата', 'date', '', '', 'currentdate', 'date', 'calendar', '', 0),
(68, 0x31, 'tickets', 'title', 'Название', 'text', 'size=''50'', maxlength=''765''', '', '', 'nothing', '', '', 0),
(69, 0x30, 'tickets', 'user_id', 'Пользователь', 'link', 'empty', '', 'my_admin_users', 'id', '', '', 0),
(70, 0x30, 'ticket_messages', 'add_date', 'Дата', 'date', '', '', 'currentdate', 'datetime', 'calendar', '', 6),
(71, 0x30, 'ticket_messages', 'ticket_id', 'Тикет', 'link', 'empty', '', 'tickets', 'id', '', '', 4),
(72, 0x31, 'ticket_messages', 'message', 'Сообщение', 'textarea', 'rows=''10'', cols=''37''', '', '', '', '', '', 8),
(73, 0x30, 'ticket_cat', 'title', 'Категория', 'text', 'size=''50'', maxlength=''1536''', '', '', 'nothing', '', '', 0),
(74, 0x30, 'tickets', 'cat_id', 'Категория', 'link', 'empty', '', 'ticket_cat', 'id', '', '', 0),
(75, 0x30, 'ticket_messages', 'user_id', 'От пользователя', 'link', 'empty', '', 'my_admin_users', 'id', '', '', 2),
(76, 0x30, 'my_admin_users', 'email', 'email', 'text', 'size=''50'', maxlength=''384''', '', '', 'nothing', '', '', 7),
(77, 0x30, 'my_admin_users', 'vk_uid', 'VK id', 'text', 'size=''50'', maxlength=''300''', '', '', 'nothing', '', '', 7),
(78, 0x31, 'my_admin_users', 'vk_lname', 'Фамилия', 'text', 'size=''50'', maxlength=''300''', '', '', 'nothing', '', '', 4),
(79, 0x30, 'my_admin_users', 'balance', 'Баланс', 'text', 'size=''50'', maxlength=''12''', '', '', 'nothing', '', '', 6),
(80, 0x31, 'tickets', 'status', 'Закрыт', 'checkbox', '', '1', '', '', '', '', 0),
(81, 0x31, 'game_params', 'title', 'Параметры', 'text', 'size=''50'', maxlength=''150''', '', '', 'nothing', '', '', 0),
(82, 0x30, 'game_params', 'time2', 'Время после  2-й ставки', 'text', 'size=''50'', maxlength=''4''', '', '', 'nothing', '', '', 0),
(83, 0x30, 'game_params', 'time_after', 'Время после победы', 'text', 'size=''50'', maxlength=''4''', '', '', 'nothing', '', '', 0),
(84, 0x30, 'game_params', 'timeout', 'Таймаут раунда', 'text', 'size=''50'', maxlength=''4''', '', '', 'nothing', '', '', 0),
(85, 0x30, 'game_params', 'margin', 'Комиссия', 'text', 'size=''50'', maxlength=''12''', '', '', 'nothing', '', '', 0),
(86, 0x31, 'out_systems', 'title', 'Название', 'text', 'size=''50'', maxlength=''300''', '', '', 'nothing', '', '', 2),
(87, 0x30, 'out_systems', 'content', 'Контент', 'textarea', 'rows=''10'', cols=''37''', '', '', '', '', '', 4),
(88, 0x30, 'out_systems', 'example', 'Пример кошелька', 'text', 'size=''50'', maxlength=''300''', '', '', 'nothing', '', '', 6),
(89, 0x30, 'out_systems', 'min', 'Минимальная сумма', 'text', 'size=''50'', maxlength=''4''', '', '', 'nothing', '', '', 8),
(90, 0x30, 'out_systems', 'alias', 'Алиас', 'text', 'size=''50'', maxlength=''60''', '', '', 'nothing', '', '', 14),
(91, 0x31, 'out_params', 'title', 'Название', 'text', 'size=''50'', maxlength=''765''', '', '', 'nothing', '', '', 0),
(92, 0x30, 'out_params', 'value', 'Значение', 'textarea', 'rows=''10'', cols=''37''', '', '', '', '', '', 0),
(93, 0x30, 'out_params', 'ps', 'Система', 'link', 'empty', '', 'p_systems', 'id', '', '', 0),
(94, 0x30, 'out_systems', 'fee', 'Комиссия', 'text', 'size=''50'', maxlength=''12''', '', '', 'nothing', '', '', 10),
(95, 0x30, 'out_systems', 'account', 'Счет', 'text', 'size=''50'', maxlength=''4''', '', '', 'nothing', '', '', 12),
(96, 0x30, 'out_systems', 'valid', 'Проверка', 'text', 'size=''50'', maxlength=''765''', '', '', 'nothing', '', '', 13),
(97, 0x31, 'my_admin_roles', 'role_descr', 'Права пользователя', 'text', 'size=''50'', maxlength=''150''', '', '', '', '', 'notempty', 0),
(98, 0x31, 'my_admin_users', 'user_who', 'Пользователь', 'text', 'size=''50'', maxlength=''150''', '', '', '', '', 'notempty', 0),
(99, 0x30, 'my_admin_users', 'user_login', 'Логин', 'text', 'size=''50'', maxlength=''150''', '', '', '', '', 'password', 0),
(100, 0x30, 'my_admin_users', 'user_password', 'Пароль', 'text', 'size=''50'', maxlength=''150''', '', '', '', '', 'password', 0),
(101, 0x30, 'my_admin_users', 'user_role', 'Права пользователя', 'link', 'noempty', '', 'my_admin_roles', 'id', '', '', 0),
(102, 0x31, 'my_site_email_data', 'item_key', 'Ключ', 'text', 'size=''50'', maxlength=''150''', '', '', '', '', 'notempty', 0),
(103, 0x31, 'my_site_email_data', 'theme', 'Тема письма', 'text', 'size=''50'', maxlength=''100''', '', '', '', '', 'notempty', 0),
(104, 0x30, 'my_site_email_data', 'message', 'Сообщение', 'textarea', 'rows=''10'', cols=''37''', '', '', '', 'simple', '', 0),
(105, 0x31, 'my_site_email_data', 'reply_to', 'Обратный адрес', 'text', 'size=''50'', maxlength=''250''', '', '', '', '', '', 0),
(106, 0x30, 'my_site_email_data', 'isHTML', 'В формате HTML', 'checkbox', 'checked', '1', '', '', '', '', 0),
(107, 0x31, 'my_site_emails', 'email', 'Адрес', 'text', 'size=''50'', maxlength=''250''', '', '', '', '', 'notempty', 0),
(108, 0x31, 'my_site_emails', 'category', 'Категория', 'text', 'size=''50'', maxlength=''11''', '', '', '', '', '', 0),
(109, 0x30, 'my_site_emails', 'user_id', 'Пользователь', 'link', 'empty', '', 'my_admin_users', 'id', '', '', 0),
(110, 0x31, 'my_site_text_blocks', 'item_key', 'Ключ', 'text', 'size=''50'', maxlength=''50''', '', '', '', '', 'notempty', 0),
(111, 0x30, 'my_site_text_blocks', 'html', 'Текст', 'textarea', 'rows=''10'', cols=''37''', '', '', '', 'advanced', '', 0),
(112, 0x31, 'my_site_siteplugins', 'scheme_id', 'Плагин', 'link', 'noempty', '', 'my_site_plugin_schemes', 'item_key', '', '', 0),
(113, 0x31, 'my_admin_fman', 'path', 'Путь', 'text', 'size=''50'', maxlength=''200''', '', '', 'nothing', '', 'notempty', 0),
(114, 0x30, 'contacts', 'email_info', 'E-Mail', 'text', 'size=''50'', maxlength=''765''', '', '', 'nothing', '', '', 4),
(115, 0x30, 'contacts', 'email_admin', 'E-Mail администратора', 'text', 'size=''50'', maxlength=''765''', '', '', 'nothing', '', '', 6),
(116, 0x31, 'contacts', 'phone', 'Телефон', 'text', 'size=''50'', maxlength=''1533''', '', '', 'nothing', '', '', 8),
(117, 0x30, 'contacts', 'address', 'Адрес', 'textarea', 'rows=''10'', cols=''37''', '', '', '', 'Basic', '', 9),
(118, 0x30, 'contacts', 'weight', 'Вес', 'text', 'size=''50'', maxlength=''6''', '', '', 'nothing', '', '', 16),
(119, 0x30, 'contacts', 'allow_show', 'Показывать', 'checkbox', 'checked', '1', '', '', '', '', 18),
(120, 0x31, 'tpl_emails', 'head', 'Заголовок сообщения', 'text', 'size=''50'', maxlength=''765''', '', '', 'nothing', '', '', 4),
(121, 0x30, 'tpl_emails', 'content', 'Содержимое', 'textarea', 'rows=''10'', cols=''37''', '', '', '', 'Advanced', '', 6),
(122, 0x30, 'tpl_emails', 'description', 'Описание', 'textarea', 'rows=''10'', cols=''37''', '', '', '', '', '', 18),
(123, 0x31, 'log_send_email', 'name', 'Имя', 'text', 'size=''50'', maxlength=''765''', '', '', 'nothing', '', 'notempty', 4),
(124, 0x31, 'log_send_email', 'email_to', 'E-Mail получателя', 'text', 'size=''50'', maxlength=''384''', '', '', 'nothing', '', '', 2),
(125, 0x30, 'log_send_email', 'head', 'Заголовок сообщения', 'text', 'size=''50'', maxlength=''765''', '', '', 'nothing', '', '', 6),
(126, 0x30, 'log_send_email', 'body', 'Текст письма', 'textarea', 'rows=''10'', cols=''37''', '', '', '', 'Advanced', '', 8),
(127, 0x30, 'log_send_email', 'note', 'Примечание', 'text', 'size=''50'', maxlength=''765''', '', '', 'nothing', '', '', 14),
(128, 0x30, 'log_send_email', 'date', 'Дата', 'date', '', '', 'currentdate', 'date', 'calendar', '', 15),
(129, 0x31, 'my_admin_catalog', 'table_name', 'название таблицы', 'text', 'size=''50'', maxlength=''127''', '', '', 'nothing', '', 'notempty', 2),
(130, 0x30, 'my_admin_catalog', 'field_descr', 'поле &quot;анонс&quot;', 'text', 'size=''50'', maxlength=''255''', '', '', 'nothing', '', 'notempty', 3),
(131, 0x30, 'my_admin_catalog', 'drawfunc', 'функция для отображения', 'text', 'size=''50'', maxlength=''255''', '', '', 'nothing', '', '', 6),
(132, 0x30, 'my_admin_catalog', 'field_img', 'поле с изображением', 'text', 'size=''50'', maxlength=''255''', '', '', 'nothing', '', '', 7),
(133, 0x30, 'my_admin_catalog', 'folder_img', 'каталог к изображениям', 'text', 'size=''50'', maxlength=''255''', '', '', 'nothing', '', '', 7),
(134, 0x30, 'my_admin_catalog', 'link_table', 'родительская таблица', 'text', 'size=''50'', maxlength=''255''', '', '', 'nothing', '', '', 11),
(135, 0x30, 'my_admin_catalog', 'link_title', 'текст ссылки для перехода', 'text', 'size=''50'', maxlength=''255''', '', '', 'nothing', '', '', 12),
(136, 0x30, 'my_admin_catalog', 'link_parent', 'поле связи родителя', 'text', 'size=''50'', maxlength=''127''', '', '', 'nothing', '', '', 13),
(137, 0x30, 'my_admin_catalog', 'link_child', 'поле связи потомка', 'text', 'size=''50'', maxlength=''127''', '', '', 'nothing', '', '', 14),
(138, 0x30, 'my_admin_catalog', 'show', 'учитывать', 'checkbox', 'checked', '1', '', '', '', '', 20),
(139, 0x30, 'my_admin_catalog', 'field_div', 'разделитель полей', 'text', 'size=''50'', maxlength=''5''', '', '', 'nothing', '', '', 4),
(140, 0x31, 'site_pages_variable', 'title', 'Заголовок', 'text', 'size=''50'', maxlength=''511''', '', '', 'nothing', '', 'notempty', 2),
(141, 0x30, 'site_pages_variable', 'content', 'Содержимое', 'textarea', 'rows=''10'', cols=''37''', '', '', '', 'Advanced', '', 6),
(142, 0x30, 'site_pages_variable', 'meta_title', 'Заголовок страницы', 'text', 'size=''50'', maxlength=''511''', '', '', 'nothing', '', '', 15),
(143, 0x30, 'site_pages_variable', 'meta_keywords', 'SEO. Ключевые слова', 'text', 'size=''50'', maxlength=''511''', '', '', 'nothing', '', '', 15),
(144, 0x30, 'site_pages_variable', 'meta_description', 'SEO. Описание', 'text', 'size=''50'', maxlength=''511''', '', '', 'nothing', '', '', 15),
(145, 0x30, 'site_pages_variable', 'meta_modify', 'SEO. Дата обновления', 'date', '', '', 'currentdate', 'date', 'calendar', '', 15),
(146, 0x31, 'site_pages_constant', 'title', 'Заголовок', 'text', 'size=''50'', maxlength=''511''', '', '', 'nothing', '', 'notempty', 2),
(147, 0x30, 'site_pages_constant', 'content', 'Содержимое', 'textarea', 'rows=''10'', cols=''37''', '', '', '', 'Advanced', '', 6),
(148, 0x30, 'site_pages_constant', 'meta_title', 'Заголовок страницы', 'text', 'size=''50'', maxlength=''511''', '', '', 'nothing', '', '', 15),
(149, 0x30, 'site_pages_constant', 'meta_keywords', 'SEO. Ключевые слова', 'text', 'size=''50'', maxlength=''511''', '', '', 'nothing', '', '', 15),
(150, 0x30, 'site_pages_constant', 'meta_description', 'SEO. Описание', 'text', 'size=''50'', maxlength=''511''', '', '', 'nothing', '', '', 15),
(151, 0x30, 'site_pages_constant', 'meta_modify', 'SEO. Дата обновления', 'date', '', '', 'currentdate', 'date', 'calendar', '', 15),
(152, 0x31, 'my_site_params', 'title', 'Заголовок', 'text', 'size=''50'', maxlength=''765''', '', '', 'nothing', '', '', 20),
(153, 0x30, 'my_site_params', 'value', 'Значение', 'text', 'size=''50'', maxlength=''765''', '', '', 'nothing', '', '', 20);

-- --------------------------------------------------------

--
-- Структура таблицы `my_admin_fman`
--

CREATE TABLE IF NOT EXISTS `my_admin_fman` (
  `id` int(11) NOT NULL,
  `path` varchar(200) NOT NULL
) ENGINE=MyISAM AUTO_INCREMENT=4 DEFAULT CHARSET=utf8;

--
-- Дамп данных таблицы `my_admin_fman`
--

INSERT INTO `my_admin_fman` (`id`, `path`) VALUES
(1, 'files/'),
(2, 'pages/templates/'),
(3, 'addons/ckeditor/config.js');

-- --------------------------------------------------------

--
-- Структура таблицы `my_admin_log`
--

CREATE TABLE IF NOT EXISTS `my_admin_log` (
  `id` int(11) NOT NULL,
  `log_table` varchar(50) NOT NULL,
  `log_record` int(11) NOT NULL,
  `log_creator` int(11) NOT NULL,
  `log_modifier` int(11) NOT NULL
) ENGINE=MyISAM AUTO_INCREMENT=2 DEFAULT CHARSET=utf8;

--
-- Дамп данных таблицы `my_admin_log`
--

INSERT INTO `my_admin_log` (`id`, `log_table`, `log_record`, `log_creator`, `log_modifier`) VALUES
(1, 'my_admin_users', 8793, 10, 10);

-- --------------------------------------------------------

--
-- Структура таблицы `my_admin_modules`
--

CREATE TABLE IF NOT EXISTS `my_admin_modules` (
  `id` int(11) NOT NULL,
  `module_name` varchar(50) NOT NULL,
  `module_title` varchar(30) NOT NULL,
  `module_descr` varchar(250) NOT NULL
) ENGINE=MyISAM DEFAULT CHARSET=utf8;

-- --------------------------------------------------------

--
-- Структура таблицы `my_admin_roles`
--

CREATE TABLE IF NOT EXISTS `my_admin_roles` (
  `id` int(11) NOT NULL,
  `role_title` varchar(150) NOT NULL,
  `role_descr` varchar(150) NOT NULL,
  `role_info` int(1) NOT NULL,
  `role_tables` int(1) NOT NULL,
  `role_fields` int(1) NOT NULL,
  `role_modules` int(1) NOT NULL,
  `role_about` int(1) NOT NULL,
  `role_users` int(1) NOT NULL,
  `role_roles` int(1) NOT NULL,
  `role_site_setup` int(1) NOT NULL,
  `role_site_dynamic` int(1) NOT NULL,
  `role_site_data` int(1) NOT NULL,
  `role_fman` int(1) NOT NULL,
  `my_admin_users` int(1) NOT NULL,
  `my_admin_catalog` int(1) NOT NULL,
  `my_admin_fman` int(1) NOT NULL,
  `my_site_text_blocks` int(1) NOT NULL,
  `my_site_params` int(1) NOT NULL DEFAULT '0',
  `site_pages_constant` int(1) NOT NULL DEFAULT '0',
  `site_pages_variable` int(1) NOT NULL DEFAULT '0',
  `rooms` int(1) NOT NULL,
  `contacts` int(1) NOT NULL,
  `p_systems` int(1) NOT NULL,
  `tickets` int(1) NOT NULL,
  `ticket_cat` int(1) NOT NULL
) ENGINE=MyISAM AUTO_INCREMENT=5 DEFAULT CHARSET=utf8;

--
-- Дамп данных таблицы `my_admin_roles`
--

INSERT INTO `my_admin_roles` (`id`, `role_title`, `role_descr`, `role_info`, `role_tables`, `role_fields`, `role_modules`, `role_about`, `role_users`, `role_roles`, `role_site_setup`, `role_site_dynamic`, `role_site_data`, `role_fman`, `my_admin_users`, `my_admin_catalog`, `my_admin_fman`, `my_site_text_blocks`, `my_site_params`, `site_pages_constant`, `site_pages_variable`, `rooms`, `contacts`, `p_systems`, `tickets`, `ticket_cat`) VALUES
(1, 'root', 'Администратор', 7, 7, 7, 7, 7, 7, 7, 7, 7, 7, 7, 7, 7, 7, 7, 7, 7, 7, 7, 7, 7, 0, 0),
(2, 'manager', 'Менеджер', 0, 0, 0, 0, 0, 0, 0, 0, 0, 0, 0, 3, 0, 0, 0, 3, 3, 7, 0, 0, 0, 0, 0),
(3, 'user', 'Обычный пользователь', 0, 0, 0, 0, 0, 0, 0, 0, 0, 0, 0, 3, 0, 0, 0, 0, 0, 0, 0, 0, 0, 0, 0);

-- --------------------------------------------------------

--
-- Структура таблицы `my_admin_tables`
--

CREATE TABLE IF NOT EXISTS `my_admin_tables` (
  `id` int(11) NOT NULL,
  `table_name` varchar(50) NOT NULL,
  `table_descr` varchar(30) NOT NULL,
  `table_icon` varchar(30) NOT NULL,
  `table_show` binary(1) NOT NULL,
  `table_weight` int(3) NOT NULL,
  `table_may_delete` binary(1) NOT NULL,
  `table_may_add` binary(1) NOT NULL,
  `table_r1` varchar(300) NOT NULL,
  `table_r2` varchar(300) NOT NULL,
  `table_r3` varchar(300) NOT NULL
) ENGINE=MyISAM AUTO_INCREMENT=30 DEFAULT CHARSET=utf8;

--
-- Дамп данных таблицы `my_admin_tables`
--

INSERT INTO `my_admin_tables` (`id`, `table_name`, `table_descr`, `table_icon`, `table_show`, `table_weight`, `table_may_delete`, `table_may_add`, `table_r1`, `table_r2`, `table_r3`) VALUES
(1, 'my_admin_roles', 'Права пользователя', '1', 0x30, 10, 0x30, 0x30, '', '', ''),
(2, 'my_admin_users', 'Учетные записи', 'black_n_white/1', 0x31, 29, 0x31, 0x31, '', '', ''),
(3, 'my_site_email_data', 'Письма для рассылок', '2', 0x30, 26, 0x31, 0x31, '', '', ''),
(4, 'my_site_emails', 'Адреса для рассылок', '4', 0x30, 0, 0x30, 0x31, '', '', ''),
(5, 'my_site_text_blocks', 'Текстовые блоки', '2', 0x30, 0, 0x30, 0x31, '', '', ''),
(6, 'my_site_plugin_schemes', 'Схемы плагинов', '1', 0x30, 10, 0x30, 0x30, '', '', ''),
(7, 'my_site_siteplugins', 'Плагины сайта', '2', 0x30, 19, 0x31, 0x31, '', '', ''),
(8, 'my_admin_fman', 'Настройки файлменеджера', 'black_n_white/4', 0x30, 18, 0x31, 0x31, '', '', ''),
(9, 'my_admin_catalog', 'Структура каталога', 'black_n_white/8', 0x30, 25, 0x31, 0x31, '', '', ''),
(10, 'site_pages_constant', 'Статические страницы', 'black_n_white/2', 0x31, 6, 0x31, 0x31, '', '', ''),
(11, 'site_pages_variable', 'Изменяемые страницы', 'black_n_white/2', 0x30, 6, 0x31, 0x31, '', '', ''),
(16, 'my_site_params', 'Параметры мерчантов', 'black_n_white/4', 0x31, 20, 0x31, 0x31, '', '', ''),
(13, 'rooms', 'Комнаты', 'black_n_white/1', 0x31, 0, 0x30, 0x31, '', '', ''),
(15, 'contacts', 'Параметры', 'black_n_white/4', 0x31, 0, 0x30, 0x31, '', '', ''),
(17, 'p_systems', 'Платежные системы', 'black_n_white/2', 0x31, 0, 0x31, 0x31, '', '', ''),
(18, 'tickets', 'Тикеты', 'black_n_white/1', 0x31, 0, 0x31, 0x31, '', '', ''),
(19, 'ticket_messages', 'Сообщения', 'black_n_white/1', 0x30, 0, 0x31, 0x31, '', '', ''),
(20, 'ticket_cat', 'Поддержка пользователей', 'black_n_white/1', 0x31, 0, 0x31, 0x31, '', '', ''),
(21, 'game_params', 'Параметры розыгрыша', 'black_n_white/1', 0x31, 0, 0x30, 0x30, '', '', ''),
(22, 'out_params', 'Параметры вывода', 'black_n_white/2', 0x31, 0, 0x30, 0x30, '', '', ''),
(23, 'out_systems', 'Системы для вывода', 'black_n_white/1', 0x31, 0, 0x31, 0x31, '', '', ''),
(24, 'balance_log', 'balance_log', 'black_n_white/5', 0x30, 0, 0x30, 0x30, '', '', ''),
(25, 'ip_locked', '', '', 0x30, 0, 0x30, 0x30, '', '', ''),
(26, 'log_send_email', '', '', 0x30, 0, 0x30, 0x30, '', '', ''),
(27, 'logon_log', '', '', 0x30, 0, 0x30, 0x30, '', '', ''),
(28, 'my_admin_about', '', '', 0x30, 0, 0x30, 0x30, '', '', '');

-- --------------------------------------------------------

--
-- Структура таблицы `my_admin_tokens`
--

CREATE TABLE IF NOT EXISTS `my_admin_tokens` (
  `id` int(10) unsigned NOT NULL,
  `user_id` int(10) unsigned NOT NULL COMMENT 'пользователь [my_admin_users]',
  `token` varchar(64) NOT NULL COMMENT 'ключ',
  `date_losing` timestamp NOT NULL DEFAULT '0000-00-00 00:00:00' COMMENT 'дата окончания действия'
) ENGINE=MyISAM AUTO_INCREMENT=5 DEFAULT CHARSET=utf8 COMMENT='ключи для авторизации без пароля';

-- --------------------------------------------------------

--
-- Структура таблицы `my_admin_users`
--

CREATE TABLE IF NOT EXISTS `my_admin_users` (
  `id` int(11) NOT NULL,
  `user_who` varchar(150) NOT NULL,
  `user_login` varchar(150) NOT NULL,
  `user_password` varchar(150) NOT NULL,
  `user_role` int(11) NOT NULL,
  `email` varchar(128) NOT NULL,
  `vk_uid` varchar(100) NOT NULL,
  `vk_lname` varchar(100) NOT NULL,
  `vk_sname` varchar(100) NOT NULL,
  `vk_photo_100` varchar(255) NOT NULL,
  `date_created` timestamp NOT NULL DEFAULT CURRENT_TIMESTAMP,
  `wall` varchar(64) NOT NULL DEFAULT '',
  `balance` decimal(10,2) NOT NULL,
  `active_date` datetime NOT NULL
) ENGINE=MyISAM AUTO_INCREMENT=8922 DEFAULT CHARSET=utf8;

--
-- Дамп данных таблицы `my_admin_users`
--

INSERT INTO `my_admin_users` (`id`, `user_who`, `user_login`, `user_password`, `user_role`, `email`, `vk_uid`, `vk_lname`, `vk_sname`, `vk_photo_100`, `date_created`, `wall`, `balance`, `active_date`) VALUES
(10, 'Админ', 'd033e22ae348aeb5660fc2140aec35850c4da997', 'facs4e7608c3d8485931bcee8c2660f21f4e373a', 1, '', '', '', '', '/img/admin.png', '2017-06-17 16:46:29', '', 35.71, '2018-07-21 15:28:35'),
(2, 'Payeer', '', '', 0, '', '', '', '', '', '2017-06-21 15:22:41', '', -43143.65, '0000-00-00 00:00:00'),
(3, 'FreeKassa', '', '', 0, '', '', '', '', '', '2017-06-21 15:23:15', '', -49710.05, '0000-00-00 00:00:00'),
(4, 'Payeer', '', '', 0, '', '', '', '', '', '2017-06-21 15:43:24', '', 62516.84, '0000-00-00 00:00:00'),
(5, 'OOOPay', '', '', 0, '', '', '', '', '', '2017-06-21 15:44:17', '', 20.00, '0000-00-00 00:00:00'),
(6, 'WebMoney', '', '', 0, '', '', '', '', '', '2017-06-21 15:45:14', '', 1425.91, '0000-00-00 00:00:00'),
(7, 'QIWI', '', '', 0, '', '', '', '', '', '2017-06-21 15:45:41', '', 10319.00, '0000-00-00 00:00:00'),
(8, 'Yandex Money', '', '', 0, '', '', '', '', '', '2017-06-21 15:46:34', '', 5247.31, '0000-00-00 00:00:00'),
(11, 'Комната 1', '', '', 0, '', '', '', '', '', '2017-06-24 11:14:24', '', 853.29, '0000-00-00 00:00:00'),
(12, 'Комната 2', '', '', 0, '', '', '', '', '', '2017-06-24 11:14:50', '', -52.00, '0000-00-00 00:00:00'),
(13, 'Комната 3', '', '', 0, '', '', '', '', '', '2017-06-24 11:15:28', '', 0.00, '0000-00-00 00:00:00'),
(14, 'Комната 4', '', '', 0, '', '', '', '', '', '2017-06-24 11:15:56', '', 0.00, '0000-00-00 00:00:00'),
(8788, 'Ян', '', '', 3, '', '494090574', 'Медведев', 'ftyu985oirf8oi4', 'https://pp.userapi.com/c849520/v849520022/12daf/zDECxip2fRA.jpg?ava=1', '2018-07-17 20:37:24', '', 841.01, '2018-07-25 20:01:56'),
(8789, 'Александр', '', '', 3, '', '431963952', 'Левицкий', 'id431963952', 'https://pp.userapi.com/c844617/v844617496/94352/GXHcio8dRC4.jpg?ava=1', '2018-07-18 09:56:10', '', 2.00, '2018-07-18 13:56:21'),
(8790, 'Андрей', '', '', 3, '', '361785346', 'Азимов', 'andrew.azimov', 'https://pp.userapi.com/c841230/v841230950/51df0/6RD8Zwsycwo.jpg?ava=1', '2018-07-18 11:30:49', '', 2.17, '2018-07-25 18:07:01'),
(8791, 'Александр', '', '', 3, 'maksimkado83@mail.ru', '473936347', 'Черкасов', 'id473936347', 'https://pp.userapi.com/c844321/v844321609/86258/ILpR-jTYCzk.jpg?ava=1', '2018-07-18 14:48:23', '', 2.00, '2018-07-19 20:14:35'),
(8792, 'Key', '', '', 3, '', '495732356', 'Loger', 'id495732356', 'https://vk.com/images/camera_100.png?ava=1', '2018-07-18 20:27:32', '', 2.67, '2018-07-24 02:26:32'),
(8793, 'Сергей', '', '', 3, 'serega777@mail.ru', '3464453', 'Миляев', '', '', '2018-07-19 15:45:48', '', 2.00, '0000-00-00 00:00:00'),
(8794, 'Shdn', '', '', 3, '', '497248330', 'Hakss', 'id497248330', 'https://vk.com/images/camera_100.png?ava=1', '2018-07-19 17:41:16', '', 2.37, '2018-07-20 15:10:23'),
(8795, 'Кагами', '', '', 3, '', '496032962', 'Тайга', 'id496032962', 'https://pp.userapi.com/c846017/v846017651/9597f/qaAn_yjG6CY.jpg?ava=1', '2018-07-21 11:12:23', '', 2.22, '2018-07-24 14:58:04'),
(8796, 'Денис', '', '', 3, 'MrTopor123@mail.ru', '182299350', 'Афанасьев', 'id182299350', 'https://pp.userapi.com/c628731/v628731350/457b2/n2ljo7H6AA4.jpg?ava=1', '2018-07-21 11:27:09', '', 2.00, '2018-07-21 15:34:37'),
(8797, 'Tre', '', '', 3, '', '480660992', 'Etr', 'id480660992', 'https://pp.userapi.com/c834401/v834401277/192259/1rn1sGth03k.jpg?ava=1', '2018-07-21 11:38:39', '', 2.20, '2018-07-25 19:50:12'),
(8798, 'Кирилл', '', '', 3, '', '337048353', 'Малашенко', 'normalnp', 'https://pp.userapi.com/c837620/v837620153/5cba3/UMDBk3NvLdQ.jpg?ava=1', '2018-07-21 11:42:25', '', 2.00, '2018-07-21 16:21:01'),
(8799, 'Pervin', '', '', 3, '', '447423368', 'Pervinov', 'id447423368', 'https://pp.userapi.com/c847019/v847019617/3db73/763QXVwnsdA.jpg?ava=1', '2018-07-21 11:42:34', '', 5.20, '2018-07-24 19:02:58'),
(8800, 'Igor', '', '', 3, 'bujhmcfifvfvf@mail.ru', '449834903', 'Chorba', 'lcrazzzyl', 'https://pp.userapi.com/c845524/v845524692/8c31a/dtKeLdQ4Ivo.jpg?ava=1', '2018-07-21 11:44:38', '', 2.00, '2018-07-25 17:34:34'),
(8801, 'Миша', '', '', 3, 'goodaliyev@mail.ru', '471634419', 'Алиев', 'id471634419', 'https://pp.userapi.com/c830609/v830609886/63863/IRQWRNlOJno.jpg?ava=1', '2018-07-21 11:45:38', '', 2.99, '2018-07-21 15:46:44'),
(8802, 'Пётр', '', '', 3, 'bujhtr150@mail.ru', '487716129', 'Иванов', 'igor.chorba', 'https://vk.com/images/camera_100.png?ava=1', '2018-07-21 11:46:06', '', 2.00, '2018-07-21 15:46:29'),
(8803, 'Богдан', '', '', 3, '', '487652993', 'Полторацкий', 'id487652993', 'https://pp.userapi.com/c849324/v849324814/291bb/Qw4wubqLw1c.jpg?ava=1', '2018-07-21 11:46:35', '', 2.00, '2018-07-21 15:47:23'),
(8804, 'Светлана', '', '', 3, '', '443450974', 'Петрова', 'sveta_petrova_loto', 'https://pp.userapi.com/c638717/v638717985/73a1d/qAKOMzW_-qI.jpg?ava=1', '2018-07-21 11:46:52', '', 2.15, '2018-07-21 16:27:58'),
(8805, 'Сергей', '', '', 3, 'sergeifi172@mail.ru', '61837388', 'Филимонов', 'segey95', 'https://pp.userapi.com/c824604/v824604988/da2c3/zUsjQzjDeBU.jpg?ava=1', '2018-07-21 11:49:57', '', 2.00, '2018-07-21 15:52:49'),
(8806, 'Мила', '', '', 3, '', '479608542', 'Ясень', 'id479608542', 'https://pp.userapi.com/c847020/v847020969/8e89/dpL6nOdyecU.jpg?ava=1', '2018-07-21 11:51:05', '', 2.66, '2018-07-24 16:06:13'),
(8807, 'Vlad', '', '', 3, 'senabrur@gmail.com', '414186065', 'Podsky', 'podsky', 'https://pp.userapi.com/c844520/v844520481/a4c1c/pRqchH6YV2w.jpg?ava=1', '2018-07-21 11:52:01', '', 2.00, '2018-07-21 15:53:42'),
(8808, 'Никита', '', '', 3, 'nodusyt137@gmail.com', '363715008', 'Кузнецов', 'dimaznc', 'https://pp.userapi.com/c845416/v845416609/4a252/RCpfutkXZQM.jpg?ava=1', '2018-07-21 11:52:35', '', 2.17, '2018-07-24 15:21:08'),
(8809, 'Никита', '', '', 3, 'disney.plus.plus@gmail.com', '282730264', 'Смирнов', 'psmotrun', 'https://pp.userapi.com/c845522/v845522310/4a690/0vybfjgM738.jpg?ava=1', '2018-07-21 11:53:06', '', 2.00, '2018-07-24 15:18:28'),
(8810, 'Дмитрий', '', '', 3, 'petyawolfwood@gmail.com', '320938401', 'Жнецов', 'id320938401', 'https://pp.userapi.com/c830401/v830401746/3cc39/x00OUvSp1v4.jpg?ava=1', '2018-07-21 11:54:09', '', 2.00, '2018-07-21 15:54:33'),
(8811, 'Никита', '', '', 3, '', '338540902', 'Кузнецов', 'id338540902', 'https://pp.userapi.com/c846416/v846416818/42dd3/-P7seqRwmi4.jpg?ava=1', '2018-07-21 11:54:40', '', 2.00, '2018-07-21 15:54:53'),
(8812, 'Petya', '', '', 3, '', '486195345', 'Smotrun', 'id486195345', 'https://pp.userapi.com/c840737/v840737253/7bbc4/pdP_Q0_M3as.jpg?ava=1', '2018-07-21 11:55:49', '', 2.00, '2018-07-21 15:56:39'),
(8813, 'Petya', '', '', 3, '', '178089030', 'Smotrun', 'id178089030', 'https://pp.userapi.com/c848416/v848416324/172f6/7PsUrxFM8ho.jpg?ava=1', '2018-07-21 11:56:45', '', 2.00, '2018-07-21 15:58:07'),
(8814, 'Александр', '', '', 3, '', '485875231', 'Рублев', 'id485875231', 'https://pp.userapi.com/c844216/v844216911/436a9/bjvhtdvVpBw.jpg?ava=1', '2018-07-21 11:58:13', '', 2.00, '2018-07-21 15:58:57'),
(8815, 'Vardanyan', '', '', 3, '', '402292917', 'Mher', 'mher2000v', 'https://pp.userapi.com/c849032/v849032867/35517/9ofeRcwhxZU.jpg?ava=1', '2018-07-21 11:58:17', '', 2.51, '2018-07-24 13:15:49'),
(8816, 'Аян', '', '', 3, '', '422562817', 'Русланов', 'id422562817', 'https://pp.userapi.com/c849028/v849028470/2b80b/cN-OoVeyJlU.jpg?ava=1', '2018-07-21 11:58:20', '', 2.00, '2018-07-21 16:01:32'),
(8817, 'Никита', '', '', 3, 'smpetya525@gmail.com', '475754375', 'Иванов', 'id475754375', 'https://sun6-4.userapi.com/c830308/v830308574/fc6cb/SWSTVeaNzaY.jpg?ava=1', '2018-07-21 11:59:03', '', 2.00, '2018-07-25 01:44:37'),
(8818, 'Тот', '', '', 3, '', '461348172', 'Самый', 'id461348172', 'https://pp.userapi.com/c841320/v841320309/7bd6b/qqeiBbJVLVg.jpg?ava=1', '2018-07-21 12:00:19', '', 2.92, '2018-07-21 16:01:29'),
(8819, 'Yuro', '', '', 3, '', '466710534', 'Isayan', 'id466710534', 'https://vk.com/images/camera_100.png?ava=1', '2018-07-21 12:00:48', '', 2.00, '2018-07-21 16:04:19'),
(8820, 'Батя', '', '', 3, '', '497658356', 'Выйграл', 'id497658356', 'https://vk.com/images/camera_100.png?ava=1', '2018-07-21 12:01:41', '', 2.00, '2018-07-21 16:03:15'),
(8821, 'Катя', '', '', 3, '', '461629790', 'Устинова', 'id461629790', 'https://pp.userapi.com/c824501/v824501881/4f47f/Y2BB0aDYnN4.jpg?ava=1', '2018-07-21 12:03:01', '', 2.00, '2018-07-21 16:04:10'),
(8822, 'Лидер', '', '', 3, '', '497860176', 'Хайпа', 'id497860176', 'https://vk.com/images/camera_100.png?ava=1', '2018-07-21 12:03:26', '', 2.20, '2018-07-21 16:13:39'),
(8823, 'Влад', '', '', 3, 'b297253614@gmail.com', '470408573', 'Волот', 'id470408573', 'https://pp.userapi.com/c824503/v824503015/b0d01/YzjXDuQrxkQ.jpg?ava=1', '2018-07-21 12:03:37', '', 2.08, '2018-07-21 17:40:34'),
(8824, 'Татьяна', '', '', 3, '', '412143848', 'Шрамкова', 't.shramkova', 'https://pp.userapi.com/c637730/v637730848/342d1/ybAjeZw7hiU.jpg?ava=1', '2018-07-21 12:04:22', '', 2.35, '2018-07-21 16:10:22'),
(8825, 'Mher', '', '', 3, '', '487026878', 'Mher', 'id487026878', 'https://vk.com/images/camera_100.png?ava=1', '2018-07-21 12:04:59', '', 2.44, '2018-07-21 16:05:44'),
(8826, 'Артём', '', '', 3, '', '226335374', 'Самойлов', 'wormtop', 'https://pp.userapi.com/c639116/v639116459/4ec16/Bbnj8mouqoo.jpg?ava=1', '2018-07-21 12:05:27', '', 2.00, '2018-07-21 16:06:19'),
(8827, 'Stas', '', '', 3, '', '491189891', 'Golod', 'id491189891', 'https://pp.userapi.com/c845420/v845420277/7d1e6/7LVj_898Skk.jpg?ava=1', '2018-07-21 12:06:21', '', 2.62, '2018-07-25 10:57:51'),
(8828, 'Cc', '', '', 3, '', '486949235', 'Cc', 'id486949235', 'https://vk.com/images/camera_100.png?ava=1', '2018-07-21 12:06:42', '', 2.00, '2018-07-21 16:08:17'),
(8829, 'Шафии', '', '', 3, '', '447661102', 'Ахмед', 'id447661102', 'https://pp.userapi.com/c831309/v831309285/f74ad/T0pJRPdOExk.jpg?ava=1', '2018-07-21 12:06:59', '', 2.00, '2018-07-21 16:07:18'),
(8830, 'Maxim', '', '', 3, '', '374974456', 'Sakalov', 'id374974456', 'https://pp.userapi.com/c841222/v841222048/6e710/KaPuaKE3rfg.jpg?ava=1', '2018-07-21 12:07:03', '', 2.07, '2018-07-21 16:10:28'),
(8831, 'Елена', '', '', 3, '', '492514100', 'Ярохнович', 'id492514100', 'https://pp.userapi.com/c824601/v824601145/163073/rRPTSjL3-SQ.jpg?ava=1', '2018-07-21 12:09:19', '', 2.00, '2018-07-21 16:10:24'),
(8832, 'Mh', '', '', 3, '', '486804244', 'Mher', 'id486804244', 'https://pp.userapi.com/c849036/v849036014/1a99e/pXy9tnD6A-A.jpg?ava=1', '2018-07-21 12:09:32', '', 2.07, '2018-07-21 16:10:29'),
(8833, 'Иван', '', '', 3, '', '373579870', 'Ярохнович', 'id373579870', 'https://pp.userapi.com/c631628/v631628870/3966c/hZ9yUDokP2Y.jpg?ava=1', '2018-07-21 12:10:03', '', 2.00, '2018-07-21 16:10:22'),
(8834, 'Вика', '', '', 3, '', '427216623', 'Кузнецова', 'id427216623', 'https://pp.userapi.com/c844216/v844216875/192af/51YVxWB8OuI.jpg?ava=1', '2018-07-21 12:10:48', '', 2.00, '2018-07-21 16:20:09'),
(8835, 'Alina', '', '', 3, '', '496836298', 'Khakimova', 'id496836298', 'https://pp.userapi.com/c848616/v848616023/292c9/7oWHnO755bo.jpg?ava=1', '2018-07-21 12:11:15', '', 2.00, '2018-07-21 16:12:48'),
(8836, 'Собиржон', '', '', 3, '', '375017320', 'Адилов', 'sobirjon6556', 'https://pp.userapi.com/c845520/v845520378/28e9d/INUvJfxwkwg.jpg?ava=1', '2018-07-21 12:11:16', '', 2.00, '2018-07-21 16:12:05'),
(8837, 'Фараби', '', '', 3, '', '304295421', 'Аиязбай', 'aiazbay', 'https://pp.userapi.com/c639122/v639122113/35f54/XlpZ7RZ73yo.jpg?ava=1', '2018-07-21 12:12:59', '', 2.00, '2018-07-21 16:15:08'),
(8838, 'Влад', '', '', 3, 'mega.v-golod@ukr.net', '441379473', 'Голод', 'id441379473', 'https://pp.userapi.com/c849320/v849320012/9f7c/lJCksF5662M.jpg?ava=1', '2018-07-21 12:13:26', '', 2.62, '2018-07-25 11:00:08'),
(8839, 'Станислав', '', '', 3, 'Batstas@bk.ru', '25355252', 'Батютенко', 'id25355252', 'https://pp.userapi.com/c846417/v846417929/618b7/4aLeb6FiOE0.jpg?ava=1', '2018-07-21 12:13:43', '', 2.01, '2018-07-21 16:17:07'),
(8840, 'Vlad', '', '', 3, '', '143069211', 'Perepelitsa', 'slow_perepel', 'https://pp.userapi.com/c844722/v844722454/77cd9/Dv-WPv80vak.jpg?ava=1', '2018-07-21 12:16:28', '', 2.00, '2018-07-21 16:17:02'),
(8841, 'Ярослав', '', '', 3, 'mrfoxe.bonni@mail.ru', '304324281', 'Войтов', 'id304324281', 'https://pp.userapi.com/c848416/v848416222/29fe8/a6sGVMGVSho.jpg?ava=1', '2018-07-21 12:16:44', '', 2.00, '2018-07-21 16:29:36'),
(8842, 'Crazyboy', '', '', 3, '', '449834195', 'Cool', 'id449834195', 'https://vk.com/images/camera_100.png?ava=1', '2018-07-21 12:18:17', '', 2.00, '2018-07-21 16:42:56'),
(8843, 'Ваня', '', '', 3, '', '299430787', 'Балабанов', 'id299430787', 'https://pp.userapi.com/c836220/v836220787/27ae8/InexGLUeodE.jpg?ava=1', '2018-07-21 12:18:23', '', 2.00, '2018-07-21 16:18:52'),
(8844, 'Даня', '', '', 3, '', '483260522', 'Квашин', 'id483260522', 'https://pp.userapi.com/c621702/v621702197/8eaad/ybOaXqgHAWI.jpg?ava=1', '2018-07-21 12:18:44', '', 0.60, '2018-07-21 17:02:36'),
(8845, 'Кирилл', '', '', 3, 'fantom.vmb@mail.ru', '84056174', 'Булатов', '96bylatov', 'https://pp.userapi.com/c631322/v631322174/371b4/CJqZWLEOjZQ.jpg?ava=1', '2018-07-21 12:20:04', '', 0.00, '2018-07-21 16:21:25'),
(8846, 'Теопентал', '', '', 3, '', '469837208', 'Натрия', 'id469837208', 'https://pp.userapi.com/c834402/v834402927/930c6/9rLoZDTplio.jpg?ava=1', '2018-07-21 12:20:30', '', 0.00, '2018-07-21 16:21:58'),
(8847, 'Vova', '', '', 3, 'vova.kalashnikov@ukr.net', '461584943', 'Kalashnikov', 'id461584943', 'https://pp.userapi.com/c847122/v847122501/4c026/s6ALdBXBBU0.jpg?ava=1', '2018-07-21 12:20:42', '', 0.00, '2018-07-21 16:24:32'),
(8848, 'Дима', '', '', 3, '20042016t@bk.ru', '470899487', 'Анохин', 'animeonelovetop', 'https://pp.userapi.com/c830408/v830408227/c5d23/a0A3GcAvZdA.jpg?ava=1', '2018-07-21 12:20:54', '', 0.00, '2018-07-21 16:21:56'),
(8849, 'Назар', '', '', 3, '', '277895690', 'Яценко', 'id277895690', 'https://pp.userapi.com/c846218/v846218214/a55e6/R2sB3UDugEg.jpg?ava=1', '2018-07-21 12:21:02', '', 0.00, '2018-07-21 16:27:12'),
(8850, 'Артем', '', '', 3, 'Ebanko2000eb@gmail.com', '430163513', 'Ярондайкин', 'id430163513', 'https://pp.userapi.com/c848520/v848520076/55b5/KIXcZtrkJxE.jpg?ava=1', '2018-07-21 12:21:06', '', 1.17, '2018-07-24 19:28:37'),
(8851, 'Никита', '', '', 3, 'Nikzem.tv@mail.ru', '281635197', 'Дугинов', 'dygunov', 'https://pp.userapi.com/c845522/v845522778/85f24/PUBd8eTmimo.jpg?ava=1', '2018-07-21 12:21:17', '', 0.00, '2018-07-21 16:29:16'),
(8852, 'Артём', '', '', 3, '', '464311253', 'Кравчуков', 'idartem6868', 'https://vk.com/images/camera_100.png?ava=1', '2018-07-21 12:22:40', '', 0.00, '2018-07-21 16:28:17'),
(8853, 'Джеф', '', '', 3, '', '343818449', 'Убийца', 'id343818449', 'https://pp.userapi.com/c629415/v629415449/3ab8d/hwiNyp6AYDY.jpg?ava=1', '2018-07-21 12:23:05', '', 0.00, '2018-07-21 16:28:20'),
(8854, 'Саша', '', '', 3, 'lisnichenko-sasha7@mail.ru', '461285823', 'Лисниченко', 'sanekaudi', 'https://pp.userapi.com/c845217/v845217243/970e0/jl7paVY9auE.jpg?ava=1', '2018-07-21 12:23:16', '', 1.00, '2018-07-21 16:27:57'),
(8855, 'Дима', '', '', 3, '', '489818563', 'Бойчук', 'id489818563', 'https://vk.com/images/camera_100.png?ava=1', '2018-07-21 12:23:43', '', 0.00, '2018-07-21 16:28:25'),
(8856, 'Вова', '', '', 3, 'zinchenko.1703@mail.ru', '221738522', 'Калашников', 'x_zinchenko_x', 'https://pp.userapi.com/c845522/v845522096/ab7af/8HBQyyGx78U.jpg?ava=1', '2018-07-21 12:24:42', '', 0.01, '2018-07-21 16:26:24'),
(8857, 'Janna', '', '', 3, 'instagram589@gmail.com', '423484048', 'Kocharin', 'jkocharian', 'https://pp.userapi.com/c834404/v834404592/17afe0/QoLWnwUwqiI.jpg?ava=1', '2018-07-21 12:25:56', '', 0.01, '2018-07-21 16:30:10'),
(8858, 'Rad', '', '', 3, '', '440738525', 'Mir', '27radmir27', 'https://pp.userapi.com/c845524/v845524350/a24cb/eJxNM-vNqvY.jpg?ava=1', '2018-07-21 12:26:24', '', 0.00, '2018-07-21 16:27:01'),
(8859, 'Максим', '', '', 3, '', '442603796', 'Петров', 'id442603796', 'https://pp.userapi.com/c831308/v831308486/b0209/8JKjb_1ebTg.jpg?ava=1', '2018-07-21 12:26:50', '', 0.00, '2018-07-21 16:27:21'),
(8860, 'Сергей', '', '', 3, 'bespokoyu@mail.ru', '178784471', 'Вестов', 'idsergey21', 'https://pp.userapi.com/c619526/v619526471/15d44/itl1Vxj7ryI.jpg?ava=1', '2018-07-21 12:27:17', '', 0.56, '2018-07-22 17:29:22'),
(8861, 'Ваня', '', '', 3, 'V-203@UKR.NET', '443922465', 'Бордюгов', 'id443922465', 'https://pp.userapi.com/c845123/v845123232/9d864/NeRTu3ny2JA.jpg?ava=1', '2018-07-21 12:27:29', '', 0.00, '2018-07-21 16:28:00'),
(8862, 'Perviz', '', '', 3, 'pmuzefferov@mail.ru', '424105511', 'Muzefferov', 'id424105511', 'https://pp.userapi.com/c639916/v639916843/6707c/ic0LGwdTulA.jpg?ava=1', '2018-07-21 12:28:15', '', 0.80, '2018-07-24 03:21:50'),
(8863, 'Евгений', '', '', 3, 'skotarenko1978@mail.ru', '166343246', 'Скотаренко', 'skotarenko78', 'https://pp.userapi.com/c304107/v304107246/563d/1_lEzwOyjw8.jpg?ava=1', '2018-07-21 12:28:21', '', 0.00, '2018-07-21 16:28:53'),
(8864, 'Vova', '', '', 3, 'boxah@ukr.net', '418372602', 'Zinchenko', 'zinchenko.vova', 'https://pp.userapi.com/c841131/v841131415/dc20/lkZ2czd8HxM.jpg?ava=1', '2018-07-21 12:28:59', '', 0.18, '2018-07-21 16:32:01'),
(8865, 'Aaaa', '', '', 3, '', '496740094', 'Aaaa', 'id496740094', 'https://vk.com/images/camera_100.png?ava=1', '2018-07-21 12:29:22', '', 0.00, '2018-07-21 16:30:42'),
(8866, 'Вова', '', '', 3, '71474@mail.ru', '326981013', 'Калашников', 'id326981013', 'https://pp.userapi.com/c840733/v840733209/723de/cyKK55DCITw.jpg?ava=1', '2018-07-21 12:29:28', '', 0.00, '2018-07-21 16:30:07'),
(8867, 'Абай', '', '', 3, '', '496663207', 'Исмаилов', 'id496663207', 'https://vk.com/images/camera_100.png?ava=1', '2018-07-21 12:29:58', '', 0.00, '2018-07-21 16:31:20'),
(8868, 'Mustafapro-Yt', '', '', 3, '', '488234917', 'Tr', 'mustafa3131', 'https://pp.userapi.com/c845323/v845323405/61c7f/1SDvZq3hfBw.jpg?ava=1', '2018-07-21 12:30:05', '', 0.00, '2018-07-21 16:33:15'),
(8869, 'Артём', '', '', 3, 'nikromorger30@yandex.ru', '367157472', 'Лига', 'khanykov2016', 'https://pp.userapi.com/c824411/v824411942/39003/94FPzFiuvHw.jpg?ava=1', '2018-07-21 12:30:17', '', 0.00, '2018-07-21 16:30:50'),
(8870, 'Uriy', '', '', 3, '', '262101634', 'Uriy', 'uriyng', 'https://pp.userapi.com/c616520/v616520634/131bc/uy5eOt5OTXk.jpg?ava=1', '2018-07-22 13:38:29', '', 0.80, '2018-07-24 11:48:09'),
(8871, 'Валера', '', '', 3, '', '455369953', 'Трахунов', 'id455369953', 'https://pp.userapi.com/c824410/v824410511/9b1c7/Fly3P0udx80.jpg?ava=1', '2018-07-22 13:40:50', '', 0.86, '2018-07-22 18:05:52'),
(8872, 'Аделайла', '', '', 3, '', '406427201', 'Василивна', 'id406427201', 'https://pp.userapi.com/c841438/v841438596/3bf66/lFsvwjMMOsg.jpg?ava=1', '2018-07-23 21:27:28', '', 2.00, '2018-07-24 01:39:12'),
(8873, 'Samir', '', '', 3, '', '262101635', 'Omar', 'id262101635', 'https://vk.com/images/camera_100.png?ava=1', '2018-07-23 22:02:05', '', 1.00, '2018-07-24 02:03:27'),
(8874, 'Катя', '', '', 3, '', '314963008', 'Милина', 'id314963008', 'https://pp.userapi.com/c604825/v604825008/e04a/Dn_isRi8nNk.jpg?ava=1', '2018-07-23 22:03:33', '', 2.80, '2018-07-24 02:06:03'),
(8875, 'Никита', '', '', 3, 'phimp@bk.ru', '200215929', 'Нестеров', 'destroid02', 'https://sun6-3.userapi.com/c824203/v824203983/193a84/fbNE7RaPSp0.jpg?ava=1', '2018-07-24 02:26:36', '', 0.00, '2018-07-24 23:46:44'),
(8876, 'Иван', '', '', 3, 'gaikol93@mail.ru', '494520270', 'Быстров', 'antik93', 'https://pp.userapi.com/c846524/v846524535/83d7c/HRcTssUqpJE.jpg?ava=1', '2018-07-24 03:01:30', '', 0.73, '2018-07-24 15:35:04'),
(8877, 'Андрей', '', '', 3, '', '267417847', 'Денисов', 'id267417847', 'https://pp.userapi.com/c846122/v846122776/15c82/tVIqcuteEXM.jpg?ava=1', '2018-07-24 03:02:35', '', 0.00, '2018-07-24 22:06:11'),
(8878, 'Макол', '', '', 3, '', '494989583', 'Масл', 'id494989583', 'https://vk.com/images/camera_100.png?ava=1', '2018-07-24 03:15:38', '', 2.14, '2018-07-24 09:05:40'),
(8879, 'Екатерина', '', '', 3, 'ekaterinakuziv3112@mail.ru', '425838487', 'Стефаненкова', 'id425838487', 'https://sun9-8.userapi.com/c831208/v831208703/122d4a/YLj6dh13wMQ.jpg?ava=1', '2018-07-24 04:54:14', '', 2.25, '2018-07-24 08:58:17'),
(8880, 'Mark', '', '', 3, '', '475863225', 'Moric', 'id475863225', 'https://pp.userapi.com/c840721/v840721171/70c58/IfNbbGJ12bg.jpg?ava=1', '2018-07-24 05:33:26', '', 0.33, '2018-07-25 10:41:30'),
(8881, 'Yff', '', '', 3, '', '498039333', 'Fduc', 'id498039333', 'https://pp.userapi.com/c844418/v844418339/ad4fc/m8wVs7hjuVI.jpg?ava=1', '2018-07-24 06:47:07', '', 0.02, '2018-07-25 11:08:00'),
(8882, 'Александр', '', '', 3, '', '494787259', 'Король', 'id494787259', 'https://vk.com/images/camera_100.png?ava=1', '2018-07-24 06:52:46', '', 0.07, '2018-07-25 16:59:31'),
(8883, 'Madara', '', '', 3, '', '484900747', 'Uchiha', 'id484900747', 'https://pp.userapi.com/c846021/v846021595/a556f/cs0vMqaKMvY.jpg?ava=1', '2018-07-24 08:46:35', '', 0.00, '2018-07-24 18:53:43'),
(8884, 'Вадик', '', '', 3, '', '341364145', 'Гольцев', 'rainyt77', 'https://vk.com/images/camera_100.png?ava=1', '2018-07-24 08:49:37', '', 3.60, '2018-07-24 13:22:57'),
(8885, 'Yurik', '', '', 3, '', '481286404', 'Pogosyan', 'yurna333', 'https://pp.userapi.com/c845120/v845120993/1878f/FbUUF81MW2M.jpg?ava=1', '2018-07-24 10:37:50', '', 2.00, '2018-07-24 14:38:41'),
(8886, 'Daulet', '', '', 3, '', '272109353', 'Rashidov', 'id272109353', 'https://pp.userapi.com/c830209/v830209927/141549/j-3EfHX37y4.jpg?ava=1', '2018-07-24 10:44:57', '', 0.16, '2018-07-25 11:19:39'),
(8887, 'Edic', '', '', 3, '', '461081857', 'Cioclea', 'id461081857', 'https://pp.userapi.com/c846520/v846520979/a7de3/JWTvCT6DgBQ.jpg?ava=1', '2018-07-24 10:51:13', '', 0.00, '2018-07-24 15:00:42'),
(8888, 'Loto', '', '', 3, 'jkachanv@rambler.ru', '463094546', 'Cash', 'id463094546', 'https://pp.userapi.com/c849220/v849220139/2ec81/6lY1koiDybg.jpg?ava=1', '2018-07-24 10:53:55', '', 0.15, '2018-07-24 15:01:51'),
(8889, 'Денис', '', '', 3, '', '236377129', 'Наймушин', 'id236377129', 'https://sun9-6.userapi.com/c834101/v834101623/147c9d/WHLXKLNbqK0.jpg?ava=1', '2018-07-24 10:54:40', '', 0.04, '2018-07-24 14:58:52'),
(8890, 'Артур', '', '', 3, '', '387597703', 'Султанов', 'artursultanov2000', 'https://pp.userapi.com/c637722/v637722703/11139/qeRfyWsf1n0.jpg?ava=1', '2018-07-24 10:56:17', '', 0.00, '2018-07-24 14:57:34'),
(8891, 'Mustafa', '', '', 3, '', '477538487', 'Uluisik', 'id477538487', 'https://pp.userapi.com/c845419/v845419444/92c89/N9alndXPlq0.jpg?ava=1', '2018-07-24 11:16:53', '', 0.00, '2018-07-24 16:15:56'),
(8892, 'Александр', '', '', 3, '', '458499125', 'Романов', 'alexander_romanov2003', 'https://pp.userapi.com/c846020/v846020298/73f98/nFZxnTAmvH8.jpg?ava=1', '2018-07-24 11:42:48', '', 0.00, '2018-07-24 15:44:31'),
(8893, 'Irina', '', '', 3, 'irairina.84@mail.ru', '365782134', 'Golod', 'id365782134', 'https://pp.userapi.com/c847122/v847122792/9cf48/KQSFNjAASM0.jpg?ava=1', '2018-07-24 11:48:18', '', 0.10, '2018-07-24 16:06:44'),
(8894, 'Стас', '', '', 3, '', '280728585', 'Гусак', 'id280728585', 'https://pp.userapi.com/c840320/v840320920/720ca/t4g1Gjh-SwM.jpg?ava=1', '2018-07-24 11:51:46', '', 0.00, '2018-07-24 15:55:55'),
(8895, 'Balabol', '', '', 3, '', '491681329', 'Balabolkin', 'id491681329', 'https://pp.userapi.com/c844617/v844617646/a73dc/J9BdSLRLZ68.jpg?ava=1', '2018-07-24 11:56:16', '', 0.00, '2018-07-24 16:05:12'),
(8896, 'Dorbek', '', '', 3, '', '476312282', 'Kgz', 'id476312282', 'https://pp.userapi.com/c844520/v844520008/73542/fDkehBonn48.jpg?ava=1', '2018-07-24 12:46:36', '', 2.73, '2018-07-24 16:54:42'),
(8897, 'Азамат', '', '', 3, '', '203168140', 'Бокашев', 'a.bokashev', 'https://pp.userapi.com/c846216/v846216617/6840a/VeSTCgbV6QQ.jpg?ava=1', '2018-07-24 16:14:36', '', 2.00, '2018-07-24 20:15:06'),
(8898, 'Кирилл', '', '', 3, '', '460092584', 'Стахеев', 'id460092584', 'https://sun6-2.userapi.com/c830308/v830308969/152f8a/rIn--ejgW6M.jpg?ava=1', '2018-07-24 18:25:46', '', 0.00, '2018-07-24 23:16:58'),
(8899, 'Kirill', '', '', 3, '', '476399924', 'Staheev', 'id476399924', 'https://pp.userapi.com/c846420/v846420860/a84be/ldImClEZ2VA.jpg?ava=1', '2018-07-24 18:27:29', '', 0.00, '2018-07-24 22:27:40'),
(8900, 'I-C-E', '', '', 3, '', '482432479', 'Billy-Milligan', 'id482432479', 'https://vk.com/images/camera_100.png?ava=1', '2018-07-24 18:27:45', '', 0.00, '2018-07-24 23:42:45'),
(8901, 'Игорь', '', '', 3, 'reid09@mail.ru', '36736863', 'Кондрашов', 'the_igors_page', 'https://pp.userapi.com/c850032/v850032468/1161b/KC-U-sW8WYI.jpg?ava=1', '2018-07-24 18:42:24', '', 2.00, '2018-07-24 23:07:08'),
(8902, 'Georgi', '', '', 3, 'givanov8803@gmail.com', '345248358', 'Dinkov', 'id345248358', 'https://sun6-6.userapi.com/c834101/v834101300/cce65/0Ep2v4pc49g.jpg?ava=1', '2018-07-24 20:19:23', '', 0.12, '2018-07-25 19:08:36'),
(8903, 'Ad', '', '', 3, '', '491911332', 'Sadasda', 'id491911332', 'https://vk.com/images/camera_100.png?ava=1', '2018-07-24 20:23:46', '', 2.49, '2018-07-25 00:26:17'),
(8904, 'Daston', '', '', 3, '', '447808621', 'Shukurllaev', 'id447808621', 'https://sun6-3.userapi.com/c824409/v824409816/6f45/u1k03OW08q8.jpg?ava=1', '2018-07-24 20:26:28', '', 0.00, '2018-07-25 00:27:19'),
(8905, 'Alan', '', '', 3, '', '461171673', 'Walker', 'id461171673', 'https://vk.com/images/camera_100.png?ava=1', '2018-07-24 20:27:55', '', 0.56, '2018-07-25 00:31:31'),
(8906, 'Shoxzod', '', '', 3, '', '458442678', 'Eshimbetov', 'id458442678', 'https://vk.com/images/camera_100.png?ava=1', '2018-07-24 20:28:30', '', 0.00, '2018-07-25 00:29:17'),
(8907, 'Андрей', '', '', 3, '', '417321910', 'Аверьянов', 'id417321910', 'https://sun6-3.userapi.com/c834101/v834101314/14d39e/CIeExfoNhms.jpg?ava=1', '2018-07-25 06:37:23', '', 2.52, '2018-07-25 15:16:17'),
(8908, 'Рома', '', '', 3, '', '180074744', 'Галенко', 'id180074744', 'https://pp.userapi.com/c830401/v830401055/d4a02/SEHgkiBJgl8.jpg?ava=1', '2018-07-25 07:19:46', '', 2.22, '2018-07-25 11:25:26'),
(8909, 'Igor', '', '', 3, '', '477699997', 'Snouden', 'igorsnouden', 'https://sun6-2.userapi.com/c830400/v830400261/12f6be/Y-j0NsGsw_o.jpg?ava=1', '2018-07-25 07:55:10', '', 0.00, '2018-07-25 20:01:54'),
(8910, 'Александр', '', '', 3, '', '363197814', 'Смирнов', 'id363197814', 'https://sun6-4.userapi.com/c834302/v834302509/19be09/NM7Nvz8lLgE.jpg?ava=1', '2018-07-25 09:53:52', '', 2.43, '2018-07-25 14:52:51'),
(8911, 'Владислав', '', '', 3, '', '442817491', 'Кот', 'id442817491', 'https://pp.userapi.com/c841030/v841030331/69384/cHWFFdAuFig.jpg?ava=1', '2018-07-25 12:45:11', '', 0.00, '2018-07-25 16:51:38'),
(8912, 'Erasyl', '', '', 3, 'lolcrazy588@gmail.com', '482648008', 'Isabek', 'id482648008', 'https://pp.userapi.com/c848736/v848736382/3688b/JN21F788ECI.jpg?ava=1', '2018-07-25 14:30:19', '', 0.00, '2018-07-25 18:31:28'),
(8913, 'Гулзат', '', '', 3, '', '222128511', 'Оразалы', 'id222128511', 'https://pp.userapi.com/c840535/v840535652/6aa37/cwwAU-8cJ8Q.jpg?ava=1', '2018-07-25 14:31:34', '', 0.00, '2018-07-25 18:51:18'),
(8914, 'Milk', '', '', 3, '', '488967888', 'Moo', 'id488967888', 'https://vk.com/images/camera_100.png?ava=1', '2018-07-25 14:32:02', '', 0.00, '2018-07-25 18:32:06'),
(8915, 'Max', '', '', 3, '', '491033894', 'Vova', 'id491033894', 'https://vk.com/images/camera_100.png?ava=1', '2018-07-25 14:32:28', '', 0.00, '2018-07-25 18:33:12'),
(8916, 'Maqsim', '', '', 3, '', '484813465', 'Jan', 'maqsim1', 'https://pp.userapi.com/c840134/v840134020/52edd/W2fJoa1Eds0.jpg?ava=1', '2018-07-25 14:39:26', '', 0.00, '2018-07-25 18:41:22'),
(8917, 'Александр', '', '', 3, '', '454677181', 'Егоров', 'alexandregorov1', 'https://pp.userapi.com/c846123/v846123826/8e3e7/VazEiPRGV58.jpg?ava=1', '2018-07-25 14:41:10', '', 2.00, '2018-07-25 18:41:17'),
(8918, 'Иван', '', '', 3, '', '425400473', 'Архипов', 'id425400473', 'https://sun6-1.userapi.com/c830309/v830309030/136afa/Vm6KR4AxKtI.jpg?ava=1', '2018-07-25 14:46:41', '', 0.00, '2018-07-25 18:54:11'),
(8919, 'Данил', '', '', 3, '', '278767105', 'Державин', 'id278767105', 'https://pp.userapi.com/c824501/v824501291/190fd0/1T0Eanu0Mho.jpg?ava=1', '2018-07-25 14:49:41', '', 0.00, '2018-07-25 18:51:38'),
(8920, 'Даурен', '', '', 3, '', '289073437', 'Рзабек', 'id289073437', 'https://vk.com/images/camera_100.png?ava=1', '2018-07-25 15:20:59', '', 2.00, '2018-07-25 19:40:17'),
(8921, 'Данил', '', '', 3, '', '403655222', 'Водышев', 'id403655222', 'https://pp.userapi.com/c847121/v847121884/836f9/Q23KyhUTDos.jpg?ava=1', '2018-07-25 15:49:20', '', 0.00, '2018-07-25 20:01:56');

-- --------------------------------------------------------

--
-- Структура таблицы `my_site_emails`
--

CREATE TABLE IF NOT EXISTS `my_site_emails` (
  `id` int(11) NOT NULL,
  `email` varchar(250) NOT NULL,
  `category` int(11) NOT NULL COMMENT 'категория - если необходимо разбить пользователей на группы',
  `user_id` int(11) NOT NULL
) ENGINE=MyISAM DEFAULT CHARSET=utf8;

-- --------------------------------------------------------

--
-- Структура таблицы `my_site_email_data`
--

CREATE TABLE IF NOT EXISTS `my_site_email_data` (
  `id` int(10) NOT NULL,
  `item_key` varchar(150) NOT NULL,
  `theme` varchar(100) NOT NULL,
  `message` text NOT NULL,
  `reply_to` varchar(250) NOT NULL,
  `isHTML` mediumint(1) NOT NULL
) ENGINE=MyISAM AUTO_INCREMENT=2 DEFAULT CHARSET=utf8 COMMENT='данные для рассылок писем';

-- --------------------------------------------------------

--
-- Структура таблицы `my_site_pages`
--

CREATE TABLE IF NOT EXISTS `my_site_pages` (
  `id` bigint(20) NOT NULL,
  `mask` varchar(300) NOT NULL,
  `controller` varchar(100) NOT NULL,
  `action` varchar(100) NOT NULL,
  `alias` varchar(100) NOT NULL,
  `html_title` varchar(70) NOT NULL,
  `html_keywords` varchar(150) NOT NULL,
  `html_description` varchar(200) NOT NULL,
  `page_blocks` varchar(500) NOT NULL,
  `plugins` varchar(500) NOT NULL,
  `short_title` varchar(30) NOT NULL,
  `parent_alias` varchar(100) NOT NULL,
  `block_get_parameters` tinyint(1) DEFAULT NULL
) ENGINE=MyISAM AUTO_INCREMENT=20 DEFAULT CHARSET=utf8 COMMENT='страницы сайта';

--
-- Дамп данных таблицы `my_site_pages`
--

INSERT INTO `my_site_pages` (`id`, `mask`, `controller`, `action`, `alias`, `html_title`, `html_keywords`, `html_description`, `page_blocks`, `plugins`, `short_title`, `parent_alias`, `block_get_parameters`) VALUES
(2, '', 'index', '', 'index', 'Fast-Win - Быстрые лотереи!', 'Fast-Win - Быстрые лотереи!', 'Fast-Win - Быстрые лотереи!', '', '', 'Fast-Win - Быстрые лотереи!', '', NULL),
(3, 'signin/', 'signin', '', 'signin', 'Вход в аккаунт', 'Вход в аккаунт', 'Вход в аккаунт', '', '', 'Вход в аккаунт', 'index', NULL),
(16, 'fstatus/', 'fstatus', '', 'fstatus', 'Free Kassa', 'Free Kassa', 'Free Kassa', '', '', 'Free Kassa', '', NULL),
(17, 'back/', 'dummy.ajax', '', 'back', 'Ajax', 'Ajax', 'Ajax', '', '', 'Ajax', 'index', NULL),
(15, 'pstatus/', 'pstatus', '', 'pstatus', 'Payeer', 'Payeer', 'Payeer', '', '', 'Payeer', 'index', NULL),
(18, 'back/:item/', 'back', '', 'back', 'Ajax', 'Ajax', 'Ajax', '', '', 'Ajax', 'index', NULL),
(8, 'faq/', 'pages', '', 'faq', 'Ответы на частые вопросы', 'Ответы на частые вопросы', 'Ответы на частые вопросы', '', '', 'Ответы на частые вопросы', 'index', NULL),
(9, 'conf/', 'pages', '', 'conf', 'Политика конфиденциальности', 'Политика конфиденциальности', 'Политика конфиденциальности', '', '', 'Политика конфиденциальности', 'index', NULL),
(10, 'rules/', 'pages', '', 'rules', 'Правила сервиса', 'Правила сервиса', 'Правила сервиса', '', '', 'Правила сервиса', 'index', NULL),
(11, 'contacts/', 'pages', '', 'contacts', 'Контакты', 'Контакты', 'Контакты', '', '', 'Контакты', 'index', NULL),
(12, 'account/:page/:item/', 'account', '', 'account', 'Личный кабинет', 'Личный кабинет', 'Личный кабинет', '', '', 'Личный кабинет', 'index', NULL),
(19, 'report/:page/', 'report', '', 'report', 'Отчет', 'Отчет', 'Отчет', '', '', 'Отчет', 'index', NULL);

-- --------------------------------------------------------

--
-- Структура таблицы `my_site_pages_dynamic_types`
--

CREATE TABLE IF NOT EXISTS `my_site_pages_dynamic_types` (
  `id` int(11) NOT NULL,
  `descr` varchar(100) NOT NULL,
  `plugin_name` varchar(150) NOT NULL,
  `mask_parameters` varchar(500) NOT NULL
) ENGINE=MyISAM AUTO_INCREMENT=6 DEFAULT CHARSET=utf8;

--
-- Дамп данных таблицы `my_site_pages_dynamic_types`
--

INSERT INTO `my_site_pages_dynamic_types` (`id`, `descr`, `plugin_name`, `mask_parameters`) VALUES
(2, 'Текстовая страница', 'userpage1', ':pageName/');

-- --------------------------------------------------------

--
-- Структура таблицы `my_site_params`
--

CREATE TABLE IF NOT EXISTS `my_site_params` (
  `id` int(11) NOT NULL,
  `key` varchar(63) NOT NULL,
  `title` tinytext NOT NULL,
  `value` tinytext NOT NULL,
  `ps` int(11) NOT NULL
) ENGINE=MyISAM AUTO_INCREMENT=7 DEFAULT CHARSET=utf8 COMMENT='значения настроек для сайта';

--
-- Дамп данных таблицы `my_site_params`
--

INSERT INTO `my_site_params` (`id`, `key`, `title`, `value`, `ps`) VALUES
(1, 'shop', 'Payeer ID', '111111111', 1),
(2, 'key', 'Payeer key', '1111111111', 1),
(3, 'shop', 'Free Kassa ID', '80783', 2),
(4, 'key', 'Free Kassa key', 'mz3r123k', 2),
(5, 'key2', 'Free Kassa key2', '3da8lhcd', 2),
(6, 'email_admin', 'E-Mail менеджера', 'manager@localhost', 0);

-- --------------------------------------------------------

--
-- Структура таблицы `my_site_plugin_schemes`
--

CREATE TABLE IF NOT EXISTS `my_site_plugin_schemes` (
  `item_key` varchar(50) NOT NULL,
  `descr` varchar(100) NOT NULL,
  `plugin_name` varchar(100) NOT NULL,
  `config_data` text NOT NULL
) ENGINE=MyISAM DEFAULT CHARSET=utf8;

--
-- Дамп данных таблицы `my_site_plugin_schemes`
--

INSERT INTO `my_site_plugin_schemes` (`item_key`, `descr`, `plugin_name`, `config_data`) VALUES
('userpage1', 'Динамические страницы - по умолчанию', 'userpage', 'a:2:{s:10:"table_name";s:20:"my_plg_dynamic_pages";s:10:"field_name";s:6:"field1";}'),
('userdefault1', 'Пользователь по умолчанию', 'userdefault', ''),
('userextend', 'Пользователь (расширенная версия)', 'userextend', ''),
('geolocation', 'Определение местоположения', 'geolocation', '');

-- --------------------------------------------------------

--
-- Структура таблицы `my_site_siteplugins`
--

CREATE TABLE IF NOT EXISTS `my_site_siteplugins` (
  `id` int(11) NOT NULL,
  `scheme_id` varchar(100) NOT NULL
) ENGINE=MyISAM AUTO_INCREMENT=3 DEFAULT CHARSET=utf8;

-- --------------------------------------------------------

--
-- Структура таблицы `my_site_text_blocks`
--

CREATE TABLE IF NOT EXISTS `my_site_text_blocks` (
  `id` bigint(20) NOT NULL,
  `item_key` varchar(50) NOT NULL,
  `title` varchar(100) NOT NULL,
  `html` text NOT NULL
) ENGINE=MyISAM AUTO_INCREMENT=2 DEFAULT CHARSET=utf8;

-- --------------------------------------------------------

--
-- Структура таблицы `operations`
--

CREATE TABLE IF NOT EXISTS `operations` (
  `id` int(11) NOT NULL,
  `title` varchar(255) NOT NULL
) ENGINE=InnoDB AUTO_INCREMENT=14 DEFAULT CHARSET=utf8;

--
-- Дамп данных таблицы `operations`
--

INSERT INTO `operations` (`id`, `title`) VALUES
(1, 'Пополнение баланса'),
(2, 'Выплата'),
(3, 'Ставка'),
(4, 'Выигрыш'),
(5, 'Ежедневный бонус'),
(6, 'Бонус за регистрацию'),
(7, 'Комиссия'),
(8, 'Возврат ставки'),
(9, 'Отмена выплаты'),
(10, 'Реферальная выплата'),
(11, 'Комиссия за вывод'),
(12, 'Возврат комиссии за вывод'),
(13, 'Коррекция ошибки');

-- --------------------------------------------------------

--
-- Структура таблицы `orders`
--

CREATE TABLE IF NOT EXISTS `orders` (
  `id` int(11) NOT NULL,
  `idate` datetime NOT NULL,
  `ps` int(11) NOT NULL,
  `user_id` int(11) NOT NULL,
  `sum` decimal(10,2) NOT NULL,
  `status` tinyint(4) NOT NULL DEFAULT '0',
  `invoice` varchar(100) NOT NULL,
  `pdate` datetime NOT NULL
) ENGINE=InnoDB AUTO_INCREMENT=48 DEFAULT CHARSET=utf8;

--
-- Дамп данных таблицы `orders`
--

INSERT INTO `orders` (`id`, `idate`, `ps`, `user_id`, `sum`, `status`, `invoice`, `pdate`) VALUES
(1, '2018-07-18 01:44:47', 2, 10, 100.00, 0, '', '0000-00-00 00:00:00'),
(2, '2018-07-18 01:47:26', 1, 8788, 100.00, 0, '', '0000-00-00 00:00:00'),
(3, '2018-07-18 02:12:54', 2, 8788, 100.00, 0, '', '0000-00-00 00:00:00'),
(4, '2018-07-18 02:13:38', 1, 8788, 100.00, 0, '', '0000-00-00 00:00:00'),
(5, '2018-07-18 02:13:50', 2, 8788, 100.00, 0, '', '0000-00-00 00:00:00'),
(6, '2018-07-18 02:15:47', 1, 8788, 100.00, 0, '', '0000-00-00 00:00:00'),
(7, '2018-07-18 02:15:49', 1, 8788, 100.00, 0, '', '0000-00-00 00:00:00'),
(8, '2018-07-18 02:15:51', 1, 8788, 100.00, 0, '', '0000-00-00 00:00:00'),
(9, '2018-07-18 02:16:02', 2, 8788, 100.00, 0, '', '0000-00-00 00:00:00'),
(10, '2018-07-18 02:16:27', 2, 8788, 100.00, 0, '', '0000-00-00 00:00:00'),
(11, '2018-07-18 02:36:04', 1, 8788, 100.00, 0, '', '0000-00-00 00:00:00'),
(12, '2018-07-18 02:37:16', 2, 8788, 100.00, 0, '', '0000-00-00 00:00:00'),
(13, '2018-07-18 02:37:58', 1, 8788, 100.00, 0, '', '0000-00-00 00:00:00'),
(14, '2018-07-18 02:39:08', 1, 8788, 500.00, 0, '', '0000-00-00 00:00:00'),
(15, '2018-07-18 02:41:06', 2, 8788, 100.00, 0, '', '0000-00-00 00:00:00'),
(16, '2018-07-18 02:41:54', 2, 8788, 100.00, 0, '', '0000-00-00 00:00:00'),
(17, '2018-07-18 02:44:42', 2, 8788, 100.00, 0, '', '0000-00-00 00:00:00'),
(18, '2018-07-18 02:44:53', 2, 8788, 700.00, 0, '', '0000-00-00 00:00:00'),
(19, '2018-07-18 02:50:57', 2, 8788, 100.00, 0, '', '0000-00-00 00:00:00'),
(20, '2018-07-18 02:57:11', 2, 8788, 100.00, 0, '', '0000-00-00 00:00:00'),
(21, '2018-07-18 13:27:26', 2, 8788, 2.00, 0, '', '0000-00-00 00:00:00'),
(22, '2018-07-18 14:15:25', 2, 8788, 2.00, 0, '', '0000-00-00 00:00:00'),
(23, '2018-07-18 14:38:05', 2, 8788, 100.00, 0, '', '0000-00-00 00:00:00'),
(24, '2018-07-18 14:38:15', 2, 8788, 2.00, 1, '40270481', '2018-07-18 14:40:30'),
(25, '2018-07-19 21:58:21', 2, 8794, 7.00, 0, '', '0000-00-00 00:00:00'),
(26, '2018-07-19 21:59:47', 2, 8788, 100.00, 0, '', '0000-00-00 00:00:00'),
(27, '2018-07-19 22:14:46', 2, 8794, 3.00, 0, '', '0000-00-00 00:00:00'),
(28, '2018-07-19 22:39:39', 2, 8790, 100.00, 0, '', '0000-00-00 00:00:00'),
(29, '2018-07-20 01:16:59', 2, 8788, 1.00, 1, '40376595', '2018-07-20 01:17:39'),
(30, '2018-07-20 22:14:37', 2, 8788, 100.00, 0, '', '0000-00-00 00:00:00'),
(31, '2018-07-21 16:01:31', 2, 8806, 1.00, 1, '40470392', '2018-07-21 16:02:49'),
(32, '2018-07-21 16:03:54', 2, 8806, 2.00, 1, '40470497', '2018-07-21 16:04:32'),
(33, '2018-07-21 16:10:29', 2, 8806, 1.80, 0, '', '0000-00-00 00:00:00'),
(34, '2018-07-21 16:11:17', 2, 8806, 1.20, 1, '40470935', '2018-07-21 16:11:45'),
(35, '2018-07-21 16:30:28', 2, 8860, 15.00, 1, '40472227', '2018-07-21 16:30:57'),
(36, '2018-07-22 17:38:38', 2, 8870, 100.00, 0, '', '0000-00-00 00:00:00'),
(37, '2018-07-22 18:03:23', 2, 8788, 100.00, 0, '', '0000-00-00 00:00:00'),
(38, '2018-07-22 18:09:45', 2, 8788, 100.00, 0, '', '0000-00-00 00:00:00'),
(39, '2018-07-24 00:37:48', 2, 8788, 100.00, 0, '', '0000-00-00 00:00:00'),
(40, '2018-07-24 11:10:38', 2, 8870, 100.00, 0, '', '0000-00-00 00:00:00'),
(41, '2018-07-24 11:24:54', 2, 8870, 100.00, 0, '', '0000-00-00 00:00:00'),
(42, '2018-07-24 11:32:46', 2, 8870, 100.00, 0, '', '0000-00-00 00:00:00'),
(43, '2018-07-24 14:54:40', 2, 8888, 100.00, 0, '', '0000-00-00 00:00:00'),
(44, '2018-07-24 22:43:10', 2, 8901, 100.00, 0, '', '0000-00-00 00:00:00'),
(45, '2018-07-24 23:06:20', 2, 8901, 100.00, 0, '', '0000-00-00 00:00:00'),
(46, '2018-07-25 13:58:07', 2, 8909, 1.00, 0, '', '0000-00-00 00:00:00'),
(47, '2018-07-25 14:02:11', 2, 8910, 10.00, 0, '', '0000-00-00 00:00:00');

-- --------------------------------------------------------

--
-- Структура таблицы `outs`
--

CREATE TABLE IF NOT EXISTS `outs` (
  `id` int(11) NOT NULL,
  `idate` datetime NOT NULL,
  `ps` int(11) NOT NULL,
  `dst` int(11) NOT NULL,
  `purse` varchar(100) NOT NULL,
  `status` varchar(100) NOT NULL,
  `user_id` int(11) NOT NULL,
  `sum` decimal(10,2) NOT NULL,
  `fee` decimal(10,2) NOT NULL,
  `invoice` varchar(100) NOT NULL,
  `info` text NOT NULL,
  `pdate` datetime NOT NULL
) ENGINE=InnoDB AUTO_INCREMENT=29 DEFAULT CHARSET=utf8 ROW_FORMAT=COMPACT;

--
-- Дамп данных таблицы `outs`
--

INSERT INTO `outs` (`id`, `idate`, `ps`, `dst`, `purse`, `status`, `user_id`, `sum`, `fee`, `invoice`, `info`, `pdate`) VALUES
(3, '2018-07-18 15:21:29', 1, 1, 'P87177904', 'Успех', 8788, 2.00, 0.02, '612314115', '', '2018-07-18 15:21:29'),
(4, '2018-07-18 15:24:20', 1, 1, 'P87177904', 'Успех', 8788, 1.00, 0.01, '612315389', '', '2018-07-18 15:24:21'),
(5, '2018-07-18 15:49:06', 2, 4, '+79096761149', 'Отмена', 8790, 11.00, 0.55, '0', '', '2018-07-18 15:49:06'),
(6, '2018-07-18 15:49:21', 2, 4, '+79096761149', 'Отмена', 8790, 11.00, 0.55, '0', '', '2018-07-18 15:49:21'),
(7, '2018-07-18 15:49:41', 2, 4, '+79096761149', 'Отмена', 8790, 11.00, 0.55, '0', '', '2018-07-18 15:49:41'),
(8, '2018-07-18 15:49:57', 2, 4, '+79096761149', 'Отмена', 8790, 11.00, 0.55, '0', '', '2018-07-18 15:49:57'),
(9, '2018-07-18 15:50:42', 2, 4, '+79096761149', 'Отмена', 8790, 11.00, 0.55, '0', '', '2018-07-18 15:50:43'),
(10, '2018-07-18 15:50:47', 2, 4, '+79096761149', 'Отмена', 8790, 11.00, 0.55, '0', '', '2018-07-18 15:50:47'),
(11, '2018-07-18 15:52:50', 1, 1, 'P87177904', 'Успех', 8790, 5.00, 0.05, '612328300', '', '2018-07-18 15:52:50'),
(12, '2018-07-18 15:52:55', 1, 1, 'P87177904', 'Успех', 8790, 5.00, 0.05, '612328345', '', '2018-07-18 15:52:56'),
(16, '2018-07-19 21:52:28', 1, 1, 'P87890409', 'Успех', 8794, 5.00, 0.05, '613068745', '', '2018-07-19 21:52:28'),
(17, '2018-07-21 15:49:19', 1, 1, 'P82063008', 'Успех', 8800, 5.00, 0.05, '613950159', '', '2018-07-21 15:49:19'),
(18, '2018-07-21 15:53:05', 1, 1, 'P31942246', 'Успех', 8799, 5.00, 0.05, '613952078', '', '2018-07-21 15:53:06'),
(19, '2018-07-21 15:57:09', 1, 1, 'P13254075 ', 'Успех', 8806, 5.00, 0.05, '613954143', '', '2018-07-21 15:57:09'),
(20, '2018-07-21 16:10:40', 1, 1, 'P1002065199', 'Успех', 8827, 5.78, 0.06, '613960862', '', '2018-07-21 16:10:40'),
(21, '2018-07-21 16:16:28', 1, 1, 'p63063835', 'Успех', 8834, 5.00, 0.05, '613963793', '', '2018-07-21 16:16:28'),
(22, '2018-07-21 16:21:30', 1, 1, 'P1002258127', 'Успех', 8841, 8.00, 0.08, '613966376', '', '2018-07-21 16:21:30'),
(23, '2018-07-21 16:28:02', 1, 1, 'P59182425', 'Успех', 8857, 7.00, 0.07, '613970051', '', '2018-07-21 16:28:02'),
(24, '2018-07-21 16:29:38', 1, 1, 'P95997079', 'Успех', 8860, 5.00, 0.05, '613970951', '', '2018-07-21 16:29:39'),
(25, '2018-07-21 16:29:42', 1, 1, 'P95997079', 'Успех', 8860, 5.00, 0.05, '613970968', '', '2018-07-21 16:29:42'),
(26, '2018-07-21 16:29:50', 1, 1, 'P95997079', 'Успех', 8860, 5.00, 0.05, '613971032', '', '2018-07-21 16:29:51'),
(27, '2018-07-21 16:31:49', 1, 1, 'P94783143', 'Успех', 8864, 14.80, 0.15, '613971978', '', '2018-07-21 16:31:50'),
(28, '2018-07-22 17:58:14', 1, 1, 'P1002678994', 'Успех', 8870, 5.00, 0.05, '614522862', '', '2018-07-22 17:58:14');

-- --------------------------------------------------------

--
-- Структура таблицы `out_params`
--

CREATE TABLE IF NOT EXISTS `out_params` (
  `id` int(11) NOT NULL,
  `key` varchar(63) NOT NULL,
  `title` tinytext NOT NULL,
  `value` tinytext NOT NULL,
  `ps` int(11) NOT NULL
) ENGINE=MyISAM AUTO_INCREMENT=7 DEFAULT CHARSET=utf8 COMMENT='значения настроек для сайта';

--
-- Дамп данных таблицы `out_params`
--

INSERT INTO `out_params` (`id`, `key`, `title`, `value`, `ps`) VALUES
(1, 'id', 'Payeer  ID', 'P1002679545', 1),
(3, 'key', 'Payeer key', 'jgu5685rjjJi865iuJHkirt8ui548u65', 1),
(4, 'id', 'Free Kassa ID', 'F111111111', 2),
(5, 'key', 'Free Kassa key', '11111111111111111111111111111111', 2),
(2, 'user', 'Payeer user ID', '645311347', 1);

-- --------------------------------------------------------

--
-- Структура таблицы `out_systems`
--

CREATE TABLE IF NOT EXISTS `out_systems` (
  `id` int(11) NOT NULL,
  `title` varchar(100) NOT NULL,
  `content` text NOT NULL,
  `example` varchar(100) NOT NULL,
  `min` tinyint(4) NOT NULL,
  `fee` decimal(10,2) NOT NULL,
  `account` tinyint(4) NOT NULL,
  `valid` varchar(255) NOT NULL,
  `alias` varchar(20) NOT NULL
) ENGINE=InnoDB AUTO_INCREMENT=6 DEFAULT CHARSET=utf8;

--
-- Дамп данных таблицы `out_systems`
--

INSERT INTO `out_systems` (`id`, `title`, `content`, `example`, `min`, `fee`, `account`, `valid`, `alias`) VALUES
(1, 'Payeer', 'Выплаты осуществляются в автоматическом режиме. Процент при выводе составляет 1% <BR /><BR />\r\nИз платежной системы Payeer Вы можете вывести свои средства в автоматическом режиме на большинство известных платежных системы и международных банков.<BR /><BR />\r\n<b>Ссылки на учебные материалы:</b><BR />\r\n - <a href="http://payeeer.ru/create" target="_blank">Создание счета в Payeer</a> <BR />\r\n - <a href="http://payeeer.ru/outpay" target="_blank">Вывод средств из payeer</a> <BR /><BR />', 'P1526291', 5, 1.00, 4, '^P[0-9]{7,15}|.+@.+..+$', 'payeer'),
(2, 'OOOPay', 'Выплаты осуществляются в автоматическом режиме. <BR />\r\nКомиссия системы состовляет 1%. <BR /><BR />\r\nИз платежной системы OOOPay Вы можете вывести свои средства на большинство известных платежных системы и международных банков.<BR /><BR />', 'WM123456789', 100, 1.00, 5, '^WM[0-9]{9}$', 'ooopay'),
(3, 'WebMoney', 'Выплаты осуществляются автоматически в течении 5 - 12 часов.\r\nКомиссия платежного шлюза: 5%.', 'R123456789012', 100, 5.00, 6, '^[R][0-9]{12}$', 'webmoney'),
(4, 'QIWI', 'Выплаты осуществляются автоматически в течении 5 - 12 часов.\r\nКомиссия платежного шлюза: 5%.', '+71234567890', 100, 5.00, 7, '^[+](91|916|82|372|375|374|44|998|972|66|90|81|1|507|7|77|380|371|370|996|9955|992|373|84)[0-9]{6,14}$', 'qiwi'),
(5, 'Яндекс Деньги', 'Выплаты осуществляются автоматически в течении 5 - 12 часов.\r\nКомиссия платежного шлюза: 5%.', ' 41055433311254', 100, 5.00, 8, '^41001[0-9]{7,10}$', 'ya');

-- --------------------------------------------------------

--
-- Структура таблицы `purses`
--

CREATE TABLE IF NOT EXISTS `purses` (
  `id` int(11) NOT NULL,
  `add_date` datetime NOT NULL,
  `user_id` int(11) NOT NULL,
  `system_id` int(11) NOT NULL,
  `purse` varchar(50) NOT NULL
) ENGINE=InnoDB AUTO_INCREMENT=44 DEFAULT CHARSET=utf8;

--
-- Дамп данных таблицы `purses`
--

INSERT INTO `purses` (`id`, `add_date`, `user_id`, `system_id`, `purse`) VALUES
(4, '2018-07-18 15:46:03', 8790, 4, '+79096761149'),
(5, '2018-07-18 15:51:54', 8790, 1, 'P87177904'),
(7, '2018-07-19 21:42:52', 8794, 1, 'P87890409'),
(8, '2018-07-19 22:04:21', 8788, 1, 'P87177904'),
(9, '2018-07-19 22:40:47', 8788, 1, 'P81804983'),
(10, '2018-07-21 15:28:25', 8796, 1, 'P78508288'),
(11, '2018-07-21 15:48:21', 8798, 4, '+79537906962'),
(12, '2018-07-21 15:48:40', 8800, 4, '+37377854704'),
(13, '2018-07-21 15:48:44', 8799, 1, 'P31942246'),
(14, '2018-07-21 15:49:10', 8800, 1, 'P82063008'),
(15, '2018-07-21 15:56:56', 8806, 1, 'P13254075 '),
(16, '2018-07-21 16:04:07', 8822, 4, '+77477784859'),
(17, '2018-07-21 16:06:44', 8827, 4, '+380689699088'),
(18, '2018-07-21 16:06:46', 8827, 4, '+380689699088'),
(19, '2018-07-21 16:07:21', 8827, 1, 'P1002065199'),
(20, '2018-07-21 16:14:49', 8834, 1, 'p63063835'),
(21, '2018-07-21 16:17:21', 8838, 1, 'P1002065199'),
(22, '2018-07-21 16:19:58', 8841, 1, 'P1002258127'),
(23, '2018-07-21 16:24:58', 8856, 1, 'P94783143'),
(24, '2018-07-21 16:27:35', 8857, 1, 'P59182425'),
(25, '2018-07-21 16:29:33', 8860, 1, 'P95997079'),
(26, '2018-07-21 16:31:20', 8864, 1, 'P94783143'),
(27, '2018-07-21 16:47:52', 8808, 1, 'P76128382'),
(29, '2018-07-22 17:57:35', 8870, 1, 'P1002678994'),
(30, '2018-07-24 08:02:46', 8876, 1, 'P66569109'),
(31, '2018-07-24 09:35:44', 8880, 1, 'P19369623'),
(32, '2018-07-24 11:09:32', 8882, 1, 'P87177904'),
(33, '2018-07-24 12:47:11', 8883, 4, '+998909711833'),
(34, '2018-07-24 13:54:05', 8882, 4, '+79096761149'),
(35, '2018-07-24 14:38:07', 8885, 1, 'P76786979'),
(36, '2018-07-24 14:53:14', 8887, 1, 'P86067616'),
(37, '2018-07-24 18:31:43', 8799, 3, 'R269020254235'),
(38, '2018-07-25 00:29:36', 8905, 1, 'P75866344'),
(39, '2018-07-25 14:02:36', 8910, 1, 'P68899338'),
(40, '2018-07-25 17:09:19', 8902, 1, 'P64277708'),
(41, '2018-07-25 18:40:52', 8913, 1, 'P95342902'),
(42, '2018-07-25 18:41:22', 8916, 1, 'P84839246'),
(43, '2018-07-25 18:42:17', 8913, 4, '+77077546670');

-- --------------------------------------------------------

--
-- Структура таблицы `p_systems`
--

CREATE TABLE IF NOT EXISTS `p_systems` (
  `id` int(11) NOT NULL,
  `title` varchar(100) NOT NULL
) ENGINE=InnoDB AUTO_INCREMENT=3 DEFAULT CHARSET=utf8;

--
-- Дамп данных таблицы `p_systems`
--

INSERT INTO `p_systems` (`id`, `title`) VALUES
(1, 'Payeer'),
(2, 'FreeKassa');

-- --------------------------------------------------------

--
-- Структура таблицы `refs`
--

CREATE TABLE IF NOT EXISTS `refs` (
  `id` int(11) NOT NULL,
  `add_date` datetime NOT NULL,
  `user_id` int(11) NOT NULL,
  `ref_id` int(11) NOT NULL
) ENGINE=InnoDB AUTO_INCREMENT=82 DEFAULT CHARSET=utf8;

--
-- Дамп данных таблицы `refs`
--

INSERT INTO `refs` (`id`, `add_date`, `user_id`, `ref_id`) VALUES
(1, '2018-07-21 15:27:09', 8795, 8796),
(2, '2018-07-21 15:38:39', 8795, 8797),
(3, '2018-07-21 15:42:25', 8795, 8798),
(4, '2018-07-21 15:42:34', 8797, 8799),
(5, '2018-07-21 15:46:35', 8800, 8803),
(6, '2018-07-21 15:49:57', 8799, 8805),
(7, '2018-07-21 15:51:05', 8799, 8806),
(8, '2018-07-21 15:52:01', 8800, 8807),
(9, '2018-07-21 15:58:17', 8799, 8815),
(10, '2018-07-21 16:00:19', 8800, 8818),
(11, '2018-07-21 16:00:48', 8815, 8819),
(12, '2018-07-21 16:03:01', 8795, 8821),
(13, '2018-07-21 16:03:37', 8815, 8823),
(14, '2018-07-21 16:04:22', 8800, 8824),
(15, '2018-07-21 16:04:59', 8815, 8825),
(16, '2018-07-21 16:05:27', 8795, 8826),
(17, '2018-07-21 16:06:21', 8815, 8827),
(18, '2018-07-21 16:06:42', 8815, 8828),
(19, '2018-07-21 16:06:59', 8795, 8829),
(20, '2018-07-21 16:07:03', 8799, 8830),
(21, '2018-07-21 16:09:19', 8815, 8831),
(22, '2018-07-21 16:09:32', 8815, 8832),
(23, '2018-07-21 16:10:03', 8815, 8833),
(24, '2018-07-21 16:10:48', 8815, 8834),
(25, '2018-07-21 16:11:15', 8799, 8835),
(26, '2018-07-21 16:11:16', 8815, 8836),
(27, '2018-07-21 16:12:59', 8815, 8837),
(28, '2018-07-21 16:13:26', 8815, 8838),
(29, '2018-07-21 16:13:43', 8795, 8839),
(30, '2018-07-21 16:16:28', 8815, 8840),
(31, '2018-07-21 16:16:44', 8815, 8841),
(32, '2018-07-21 16:18:17', 8800, 8842),
(33, '2018-07-21 16:18:23', 8815, 8843),
(34, '2018-07-21 16:18:44', 8808, 8844),
(35, '2018-07-21 16:20:04', 8815, 8845),
(36, '2018-07-21 16:20:30', 8815, 8846),
(37, '2018-07-21 16:20:42', 8808, 8847),
(38, '2018-07-21 16:20:54', 8815, 8848),
(39, '2018-07-21 16:21:02', 8795, 8849),
(40, '2018-07-21 16:21:06', 8844, 8850),
(41, '2018-07-21 16:22:40', 8815, 8852),
(42, '2018-07-21 16:23:05', 8815, 8853),
(43, '2018-07-21 16:23:16', 8815, 8854),
(44, '2018-07-21 16:23:43', 8815, 8855),
(45, '2018-07-21 16:24:42', 8808, 8856),
(46, '2018-07-21 16:25:56', 8800, 8857),
(47, '2018-07-21 16:26:24', 8795, 8858),
(48, '2018-07-21 16:26:50', 8808, 8859),
(49, '2018-07-21 16:27:17', 8850, 8860),
(50, '2018-07-21 16:27:29', 8808, 8861),
(51, '2018-07-21 16:28:15', 8799, 8862),
(52, '2018-07-21 16:28:21', 8808, 8863),
(53, '2018-07-21 16:28:59', 8808, 8864),
(54, '2018-07-21 16:29:22', 8815, 8865),
(55, '2018-07-21 16:29:28', 8808, 8866),
(56, '2018-07-21 16:29:58', 8815, 8867),
(57, '2018-07-21 16:30:05', 8804, 8868),
(58, '2018-07-21 16:30:17', 8799, 8869),
(59, '2018-07-22 17:40:50', 8795, 8871),
(60, '2018-07-24 01:27:28', 8850, 8872),
(61, '2018-07-24 07:01:30', 8875, 8876),
(62, '2018-07-24 07:02:35', 8875, 8877),
(63, '2018-07-24 09:33:26', 8850, 8880),
(64, '2018-07-24 12:46:35', 8795, 8883),
(65, '2018-07-24 12:49:37', 8850, 8884),
(66, '2018-07-24 14:51:13', 8850, 8887),
(67, '2018-07-24 16:46:36', 8850, 8896),
(68, '2018-07-24 20:14:36', 8850, 8897),
(69, '2018-07-25 00:19:23', 8850, 8902),
(70, '2018-07-25 00:23:46', 8902, 8903),
(71, '2018-07-25 00:26:28', 8902, 8904),
(72, '2018-07-25 00:27:55', 8902, 8905),
(73, '2018-07-25 00:28:30', 8902, 8906),
(74, '2018-07-25 10:37:23', 8902, 8907),
(75, '2018-07-25 11:19:46', 8902, 8908),
(76, '2018-07-25 13:53:52', 8891, 8910),
(77, '2018-07-25 16:45:11', 8799, 8911),
(78, '2018-07-25 18:30:19', 8850, 8912),
(79, '2018-07-25 18:31:34', 8850, 8913),
(80, '2018-07-25 18:32:28', 8850, 8915),
(81, '2018-07-25 18:39:26', 8893, 8916);

-- --------------------------------------------------------

--
-- Структура таблицы `ref_params`
--

CREATE TABLE IF NOT EXISTS `ref_params` (
  `id` int(11) NOT NULL,
  `pr1` decimal(10,2) NOT NULL DEFAULT '0.00',
  `pr2` decimal(10,2) NOT NULL DEFAULT '0.00',
  `pr3` decimal(10,2) NOT NULL DEFAULT '0.00'
) ENGINE=InnoDB AUTO_INCREMENT=2 DEFAULT CHARSET=utf8;

--
-- Дамп данных таблицы `ref_params`
--

INSERT INTO `ref_params` (`id`, `pr1`, `pr2`, `pr3`) VALUES
(1, 5.00, 2.00, 1.00);

-- --------------------------------------------------------

--
-- Структура таблицы `rooms`
--

CREATE TABLE IF NOT EXISTS `rooms` (
  `id` int(11) NOT NULL,
  `title` varchar(100) NOT NULL,
  `min_bet` int(11) NOT NULL,
  `max_bet` int(11) NOT NULL,
  `account` int(11) NOT NULL
) ENGINE=InnoDB AUTO_INCREMENT=4 DEFAULT CHARSET=utf8;

--
-- Дамп данных таблицы `rooms`
--

INSERT INTO `rooms` (`id`, `title`, `min_bet`, `max_bet`, `account`) VALUES
(1, 'КОМНАТА 1', 1, 10, 11),
(2, 'КОМНАТА 2', 10, 100, 12),
(3, 'КОМНАТА 3', 100, 1000, 13);

-- --------------------------------------------------------

--
-- Структура таблицы `rounds`
--

CREATE TABLE IF NOT EXISTS `rounds` (
  `id` int(11) NOT NULL,
  `room` int(11) NOT NULL,
  `start_date` datetime NOT NULL,
  `winner` int(11) NOT NULL,
  `prize` decimal(10,2) NOT NULL,
  `pr` decimal(10,2) NOT NULL,
  `bet` decimal(10,2) NOT NULL,
  `state` tinyint(4) NOT NULL,
  `finish_date` datetime NOT NULL
) ENGINE=InnoDB AUTO_INCREMENT=273 DEFAULT CHARSET=utf8;

--
-- Дамп данных таблицы `rounds`
--

INSERT INTO `rounds` (`id`, `room`, `start_date`, `winner`, `prize`, `pr`, `bet`, `state`, `finish_date`) VALUES
(1, 1, '2018-07-18 00:37:37', 0, 0.00, 0.00, 0.00, 6, '2018-07-18 00:39:48'),
(2, 1, '2018-07-18 01:19:45', 0, 0.00, 0.00, 0.00, 6, '2018-07-18 01:21:57'),
(3, 1, '2018-07-18 01:45:06', 8788, 1.80, 50.00, 1.00, 4, '2018-07-18 01:45:34'),
(4, 1, '2018-07-18 02:55:59', 0, 0.00, 0.00, 0.00, 6, '2018-07-18 02:58:11'),
(5, 1, '2018-07-18 03:15:48', 0, 0.00, 0.00, 0.00, 6, '2018-07-18 03:17:59'),
(6, 1, '2018-07-18 03:35:34', 0, 0.00, 0.00, 0.00, 6, '2018-07-18 03:38:38'),
(7, 1, '2018-07-18 14:17:10', 0, 0.00, 0.00, 0.00, 6, '2018-07-18 14:19:22'),
(8, 1, '2018-07-18 14:41:00', 0, 0.00, 0.00, 0.00, 6, '2018-07-18 14:43:11'),
(9, 1, '2018-07-18 15:10:28', 0, 0.00, 0.00, 0.00, 6, '2018-07-18 15:12:40'),
(10, 1, '2018-07-18 15:30:53', 8788, 1.80, 50.00, 1.00, 4, '2018-07-18 15:31:28'),
(11, 1, '2018-07-18 15:31:43', 8790, 1.80, 50.00, 1.00, 4, '2018-07-18 15:33:08'),
(12, 1, '2018-07-18 15:33:21', 8790, 3.60, 50.00, 2.00, 4, '2018-07-18 15:33:59'),
(13, 1, '2018-07-18 15:34:19', 8788, 1.80, 50.00, 1.00, 4, '2018-07-18 15:34:43'),
(14, 1, '2018-07-18 15:34:57', 10, 4.17, 37.11, 1.77, 4, '2018-07-18 15:35:30'),
(15, 1, '2018-07-18 15:35:51', 8788, 3.17, 43.98, 1.57, 4, '2018-07-18 15:36:37'),
(16, 1, '2018-07-18 15:37:42', 8790, 2.80, 66.67, 2.00, 4, '2018-07-18 15:38:07'),
(17, 1, '2018-07-18 15:38:24', 8790, 2.94, 63.09, 2.00, 4, '2018-07-18 15:38:49'),
(18, 1, '2018-07-18 15:39:09', 8788, 2.80, 66.67, 2.00, 4, '2018-07-18 15:39:31'),
(19, 1, '2018-07-18 15:39:45', 8790, 5.44, 68.97, 4.00, 4, '2018-07-18 15:40:08'),
(20, 1, '2018-07-18 15:40:26', 8790, 2.60, 33.33, 1.00, 4, '2018-07-18 15:41:13'),
(21, 1, '2018-07-18 15:41:28', 8790, 1.80, 50.00, 1.00, 4, '2018-07-18 15:42:14'),
(22, 1, '2018-07-18 15:42:53', 8790, 2.60, 33.33, 1.00, 4, '2018-07-18 15:43:16'),
(23, 1, '2018-07-18 15:43:39', 8788, 2.79, 66.56, 1.99, 4, '2018-07-18 15:44:06'),
(24, 1, '2018-07-18 15:44:20', 8790, 9.44, 81.63, 8.00, 4, '2018-07-18 15:44:53'),
(25, 1, '2018-07-18 15:45:26', 8788, 3.60, 73.68, 2.80, 4, '2018-07-18 15:46:40'),
(26, 1, '2018-07-18 15:46:54', 8790, 3.80, 75.00, 3.00, 4, '2018-07-18 15:47:30'),
(27, 1, '2018-07-18 15:47:45', 8790, 11.74, 77.24, 9.50, 4, '2018-07-18 15:48:38'),
(28, 1, '2018-07-18 15:49:19', 0, 0.00, 0.00, 0.00, 6, '2018-07-18 15:51:30'),
(29, 1, '2018-07-18 15:54:30', 8790, 1.80, 50.00, 1.00, 4, '2018-07-18 15:54:53'),
(30, 1, '2018-07-18 15:55:11', 0, 0.00, 0.00, 0.00, 6, '2018-07-18 15:57:23'),
(31, 1, '2018-07-18 15:57:48', 8788, 1.80, 50.00, 1.00, 4, '2018-07-18 15:59:57'),
(32, 1, '2018-07-18 16:00:10', 0, 0.00, 0.00, 0.00, 6, '2018-07-18 16:02:21'),
(33, 1, '2018-07-18 16:02:25', 0, 0.00, 0.00, 0.00, 6, '2018-07-18 16:04:36'),
(34, 1, '2018-07-18 16:05:49', 8788, 1.80, 50.00, 1.00, 4, '2018-07-18 16:07:33'),
(35, 1, '2018-07-18 16:08:15', 0, 0.00, 0.00, 0.00, 6, '2018-07-18 16:10:26'),
(36, 1, '2018-07-18 18:37:44', 0, 0.00, 0.00, 0.00, 6, '2018-07-18 18:39:56'),
(37, 1, '2018-07-18 18:48:32', 0, 0.00, 0.00, 0.00, 6, '2018-07-18 18:50:43'),
(38, 1, '2018-07-18 20:32:31', 0, 0.00, 0.00, 0.00, 6, '2018-07-18 20:34:42'),
(39, 1, '2018-07-19 00:32:55', 0, 0.00, 0.00, 0.00, 6, '2018-07-19 00:35:40'),
(40, 1, '2018-07-19 15:19:14', 0, 0.00, 0.00, 0.00, 6, '2018-07-19 15:21:25'),
(41, 1, '2018-07-19 16:51:11', 0, 0.00, 0.00, 0.00, 6, '2018-07-19 16:53:22'),
(42, 1, '2018-07-19 17:23:04', 0, 0.00, 0.00, 0.00, 6, '2018-07-19 17:25:15'),
(43, 1, '2018-07-19 17:42:25', 0, 0.00, 0.00, 0.00, 6, '2018-07-19 17:54:34'),
(44, 1, '2018-07-19 19:29:08', 8788, 1.80, 50.00, 1.00, 4, '2018-07-19 19:29:47'),
(45, 1, '2018-07-19 19:36:00', 8788, 231.80, 95.30, 223.00, 4, '2018-07-19 19:36:44'),
(46, 1, '2018-07-19 19:57:35', 0, 0.00, 0.00, 0.00, 6, '2018-07-19 20:04:20'),
(47, 1, '2018-07-19 20:44:44', 0, 0.00, 0.00, 0.00, 6, '2018-07-19 20:46:55'),
(48, 1, '2018-07-19 20:47:05', 8788, 1.80, 50.00, 1.00, 4, '2018-07-19 20:48:21'),
(49, 1, '2018-07-19 20:54:08', 0, 0.00, 0.00, 0.00, 6, '2018-07-19 20:58:13'),
(50, 1, '2018-07-19 21:09:47', 0, 0.00, 0.00, 0.00, 6, '2018-07-19 21:28:07'),
(51, 1, '2018-07-19 21:45:05', 8794, 1.80, 50.00, 1.00, 4, '2018-07-19 21:47:25'),
(52, 1, '2018-07-19 21:48:00', 10, 2.60, 33.33, 1.00, 4, '2018-07-19 21:48:35'),
(53, 1, '2018-07-19 21:48:51', 8790, 8.60, 77.78, 7.00, 4, '2018-07-19 21:49:24'),
(54, 1, '2018-07-19 21:50:01', 8788, 3.40, 25.00, 1.00, 4, '2018-07-19 21:50:59'),
(55, 1, '2018-07-19 21:51:14', 8794, 3.60, 50.00, 2.00, 4, '2018-07-19 21:51:47'),
(56, 1, '2018-07-19 21:51:59', 8790, 2.80, 66.67, 2.00, 4, '2018-07-19 21:52:32'),
(57, 1, '2018-07-19 21:52:52', 8788, 2.71, 35.69, 1.11, 4, '2018-07-19 21:53:27'),
(58, 1, '2018-07-19 21:53:40', 8790, 8.67, 76.79, 6.98, 4, '2018-07-19 21:54:18'),
(59, 1, '2018-07-19 21:54:38', 0, 0.00, 0.00, 0.00, 6, '2018-07-19 21:56:50'),
(60, 1, '2018-07-19 21:56:54', 0, 0.00, 0.00, 0.00, 6, '2018-07-19 21:59:06'),
(61, 1, '2018-07-19 21:59:19', 0, 0.00, 0.00, 0.00, 6, '2018-07-19 22:01:31'),
(62, 1, '2018-07-19 22:05:44', 8794, 5.40, 50.00, 3.00, 4, '2018-07-19 22:06:29'),
(63, 1, '2018-07-19 22:06:42', 8788, 9.59, 52.79, 5.59, 4, '2018-07-19 22:07:16'),
(64, 1, '2018-07-19 22:07:29', 8788, 8.59, 47.86, 4.59, 4, '2018-07-19 22:08:03'),
(65, 1, '2018-07-19 22:08:17', 8788, 47.33, 70.80, 35.59, 4, '2018-07-19 22:08:50'),
(66, 1, '2018-07-19 22:09:06', 8794, 4.76, 23.09, 1.30, 4, '2018-07-19 22:09:49'),
(67, 1, '2018-07-19 22:10:03', 8788, 10.37, 25.35, 3.09, 4, '2018-07-19 22:10:39'),
(68, 1, '2018-07-19 22:10:53', 8790, 5.42, 61.22, 3.60, 4, '2018-07-19 22:11:25'),
(69, 1, '2018-07-19 22:37:46', 0, 0.00, 0.00, 0.00, 6, '2018-07-19 22:39:57'),
(70, 1, '2018-07-20 21:17:56', 0, 0.00, 0.00, 0.00, 6, '2018-07-20 21:20:07'),
(71, 1, '2018-07-20 22:25:00', 0, 0.00, 0.00, 0.00, 6, '2018-07-20 22:27:13'),
(72, 1, '2018-07-21 15:01:39', 0, 0.00, 0.00, 0.00, 6, '2018-07-21 15:03:51'),
(73, 1, '2018-07-21 15:12:40', 8788, 2.60, 33.33, 1.00, 4, '2018-07-21 15:13:34'),
(74, 1, '2018-07-21 15:15:31', 0, 0.00, 0.00, 0.00, 6, '2018-07-21 15:17:43'),
(75, 1, '2018-07-21 15:20:59', 0, 0.00, 0.00, 0.00, 6, '2018-07-21 15:23:10'),
(76, 1, '2018-07-21 15:27:11', 8796, 1.80, 50.00, 1.00, 4, '2018-07-21 15:29:11'),
(77, 1, '2018-07-21 15:29:27', 8788, 3.04, 47.06, 1.60, 4, '2018-07-21 15:30:24'),
(78, 1, '2018-07-21 15:30:38', 8796, 2.74, 31.45, 1.00, 4, '2018-07-21 15:31:14'),
(79, 1, '2018-07-21 15:31:44', 8796, 2.04, 55.36, 1.24, 4, '2018-07-21 15:32:28'),
(80, 1, '2018-07-21 15:33:00', 8788, 3.53, 26.57, 1.10, 4, '2018-07-21 15:33:37'),
(81, 1, '2018-07-21 15:33:53', 8795, 4.14, 20.28, 1.00, 4, '2018-07-21 15:34:28'),
(82, 1, '2018-07-21 15:35:01', 0, 0.00, 0.00, 0.00, 6, '2018-07-21 15:37:12'),
(83, 1, '2018-07-21 15:38:54', 0, 0.00, 0.00, 0.00, 6, '2018-07-21 15:41:06'),
(84, 1, '2018-07-21 15:42:32', 8798, 3.25, 56.18, 2.00, 4, '2018-07-21 15:44:49'),
(85, 1, '2018-07-21 15:45:52', 8800, 11.26, 14.73, 2.00, 4, '2018-07-21 15:46:29'),
(86, 1, '2018-07-21 15:47:21', 8798, 21.91, 46.96, 11.51, 4, '2018-07-21 15:47:53'),
(87, 1, '2018-07-21 15:50:02', 8798, 40.31, 48.79, 21.91, 4, '2018-07-21 15:50:48'),
(88, 1, '2018-07-21 15:51:48', 8799, 3.66, 23.15, 1.00, 4, '2018-07-21 15:52:34'),
(89, 1, '2018-07-21 15:52:55', 8808, 7.42, 22.81, 2.00, 4, '2018-07-21 15:53:29'),
(90, 1, '2018-07-21 15:54:33', 8806, 11.27, 15.79, 2.14, 4, '2018-07-21 15:55:14'),
(91, 1, '2018-07-21 15:55:46', 8788, 3.78, 22.32, 1.00, 4, '2018-07-21 15:56:20'),
(92, 1, '2018-07-21 15:56:37', 8788, 7.85, 19.00, 1.78, 4, '2018-07-21 15:57:59'),
(93, 1, '2018-07-21 15:58:37', 8817, 7.47, 22.62, 2.00, 4, '2018-07-21 15:59:12'),
(94, 1, '2018-07-21 16:00:29', 8815, 6.65, 33.77, 2.59, 4, '2018-07-21 16:01:01'),
(95, 1, '2018-07-21 16:01:16', 8815, 7.34, 20.02, 1.75, 4, '2018-07-21 16:01:58'),
(96, 1, '2018-07-21 16:02:09', 8822, 6.00, 28.57, 2.00, 4, '2018-07-21 16:03:37'),
(97, 1, '2018-07-21 16:04:42', 8806, 4.20, 20.00, 1.00, 4, '2018-07-21 16:05:19'),
(98, 1, '2018-07-21 16:05:37', 8788, 28.95, 45.72, 14.85, 4, '2018-07-21 16:06:09'),
(99, 1, '2018-07-21 16:06:23', 8788, 8.34, 19.62, 1.95, 4, '2018-07-21 16:07:06'),
(100, 1, '2018-07-21 16:07:20', 8827, 2.60, 33.33, 1.00, 4, '2018-07-21 16:08:02'),
(101, 1, '2018-07-21 16:08:16', 8830, 3.08, 27.78, 1.00, 4, '2018-07-21 16:08:53'),
(102, 1, '2018-07-21 16:09:12', 8827, 11.78, 14.05, 2.00, 4, '2018-07-21 16:10:12'),
(103, 1, '2018-07-21 16:11:03', 8834, 5.95, 28.82, 2.00, 4, '2018-07-21 16:11:48'),
(104, 1, '2018-07-21 16:12:01', 8834, 9.46, 17.20, 1.95, 4, '2018-07-21 16:12:33'),
(105, 1, '2018-07-21 16:12:54', 8838, 5.36, 32.26, 2.00, 4, '2018-07-21 16:13:44'),
(106, 1, '2018-07-21 16:13:54', 8834, 17.20, 67.79, 12.46, 4, '2018-07-21 16:14:31'),
(107, 1, '2018-07-21 16:14:45', 8838, 11.16, 22.73, 3.00, 4, '2018-07-21 16:15:21'),
(108, 2, '2018-07-21 16:14:59', 8834, 27.20, 53.33, 16.00, 4, '2018-07-21 16:16:10'),
(109, 1, '2018-07-21 16:15:36', 8838, 13.47, 40.26, 6.16, 4, '2018-07-21 16:16:50'),
(110, 1, '2018-07-21 16:17:16', 8834, 23.42, 77.46, 19.00, 4, '2018-07-21 16:17:52'),
(111, 1, '2018-07-21 16:18:11', 8788, 18.94, 63.66, 13.00, 4, '2018-07-21 16:18:45'),
(112, 1, '2018-07-21 16:19:05', 8788, 166.00, 88.24, 150.00, 4, '2018-07-21 16:19:39'),
(113, 1, '2018-07-21 16:20:05', 8841, 9.07, 18.45, 2.00, 4, '2018-07-21 16:21:01'),
(114, 1, '2018-07-21 16:21:16', 8797, 10.01, 8.16, 1.00, 4, '2018-07-21 16:21:48'),
(115, 1, '2018-07-21 16:22:36', 8841, 2.35, 60.78, 1.55, 4, '2018-07-21 16:23:49'),
(116, 1, '2018-07-21 16:24:02', 8854, 9.64, 17.32, 2.00, 4, '2018-07-21 16:24:35'),
(117, 1, '2018-07-21 16:24:50', 8788, 5.79, 30.80, 2.07, 4, '2018-07-21 16:25:35'),
(118, 1, '2018-07-21 16:25:48', 8857, 8.81, 23.75, 2.47, 4, '2018-07-21 16:26:50'),
(119, 1, '2018-07-21 16:27:07', 8860, 10.26, 16.22, 2.00, 4, '2018-07-21 16:27:46'),
(120, 1, '2018-07-21 16:28:02', 8860, 15.51, 61.00, 10.26, 4, '2018-07-21 16:28:36'),
(121, 1, '2018-07-21 16:28:49', 8864, 6.21, 27.55, 2.00, 4, '2018-07-21 16:29:35'),
(122, 1, '2018-07-21 16:29:56', 8864, 15.13, 35.77, 6.21, 4, '2018-07-21 16:30:34'),
(123, 1, '2018-07-21 16:30:45', 8860, 11.60, 83.33, 10.00, 4, '2018-07-21 16:31:41'),
(124, 1, '2018-07-21 16:32:15', 8860, 5.19, 33.39, 2.00, 4, '2018-07-21 16:33:07'),
(125, 1, '2018-07-21 16:33:38', 8860, 9.56, 50.94, 5.40, 4, '2018-07-21 16:34:52'),
(126, 1, '2018-07-21 16:36:18', 8860, 184.56, 10.94, 24.56, 4, '2018-07-21 16:36:51'),
(127, 1, '2018-07-21 16:39:40', 0, 0.00, 0.00, 0.00, 6, '2018-07-21 16:41:51'),
(128, 1, '2018-07-21 16:43:32', 8808, 3.17, 43.98, 1.57, 4, '2018-07-21 16:44:29'),
(129, 1, '2018-07-21 16:48:57', 0, 0.00, 0.00, 0.00, 6, '2018-07-21 16:51:08'),
(130, 1, '2018-07-21 16:57:39', 0, 0.00, 0.00, 0.00, 6, '2018-07-21 16:59:50'),
(131, 1, '2018-07-21 17:00:41', 0, 0.00, 0.00, 0.00, 6, '2018-07-21 17:02:53'),
(132, 1, '2018-07-22 17:07:36', 0, 0.00, 0.00, 0.00, 6, '2018-07-22 17:09:48'),
(133, 1, '2018-07-22 17:41:00', 8871, 3.60, 50.00, 2.00, 4, '2018-07-22 17:41:35'),
(134, 1, '2018-07-22 17:41:55', 8871, 3.93, 75.30, 3.11, 4, '2018-07-22 17:42:49'),
(135, 1, '2018-07-22 17:43:41', 8871, 3.00, 68.75, 2.20, 4, '2018-07-22 17:44:16'),
(136, 1, '2018-07-22 17:44:58', 8788, 3.56, 23.81, 1.00, 4, '2018-07-22 17:45:43'),
(137, 1, '2018-07-22 17:45:59', 8871, 2.84, 65.57, 2.00, 4, '2018-07-22 17:47:03'),
(138, 1, '2018-07-22 17:47:28', 8788, 2.36, 60.94, 1.56, 4, '2018-07-22 17:48:17'),
(139, 1, '2018-07-22 17:48:32', 8788, 2.16, 57.63, 1.36, 4, '2018-07-22 17:49:11'),
(140, 1, '2018-07-22 17:49:55', 8788, 1.96, 53.70, 1.16, 4, '2018-07-22 17:50:57'),
(141, 1, '2018-07-24 01:27:40', 0, 0.00, 0.00, 0.00, 6, '2018-07-24 01:29:51'),
(142, 1, '2018-07-24 01:34:03', 0, 0.00, 0.00, 0.00, 6, '2018-07-24 01:36:14'),
(143, 1, '2018-07-24 02:02:19', 8874, 1.80, 50.00, 1.00, 4, '2018-07-24 02:04:09'),
(144, 1, '2018-07-24 06:27:07', 0, 0.00, 0.00, 0.00, 6, '2018-07-24 06:29:18'),
(145, 1, '2018-07-24 06:54:30', 0, 0.00, 0.00, 0.00, 6, '2018-07-24 06:56:42'),
(146, 1, '2018-07-24 07:01:44', 8876, 3.60, 50.00, 2.00, 4, '2018-07-24 07:03:08'),
(147, 1, '2018-07-24 07:03:51', 8876, 5.90, 55.56, 3.60, 4, '2018-07-24 07:05:11'),
(148, 1, '2018-07-24 07:15:56', 0, 0.00, 0.00, 0.00, 6, '2018-07-24 07:18:07'),
(149, 1, '2018-07-24 07:19:35', 0, 0.00, 0.00, 0.00, 6, '2018-07-24 07:21:46'),
(150, 1, '2018-07-24 07:25:20', 0, 0.00, 0.00, 0.00, 6, '2018-07-24 07:27:31'),
(151, 1, '2018-07-24 07:35:08', 0, 0.00, 0.00, 0.00, 6, '2018-07-24 07:37:19'),
(152, 1, '2018-07-24 08:03:09', 0, 0.00, 0.00, 0.00, 6, '2018-07-24 08:05:20'),
(153, 1, '2018-07-24 08:05:41', 0, 0.00, 0.00, 0.00, 6, '2018-07-24 08:07:52'),
(154, 1, '2018-07-24 08:54:30', 0, 0.00, 0.00, 0.00, 6, '2018-07-24 08:56:42'),
(155, 1, '2018-07-24 08:58:15', 0, 0.00, 0.00, 0.00, 6, '2018-07-24 09:00:26'),
(156, 1, '2018-07-24 09:05:31', 0, 0.00, 0.00, 0.00, 6, '2018-07-24 09:07:42'),
(157, 1, '2018-07-24 09:34:04', 0, 0.00, 0.00, 0.00, 6, '2018-07-24 09:36:15'),
(158, 1, '2018-07-24 09:40:52', 0, 0.00, 0.00, 0.00, 6, '2018-07-24 09:43:03'),
(159, 1, '2018-07-24 09:49:10', 0, 0.00, 0.00, 0.00, 6, '2018-07-24 09:51:21'),
(160, 1, '2018-07-24 09:55:58', 0, 0.00, 0.00, 0.00, 6, '2018-07-24 09:58:09'),
(161, 1, '2018-07-24 10:40:50', 0, 0.00, 0.00, 0.00, 6, '2018-07-24 10:43:01'),
(162, 1, '2018-07-24 10:48:46', 0, 0.00, 0.00, 0.00, 6, '2018-07-24 10:50:57'),
(163, 1, '2018-07-24 10:52:10', 8882, 1.80, 50.00, 1.00, 4, '2018-07-24 10:53:19'),
(164, 1, '2018-07-24 10:53:32', 8882, 2.25, 39.06, 1.00, 4, '2018-07-24 10:54:16'),
(165, 1, '2018-07-24 10:54:31', 8882, 3.90, 45.77, 2.00, 4, '2018-07-24 10:55:30'),
(166, 1, '2018-07-24 10:55:47', 0, 0.00, 0.00, 0.00, 6, '2018-07-24 10:57:58'),
(167, 1, '2018-07-24 10:58:00', 8870, 3.40, 25.00, 1.00, 4, '2018-07-24 10:59:13'),
(168, 1, '2018-07-24 10:59:29', 8882, 2.60, 33.33, 1.00, 4, '2018-07-24 11:00:20'),
(169, 1, '2018-07-24 11:00:35', 8870, 2.79, 66.56, 1.99, 4, '2018-07-24 11:01:07'),
(170, 1, '2018-07-24 11:01:24', 8882, 2.59, 33.44, 1.00, 4, '2018-07-24 11:01:54'),
(171, 1, '2018-07-24 11:02:17', 0, 0.00, 0.00, 0.00, 6, '2018-07-24 11:04:28'),
(172, 1, '2018-07-24 11:05:50', 0, 0.00, 0.00, 0.00, 6, '2018-07-24 11:08:01'),
(173, 1, '2018-07-24 11:11:15', 8882, 3.36, 25.32, 1.00, 4, '2018-07-24 11:12:10'),
(174, 1, '2018-07-24 11:13:15', 0, 0.00, 0.00, 0.00, 6, '2018-07-24 11:15:27'),
(175, 1, '2018-07-24 11:15:30', 0, 0.00, 0.00, 0.00, 6, '2018-07-24 11:17:41'),
(176, 1, '2018-07-24 12:47:47', 8884, 2.80, 66.67, 2.00, 4, '2018-07-24 12:50:18'),
(177, 1, '2018-07-24 12:50:31', 8884, 3.60, 73.68, 2.80, 4, '2018-07-24 12:51:13'),
(178, 1, '2018-07-24 12:51:33', 0, 0.00, 0.00, 0.00, 6, '2018-07-24 12:53:45'),
(179, 1, '2018-07-24 13:35:51', 0, 0.00, 0.00, 0.00, 6, '2018-07-24 13:38:02'),
(180, 1, '2018-07-24 13:39:48', 0, 0.00, 0.00, 0.00, 6, '2018-07-24 13:41:59'),
(181, 1, '2018-07-24 13:42:54', 0, 0.00, 0.00, 0.00, 6, '2018-07-24 13:45:05'),
(182, 1, '2018-07-24 14:06:38', 0, 0.00, 0.00, 0.00, 6, '2018-07-24 14:08:49'),
(183, 1, '2018-07-24 14:37:52', 0, 0.00, 0.00, 0.00, 6, '2018-07-24 14:40:03'),
(184, 1, '2018-07-24 14:48:21', 0, 0.00, 0.00, 0.00, 6, '2018-07-24 14:50:34'),
(185, 1, '2018-07-24 14:51:39', 8887, 4.94, 35.21, 2.00, 4, '2018-07-24 14:52:35'),
(186, 1, '2018-07-24 14:53:24', 8888, 7.55, 22.37, 2.00, 4, '2018-07-24 14:55:27'),
(187, 1, '2018-07-24 14:56:26', 8888, 8.60, 77.78, 7.00, 4, '2018-07-24 14:57:00'),
(188, 1, '2018-07-24 14:59:13', 8800, 65.19, 72.47, 50.00, 4, '2018-07-24 15:00:34'),
(189, 1, '2018-07-24 15:00:49', 8800, 17.98, 50.00, 9.99, 4, '2018-07-24 15:01:22'),
(190, 1, '2018-07-24 15:01:52', 8788, 47.96, 79.98, 39.96, 4, '2018-07-24 15:02:36'),
(191, 1, '2018-07-24 15:02:53', 8800, 106.08, 54.28, 63.38, 4, '2018-07-24 15:03:29'),
(192, 1, '2018-07-24 15:04:03', 8788, 394.86, 74.50, 310.00, 4, '2018-07-24 15:04:38'),
(193, 1, '2018-07-24 15:18:03', 8876, 10.73, 49.41, 5.90, 4, '2018-07-24 15:20:29'),
(194, 1, '2018-07-24 15:27:16', 0, 0.00, 0.00, 0.00, 6, '2018-07-24 15:29:28'),
(195, 1, '2018-07-24 15:37:58', 0, 0.00, 0.00, 0.00, 6, '2018-07-24 15:40:09'),
(196, 1, '2018-07-24 15:40:15', 0, 0.00, 0.00, 0.00, 6, '2018-07-24 15:42:26'),
(197, 1, '2018-07-24 15:42:28', 8882, 3.23, 26.39, 1.00, 4, '2018-07-24 15:44:04'),
(198, 1, '2018-07-24 15:45:21', 0, 0.00, 0.00, 0.00, 6, '2018-07-24 15:47:32'),
(199, 1, '2018-07-24 15:47:38', 8893, 2.80, 66.67, 2.00, 4, '2018-07-24 15:49:18'),
(200, 1, '2018-07-24 15:49:32', 8893, 2.80, 66.67, 2.00, 4, '2018-07-24 15:50:41'),
(201, 1, '2018-07-24 15:51:10', 8893, 2.60, 33.33, 1.00, 4, '2018-07-24 15:52:41'),
(202, 1, '2018-07-24 15:52:55', 8788, 3.06, 42.20, 1.46, 4, '2018-07-24 15:53:25'),
(203, 1, '2018-07-24 15:53:39', 8893, 2.00, 54.55, 1.20, 4, '2018-07-24 15:54:35'),
(204, 1, '2018-07-24 15:54:49', 8882, 2.10, 56.52, 1.30, 4, '2018-07-24 15:56:10'),
(205, 1, '2018-07-24 15:56:28', 8882, 1.80, 50.00, 1.00, 4, '2018-07-24 15:57:44'),
(206, 1, '2018-07-24 15:57:58', 8882, 2.60, 33.33, 1.00, 4, '2018-07-24 15:58:34'),
(207, 1, '2018-07-24 15:59:56', 8893, 3.80, 75.00, 3.00, 4, '2018-07-24 16:00:32'),
(208, 1, '2018-07-24 16:00:44', 8893, 2.60, 64.29, 1.80, 4, '2018-07-24 16:01:19'),
(209, 1, '2018-07-24 16:04:59', 8882, 7.28, 78.95, 6.00, 4, '2018-07-24 16:05:44'),
(210, 1, '2018-07-24 16:05:58', 8882, 4.20, 20.00, 1.00, 4, '2018-07-24 16:06:33'),
(211, 1, '2018-07-24 16:06:53', 0, 0.00, 0.00, 0.00, 6, '2018-07-24 16:09:04'),
(212, 1, '2018-07-24 16:09:30', 0, 0.00, 0.00, 0.00, 6, '2018-07-24 16:11:41'),
(213, 1, '2018-07-24 16:12:53', 0, 0.00, 0.00, 0.00, 6, '2018-07-24 16:15:04'),
(214, 1, '2018-07-24 16:46:43', 0, 0.00, 0.00, 0.00, 6, '2018-07-24 16:48:54'),
(215, 1, '2018-07-24 16:51:07', 0, 0.00, 0.00, 0.00, 6, '2018-07-24 16:53:18'),
(216, 1, '2018-07-24 16:53:59', 0, 0.00, 0.00, 0.00, 6, '2018-07-24 16:56:10'),
(217, 1, '2018-07-24 17:09:23', 0, 0.00, 0.00, 0.00, 6, '2018-07-24 17:11:34'),
(218, 1, '2018-07-24 17:11:55', 0, 0.00, 0.00, 0.00, 6, '2018-07-24 17:14:06'),
(219, 1, '2018-07-24 17:14:08', 0, 0.00, 0.00, 0.00, 6, '2018-07-24 17:16:19'),
(220, 1, '2018-07-24 17:25:05', 0, 0.00, 0.00, 0.00, 6, '2018-07-24 17:27:16'),
(221, 1, '2018-07-24 20:15:02', 0, 0.00, 0.00, 0.00, 6, '2018-07-24 20:32:28'),
(222, 1, '2018-07-24 22:25:51', 8900, 5.58, 30.91, 2.00, 4, '2018-07-24 22:28:01'),
(223, 1, '2018-07-24 22:56:39', 0, 0.00, 0.00, 0.00, 6, '2018-07-24 22:58:50'),
(224, 1, '2018-07-24 23:17:05', 8900, 2.62, 33.11, 1.00, 4, '2018-07-24 23:17:45'),
(225, 1, '2018-07-24 23:18:04', 8788, 832.43, 99.14, 826.67, 4, '2018-07-24 23:18:49'),
(226, 1, '2018-07-24 23:19:31', 0, 0.00, 0.00, 0.00, 6, '2018-07-24 23:21:42'),
(227, 1, '2018-07-25 00:24:18', 0, 0.00, 0.00, 0.00, 6, '2018-07-25 00:26:30'),
(228, 1, '2018-07-25 00:26:55', 8905, 5.56, 31.01, 2.00, 4, '2018-07-25 00:28:39'),
(229, 1, '2018-07-25 00:41:37', 0, 0.00, 0.00, 0.00, 6, '2018-07-25 00:43:48'),
(230, 1, '2018-07-25 10:38:19', 0, 0.00, 0.00, 0.00, 6, '2018-07-25 10:40:30'),
(231, 1, '2018-07-25 11:20:30', 0, 0.00, 0.00, 0.00, 6, '2018-07-25 11:22:41'),
(232, 1, '2018-07-25 11:22:49', 0, 0.00, 0.00, 0.00, 6, '2018-07-25 11:25:00'),
(233, 1, '2018-07-25 11:58:20', 0, 0.00, 0.00, 0.00, 6, '2018-07-25 12:00:32'),
(234, 1, '2018-07-25 12:00:54', 0, 0.00, 0.00, 0.00, 6, '2018-07-25 12:03:05'),
(235, 1, '2018-07-25 12:07:57', 0, 0.00, 0.00, 0.00, 6, '2018-07-25 12:10:08'),
(236, 1, '2018-07-25 12:12:38', 0, 0.00, 0.00, 0.00, 6, '2018-07-25 12:14:50'),
(237, 1, '2018-07-25 13:47:58', 0, 0.00, 0.00, 0.00, 6, '2018-07-25 13:50:09'),
(238, 1, '2018-07-25 13:54:38', 0, 0.00, 0.00, 0.00, 6, '2018-07-25 13:56:50'),
(239, 1, '2018-07-25 14:09:24', 0, 0.00, 0.00, 0.00, 6, '2018-07-25 14:11:35'),
(240, 1, '2018-07-25 15:10:33', 0, 0.00, 0.00, 0.00, 6, '2018-07-25 15:12:45'),
(241, 1, '2018-07-25 15:13:23', 0, 0.00, 0.00, 0.00, 6, '2018-07-25 15:15:34'),
(242, 1, '2018-07-25 16:45:14', 8788, 3.40, 25.00, 1.00, 4, '2018-07-25 16:47:50'),
(243, 1, '2018-07-25 16:48:03', 0, 0.00, 0.00, 0.00, 6, '2018-07-25 16:50:14'),
(244, 1, '2018-07-25 16:50:19', 8882, 1.80, 50.00, 1.00, 4, '2018-07-25 16:51:03'),
(245, 1, '2018-07-25 16:59:26', 8788, 1.80, 50.00, 1.00, 4, '2018-07-25 17:00:21'),
(246, 1, '2018-07-25 17:07:32', 0, 0.00, 0.00, 0.00, 6, '2018-07-25 17:09:43'),
(247, 1, '2018-07-25 17:09:58', 0, 0.00, 0.00, 0.00, 6, '2018-07-25 17:12:09'),
(248, 1, '2018-07-25 17:12:22', 0, 0.00, 0.00, 0.00, 6, '2018-07-25 17:14:33'),
(249, 1, '2018-07-25 17:14:47', 0, 0.00, 0.00, 0.00, 6, '2018-07-25 17:16:59'),
(250, 1, '2018-07-25 17:18:16', 0, 0.00, 0.00, 0.00, 6, '2018-07-25 17:20:27'),
(251, 1, '2018-07-25 17:22:32', 0, 0.00, 0.00, 0.00, 6, '2018-07-25 17:24:43'),
(252, 1, '2018-07-25 17:36:05', 0, 0.00, 0.00, 0.00, 6, '2018-07-25 17:38:16'),
(253, 1, '2018-07-25 17:38:31', 0, 0.00, 0.00, 0.00, 6, '2018-07-25 17:40:43'),
(254, 1, '2018-07-25 17:40:44', 0, 0.00, 0.00, 0.00, 6, '2018-07-25 17:42:55'),
(255, 1, '2018-07-25 17:43:02', 0, 0.00, 0.00, 0.00, 6, '2018-07-25 17:45:13'),
(256, 1, '2018-07-25 17:45:22', 0, 0.00, 0.00, 0.00, 6, '2018-07-25 17:47:33'),
(257, 1, '2018-07-25 17:48:42', 0, 0.00, 0.00, 0.00, 6, '2018-07-25 17:50:53'),
(258, 1, '2018-07-25 18:30:49', 8913, 6.80, 25.00, 2.00, 4, '2018-07-25 18:32:35'),
(259, 1, '2018-07-25 18:36:16', 0, 0.00, 0.00, 0.00, 6, '2018-07-25 18:38:27'),
(260, 1, '2018-07-25 18:39:30', 8913, 10.51, 64.63, 7.31, 4, '2018-07-25 18:40:27'),
(261, 1, '2018-07-25 18:42:53', 0, 0.00, 0.00, 0.00, 6, '2018-07-25 18:45:05'),
(262, 1, '2018-07-25 18:47:10', 8913, 12.65, 79.74, 10.51, 4, '2018-07-25 18:48:17'),
(263, 1, '2018-07-25 18:50:27', 8788, 14.35, 15.22, 2.63, 4, '2018-07-25 18:51:10'),
(264, 1, '2018-07-25 19:01:28', 8902, 4.73, 54.81, 2.85, 4, '2018-07-25 19:02:28'),
(265, 1, '2018-07-25 19:03:00', 8902, 7.12, 61.27, 4.73, 4, '2018-07-25 19:03:48'),
(266, 1, '2018-07-25 19:04:51', 0, 0.00, 0.00, 0.00, 6, '2018-07-25 19:07:03'),
(267, 1, '2018-07-25 19:21:17', 0, 0.00, 0.00, 0.00, 6, '2018-07-25 19:23:29'),
(268, 1, '2018-07-25 19:35:11', 0, 0.00, 0.00, 0.00, 6, '2018-07-25 19:37:22'),
(269, 1, '2018-07-25 19:48:51', 8797, 2.20, 58.33, 1.40, 4, '2018-07-25 19:50:15'),
(270, 1, '2018-07-25 19:50:30', 0, 0.00, 0.00, 0.00, 6, '2018-07-25 19:52:41'),
(271, 1, '2018-07-25 19:53:21', 0, 0.00, 0.00, 0.00, 6, '2018-07-25 19:55:32'),
(272, 1, '2018-07-25 19:59:50', 0, 0.00, 0.00, 0.00, 0, '0000-00-00 00:00:00');

-- --------------------------------------------------------

--
-- Структура таблицы `site_pages_constant`
--

CREATE TABLE IF NOT EXISTS `site_pages_constant` (
  `id` int(10) NOT NULL,
  `title` varchar(511) NOT NULL DEFAULT '',
  `content` text NOT NULL,
  `alias` varchar(127) NOT NULL,
  `meta_title` varchar(511) NOT NULL DEFAULT '' COMMENT 'заголовок страницы',
  `meta_keywords` varchar(511) NOT NULL DEFAULT '',
  `meta_description` varchar(511) NOT NULL DEFAULT '',
  `meta_modify` datetime NOT NULL COMMENT 'дата модификации'
) ENGINE=MyISAM AUTO_INCREMENT=6 DEFAULT CHARSET=utf8 COMMENT='страницы сайта со статичным содержимым';

--
-- Дамп данных таблицы `site_pages_constant`
--

INSERT INTO `site_pages_constant` (`id`, `title`, `content`, `alias`, `meta_title`, `meta_keywords`, `meta_description`, `meta_modify`) VALUES
(1, 'Ответы на частые вопросы', '&nbsp;\n<div class="faq_q">- Как играть, в чем суть?</div>\n\n<div class="faq_a">- Суть в том, что несколько человек вкладывают деньги в общий банк, через 30 секунд этот банк достается одному человеку (победитель выбирается случайным образом). Чем больше игрок вложил в банк, тем больше у него шансов выиграть. Каждая лотерея длится минуту. Отсчет времени начинается после ставок от двух игроков.</div>\n\n<div class="faq_q">- В чем особенности сайта fast-win.top?</div>\n\n<div class="faq_a">- Наше отличие от привычных лотерей в честности и абсолютной прозрачности. Вы можете видеть сколько человек купили билеты, какой призовой фонд, каков бюджет розыгрыша, можете оценить свои риски и шансы на успех.</div>\n\n<div class="faq_q">- Могу ли я играть, если мне еще нет 18 лет?</div>\n\n<div class="faq_a"> Нет! Наш сервис предназначен только для лиц, достигших совершеннолетия. Если вам нет 18 лет - пожалуйста, покиньте наш сайт.</div>\n\n<div class="faq_q">- Какая комиссия при розыгрыше?</div>\n\n<div class="faq_a">- Комиссия 8% для реф-системы и 12% комиссия сайта. Итого 20%.</div>\n\n<div class="faq_q">- Если я поставлю 100 рублей, а мой оппонент - 10 рублей. Если я выиграю, при ставке 100 рублей я получу 88 рублей?</div>\n\n<div class="faq_a">- Нет! Комиссия берется со всех ставок, кроме ставки победителя.</div>\n\n<div class="faq_q">- Я выиграл хорошую сумму и хочу сделать выплату! Как долго вы обрабатываете заявки?</div>\n\n<div class="faq_a">- Заявки на webmoney, qiwi и яндекс-деньги обрабатываются в течение 12 часов. Выплаты на кошелек payeer обрабатываются автоматически моментально.</div>\n\n<div class="faq_q">- Вчера я заказывал выплату на qiwi и получил деньги через минуту. Сегодня я заказал еще одну выплату и прошло уже 3 минуты, почему нет денег?</div>\n\n<div class="faq_a">- Заявки могут обрабатываться ДО 12 ЧАСОВ. Об этом написано на странице заказа выплат!</div>\n\n<div class="faq_q">- Какой лимит на снятие средств?</div>\n\n<div class="faq_a">- У нас есть ограничения, которые описаны на этой странице - http://fast-win.top/pay_limits/. Если вы не отмываете деньги и не накручиваете бонусы, то никаких неудобств у вас не возникнет! Вы можете снимать деньги со своего баланса в любое время и в любом количестве. Ограничений нет.</div>\n\n<div class="faq_q">- Какие формы платежей и снятия денег со счета Вы предлагаете?</div>\n\n<div class="faq_a">- Чтобы увидеть список методов оплаты в своем Личном Кабинете нажмите на кнопку &laquo;Пополнить счет&raquo;. Чтобы увидеть список доступных способов вывода выигрышей, в своем Личном Кабинете нажмите на кнопку &laquo;Заказать выплату&raquo;.</div>\n\n<div class="faq_q">- Я разгадаю вашу формулу и буду постоянно выигрывать!</div>\n\n<div class="faq_a">- У нас нет никакой формулы или алгоритма. Все работает на абсолютной случайности, по аналогии с вытаскиванием билета из мешка. А формулу мешка с билетами невозможно разгадать или построить закономерность.</div>\n\n<div class="faq_q">- На сайтах с розыгрышами скинов есть защита md5, значит у них честно! А у вас нет md5, у вас все подкручено!</div>\n\n<div class="faq_a">- Повторяем еще раз, каждый наш розыгрыш - абсолютная случайность. То что вы видели на других сайтах про md5 или какие-то обещания что нет подкруток - полная ЧУШЬ. У нас вы можете пообщаться с любым победителем и убедиться что это не бот, а обычный пользователь, такой же как вы.</div>\n\n<div class="faq_q">- У вас есть партнерская программа? Какие условия?</div>\n\n<div class="faq_a">- Да, у нас есть 3-уровневая партнерская программа. После входа в аккаунт, в разделе <a href="/account/referals">Мои рефералы</a> вам доступна ссылка для привлечения пользователей. Вы будете пожизненно получать 5% от ставок игроков, которых вы пригласили, по 2% с рефералов 2-го и и 1% с рефералов 3-го уровня.</div>\n<br />\n&nbsp;', 'faq', 'Fast-Win: ответы на вопросы', 'Fast-Win: ответы на вопросы', 'Fast-Win: ответы на вопросы', '2017-06-18 00:00:00'),
(2, 'Политика конфиденциальности', '<br/><br/>\n<h4>1. Мы не храним каких-либо данных пользователя, кроме тех, что можно найти на странице в соц. сети <a href="https://vk.com/">vk.com</a>.<br />\n<br />\n2. Данные, которые передаются в автоматическом режиме: IP, cookie, параметры и настройки интернет-браузеров, место нахождения пользователя, совершаемые им действиях и т.д. носят обезличенный характер, в связи с чем не относятся к составу персональных данных.</h4>\n<br />\n&nbsp;', 'conf', 'Политика конфиденциальности', 'Политика конфиденциальности Fast-Win, политика фаст лото', 'Политика конфиденциальности Fast-Win', '2017-06-18 00:00:00'),
(3, 'Пользовательское соглашение', '&nbsp;\n<h3>Общие положения Пользовательского соглашения</h3>\n1.1. В настоящем документе и вытекающих или связанным с ним отношениях Сторон применяются следующие термины и определения:<br />\nа) Платформа &mdash; программно-аппаратные средства, интегрированные с Сайтом Администрации;<br />\nб) Пользователь &mdash; дееспособное физическое лицо, присоединившееся к настоящему Соглашению в собственном интересе либо выступающее от имени и в интересах представляемого им юридического лица.<br />\nв) Сайт Администрации/Сайт &mdash; интернет-сайты, размещенные в домене <a href="http://fast-win.top/">fast-win.top</a> и его поддоменах.<br />\nг) Сервис &mdash; комплекс услуг и лицензия, предоставляемые Пользователю с использованием Платформы.<br />\nд) Соглашение &mdash; настоящее соглашение со всеми дополнениями и изменениями.<br />\n<br />\n1.2. Использование вами Сервиса любым способом и в любой форме в пределах его объявленных функциональных возможностей, включая:<br />\n&nbsp; ● просмотр размещенных на Сайте материалов;<br />\n&nbsp; ● регистрация и/или авторизация на Сайте;<br />\n&nbsp; ● размещение или отображение на Сайте любых материалов, включая но не ограничиваясь такими как: тексты, гипертекстовые ссылки, изображения, аудио и видео- файлы, сведения и/или иная информация;<br />\nсоздает договор на условиях настоящего Соглашения в соответствии с положениями ст.437 и 438 Гражданского кодекса Российской Федерации.<br />\n<br />\n1.3. Воспользовавшись любой из указанных выше возможностей по использованию Сервиса вы подтверждаете, что:<br />\nа) Ознакомились с условиями настоящего Соглашения в полном объеме до начала использования Сервиса.<br />\nб) Принимаете все условия настоящего Соглашения в полном объеме без каких-либо изъятий и ограничений с вашей стороны и обязуетесь их соблюдать или прекратить использование Сервиса. Если вы не согласны с условиями настоящего Соглашения или не имеете права на заключение договора на их основе, вам следует незамедлительно прекратить любое использование Сервиса.<br />\nв) Соглашение (в том числе любая из его частей) может быть изменено Администрацией без какого-либо специального уведомления. Новая редакция Соглашения вступает в силу с момента ее размещения на Сайте Администрации либо доведения до сведения Пользователя в иной удобной форме, если иное не предусмотрено новой редакцией Соглашения.<br />\n&nbsp;\n<h3>Общие условия пользования Сервисом</h3>\n2.1. Использование функциональных возможностей Сервиса допускается только после прохождения Пользователем регистрации и авторизации на Сайте в соответствии с установленной Администрацией процедурой.<br />\n2.2. Технические, организационные и коммерческие условия использования Сервиса, в том числе его функциональных возможностей доводятся до сведения Пользователей путем отдельного размещения на Сайте или путем нотификации Пользователей.<br />\n<br />\n<br />\n&nbsp;', 'rules', 'Общие правила проекта', 'Правила, помятка пользователя, правила проекта', 'Общие правила проекта', '2017-06-18 00:00:00'),
(4, 'Контакты', '<br/><br/>\n\n<center>\n	<h3>Для связи с технической поддержкой перейдите по вкладке "Служба поддержки" в меню вашего аккаунта. <br/><br/>\n	<br/>\n	Для связи без регистрации на сайте используйте e-mail: <u>fast-win-top@yandex.ru</u></h3>\n</center>\n\n<br/><br/>', 'contacts', 'Контакты', 'Контакты Fast-Win, контакты фаст лото', 'Контакты Fast-Win', '2017-06-18 00:00:00'),
(5, 'Для регистрации нужен всего один клик!', '<br />\n<span style="font-size:18px"><span style="font-family:courier new,courier,monospace">Для входа в личный кабинет вам необходима учетная запись на сайте <a href="https://vk.com/" target="_blank">vk.com</a><br />\nНажимая на кнопку <strong>&quot;Войти&quot;</strong> вы подтверждете что вы ознакомились и согласились с <a href="/rules/">Пользовательским соглашением</a>.<br />\nНажимая на кнопку <strong>&quot;Войти&quot;</strong> <span style="color:#FF0000">вы подтверждете что вам исполнилось 18 лет.</span></span></span><br />\n<br />\n&nbsp;', 'signin', 'Вход в аккаунт', 'Вход в аккаунт', 'Вход в аккаунт', '2017-06-18 00:00:00');

-- --------------------------------------------------------

--
-- Структура таблицы `site_pages_variable`
--

CREATE TABLE IF NOT EXISTS `site_pages_variable` (
  `id` int(10) NOT NULL,
  `title` varchar(511) NOT NULL DEFAULT '',
  `content` text NOT NULL,
  `alias` varchar(127) NOT NULL,
  `meta_title` varchar(511) NOT NULL DEFAULT '' COMMENT 'заголовок страницы',
  `meta_keywords` varchar(511) NOT NULL DEFAULT '',
  `meta_description` varchar(511) NOT NULL DEFAULT '',
  `meta_modify` datetime NOT NULL COMMENT 'дата модификации'
) ENGINE=MyISAM DEFAULT CHARSET=utf8 COMMENT='добавляемые страницы сайта со статичным содержимым';

-- --------------------------------------------------------

--
-- Структура таблицы `tickets`
--

CREATE TABLE IF NOT EXISTS `tickets` (
  `id` int(11) NOT NULL,
  `add_date` datetime NOT NULL,
  `title` varchar(255) NOT NULL,
  `user_id` int(11) NOT NULL,
  `cat_id` int(11) NOT NULL,
  `status` tinyint(4) NOT NULL
) ENGINE=InnoDB DEFAULT CHARSET=utf8;

-- --------------------------------------------------------

--
-- Структура таблицы `ticket_cat`
--

CREATE TABLE IF NOT EXISTS `ticket_cat` (
  `id` int(11) NOT NULL,
  `title` varchar(512) NOT NULL
) ENGINE=InnoDB AUTO_INCREMENT=6 DEFAULT CHARSET=utf8;

--
-- Дамп данных таблицы `ticket_cat`
--

INSERT INTO `ticket_cat` (`id`, `title`) VALUES
(2, 'Реферальная программа'),
(3, 'Финансовые вопросы'),
(4, 'Предложения и пожелания'),
(5, 'Прочее (по поводу рекламы не писать! Помощники не нужны)');

-- --------------------------------------------------------

--
-- Структура таблицы `ticket_messages`
--

CREATE TABLE IF NOT EXISTS `ticket_messages` (
  `id` int(11) NOT NULL,
  `add_date` datetime NOT NULL,
  `ticket_id` int(11) NOT NULL,
  `user_id` int(11) NOT NULL,
  `message` text NOT NULL
) ENGINE=InnoDB DEFAULT CHARSET=utf8;

-- --------------------------------------------------------

--
-- Структура таблицы `tpl_emails`
--

CREATE TABLE IF NOT EXISTS `tpl_emails` (
  `id` int(10) NOT NULL,
  `key` varchar(63) NOT NULL,
  `title` varchar(127) NOT NULL,
  `head` varchar(255) NOT NULL,
  `content` text NOT NULL,
  `description` text NOT NULL
) ENGINE=MyISAM AUTO_INCREMENT=11 DEFAULT CHARSET=utf8 COMMENT='Данные. Шаблоны писем';

--
-- Дамп данных таблицы `tpl_emails`
--

INSERT INTO `tpl_emails` (`id`, `key`, `title`, `head`, `content`, `description`) VALUES
(1, 'registr_user', 'Регистрация пользователя (пользов.)', 'Регистрация на сайте Fast-Win', '<h2 style="font-style:italic;">Благодарим Вас за регистрацию на нашем сайте.</h2>\n\n<div style="background:#eee;border:1px solid #ccc;padding:5px 10px;">Регистрационные данные: Логин - &#39;{email}&#39;<br />\nПароль - &#39;{password}&#39;</div>\n\n<p>Перейдите по этой ссылке для активации аккаунта: <a href="{link}" target="_blank">{link}</a></p>\n', ''),
(2, 'aktcode_resend', 'Повторный запрос кода активации', 'Fast-Win. Повторный запрос кода активации', '<p><br />\r\nВами была повторно запрошена ссылка активации аккаунта на сайте <span style="color:#B22222;"><em><strong>SITNAME</strong></em></span>.<br />\r\n<br />\r\nСсылка активации - <a href="{link}" target="_blank">{link}</a></p>\r\n', ''),
(3, 'registr_manag', 'Регистрация пользователя (менедж.)', 'Регистрация на сайте Fast-Win', '<h2 style="font-style:italic;">Благодарим Вас за регистрацию на нашем сайте.</h2>\r\n\r\n<div style="background:#eee;border:1px solid #ccc;padding:5px 10px;">Регистрационные данные: Логин - &#39;{email}&#39;<br />\r\nПароль - &#39;{password}&#39;</div>\r\n\r\n<p>Перейдите по этой ссылке для активации аккаунта: <a href="{link}" target="_blank">{link}</a></p>\r\n', '');

-- --------------------------------------------------------

--
-- Структура таблицы `user_login_trying`
--

CREATE TABLE IF NOT EXISTS `user_login_trying` (
  `id` bigint(20) unsigned NOT NULL,
  `user_ip` int(10) unsigned NOT NULL COMMENT 'IP-адрес',
  `time` timestamp NOT NULL DEFAULT CURRENT_TIMESTAMP,
  `status` enum('succes','failure','locked') NOT NULL DEFAULT 'failure' COMMENT 'состояние успешности авторизации',
  `user_id` int(10) unsigned NOT NULL DEFAULT '0'
) ENGINE=MyISAM AUTO_INCREMENT=34 DEFAULT CHARSET=utf8 COMMENT='попытки входа пользователей';

--
-- Индексы сохранённых таблиц
--

--
-- Индексы таблицы `balance_log`
--
ALTER TABLE `balance_log`
  ADD PRIMARY KEY (`id`);

--
-- Индексы таблицы `bets`
--
ALTER TABLE `bets`
  ADD PRIMARY KEY (`id`);

--
-- Индексы таблицы `contacts`
--
ALTER TABLE `contacts`
  ADD PRIMARY KEY (`id`),
  ADD KEY `weight` (`weight`),
  ADD KEY `allow_show` (`allow_show`);

--
-- Индексы таблицы `game_params`
--
ALTER TABLE `game_params`
  ADD PRIMARY KEY (`id`);

--
-- Индексы таблицы `ip_locked`
--
ALTER TABLE `ip_locked`
  ADD PRIMARY KEY (`id`),
  ADD KEY `user_ip` (`user_ip`),
  ADD KEY `date_locked` (`date_locked`);

--
-- Индексы таблицы `logon_log`
--
ALTER TABLE `logon_log`
  ADD PRIMARY KEY (`id`);

--
-- Индексы таблицы `log_send_email`
--
ALTER TABLE `log_send_email`
  ADD PRIMARY KEY (`id`);

--
-- Индексы таблицы `my_admin_about`
--
ALTER TABLE `my_admin_about`
  ADD PRIMARY KEY (`id`);

--
-- Индексы таблицы `my_admin_catalog`
--
ALTER TABLE `my_admin_catalog`
  ADD PRIMARY KEY (`id`),
  ADD KEY `select_table` (`table_name`,`show`);

--
-- Индексы таблицы `my_admin_fdc`
--
ALTER TABLE `my_admin_fdc`
  ADD PRIMARY KEY (`id`);

--
-- Индексы таблицы `my_admin_fields`
--
ALTER TABLE `my_admin_fields`
  ADD PRIMARY KEY (`id`);

--
-- Индексы таблицы `my_admin_fman`
--
ALTER TABLE `my_admin_fman`
  ADD PRIMARY KEY (`id`);

--
-- Индексы таблицы `my_admin_log`
--
ALTER TABLE `my_admin_log`
  ADD PRIMARY KEY (`id`);

--
-- Индексы таблицы `my_admin_modules`
--
ALTER TABLE `my_admin_modules`
  ADD PRIMARY KEY (`id`);

--
-- Индексы таблицы `my_admin_roles`
--
ALTER TABLE `my_admin_roles`
  ADD PRIMARY KEY (`id`);

--
-- Индексы таблицы `my_admin_tables`
--
ALTER TABLE `my_admin_tables`
  ADD PRIMARY KEY (`id`);

--
-- Индексы таблицы `my_admin_tokens`
--
ALTER TABLE `my_admin_tokens`
  ADD PRIMARY KEY (`id`),
  ADD UNIQUE KEY `user_id` (`user_id`),
  ADD KEY `date_given` (`date_losing`),
  ADD KEY `token` (`token`);

--
-- Индексы таблицы `my_admin_users`
--
ALTER TABLE `my_admin_users`
  ADD PRIMARY KEY (`id`);

--
-- Индексы таблицы `my_site_emails`
--
ALTER TABLE `my_site_emails`
  ADD PRIMARY KEY (`id`);

--
-- Индексы таблицы `my_site_email_data`
--
ALTER TABLE `my_site_email_data`
  ADD PRIMARY KEY (`id`),
  ADD UNIQUE KEY `item_key` (`item_key`);

--
-- Индексы таблицы `my_site_pages`
--
ALTER TABLE `my_site_pages`
  ADD PRIMARY KEY (`id`),
  ADD UNIQUE KEY `map` (`mask`),
  ADD KEY `alias` (`alias`);

--
-- Индексы таблицы `my_site_pages_dynamic_types`
--
ALTER TABLE `my_site_pages_dynamic_types`
  ADD PRIMARY KEY (`id`);

--
-- Индексы таблицы `my_site_params`
--
ALTER TABLE `my_site_params`
  ADD PRIMARY KEY (`id`),
  ADD KEY `key` (`key`);

--
-- Индексы таблицы `my_site_plugin_schemes`
--
ALTER TABLE `my_site_plugin_schemes`
  ADD PRIMARY KEY (`item_key`);

--
-- Индексы таблицы `my_site_siteplugins`
--
ALTER TABLE `my_site_siteplugins`
  ADD PRIMARY KEY (`id`);

--
-- Индексы таблицы `my_site_text_blocks`
--
ALTER TABLE `my_site_text_blocks`
  ADD PRIMARY KEY (`id`),
  ADD KEY `item_key` (`item_key`);

--
-- Индексы таблицы `operations`
--
ALTER TABLE `operations`
  ADD PRIMARY KEY (`id`);

--
-- Индексы таблицы `orders`
--
ALTER TABLE `orders`
  ADD PRIMARY KEY (`id`);

--
-- Индексы таблицы `outs`
--
ALTER TABLE `outs`
  ADD PRIMARY KEY (`id`);

--
-- Индексы таблицы `out_params`
--
ALTER TABLE `out_params`
  ADD PRIMARY KEY (`id`),
  ADD KEY `key` (`key`);

--
-- Индексы таблицы `out_systems`
--
ALTER TABLE `out_systems`
  ADD PRIMARY KEY (`id`);

--
-- Индексы таблицы `purses`
--
ALTER TABLE `purses`
  ADD PRIMARY KEY (`id`);

--
-- Индексы таблицы `p_systems`
--
ALTER TABLE `p_systems`
  ADD PRIMARY KEY (`id`);

--
-- Индексы таблицы `refs`
--
ALTER TABLE `refs`
  ADD PRIMARY KEY (`id`);

--
-- Индексы таблицы `ref_params`
--
ALTER TABLE `ref_params`
  ADD PRIMARY KEY (`id`);

--
-- Индексы таблицы `rooms`
--
ALTER TABLE `rooms`
  ADD PRIMARY KEY (`id`);

--
-- Индексы таблицы `rounds`
--
ALTER TABLE `rounds`
  ADD PRIMARY KEY (`id`);

--
-- Индексы таблицы `site_pages_constant`
--
ALTER TABLE `site_pages_constant`
  ADD PRIMARY KEY (`id`),
  ADD KEY `alias` (`alias`);

--
-- Индексы таблицы `site_pages_variable`
--
ALTER TABLE `site_pages_variable`
  ADD PRIMARY KEY (`id`),
  ADD KEY `alias` (`alias`);

--
-- Индексы таблицы `tickets`
--
ALTER TABLE `tickets`
  ADD PRIMARY KEY (`id`);

--
-- Индексы таблицы `ticket_cat`
--
ALTER TABLE `ticket_cat`
  ADD PRIMARY KEY (`id`);

--
-- Индексы таблицы `ticket_messages`
--
ALTER TABLE `ticket_messages`
  ADD PRIMARY KEY (`id`);

--
-- Индексы таблицы `tpl_emails`
--
ALTER TABLE `tpl_emails`
  ADD PRIMARY KEY (`id`),
  ADD KEY `key` (`key`);

--
-- Индексы таблицы `user_login_trying`
--
ALTER TABLE `user_login_trying`
  ADD PRIMARY KEY (`id`),
  ADD KEY `user_ip` (`user_ip`),
  ADD KEY `time` (`time`),
  ADD KEY `status` (`status`);

--
-- AUTO_INCREMENT для сохранённых таблиц
--

--
-- AUTO_INCREMENT для таблицы `balance_log`
--
ALTER TABLE `balance_log`
  MODIFY `id` int(11) NOT NULL AUTO_INCREMENT,AUTO_INCREMENT=2129;
--
-- AUTO_INCREMENT для таблицы `bets`
--
ALTER TABLE `bets`
  MODIFY `id` int(11) NOT NULL AUTO_INCREMENT,AUTO_INCREMENT=534;
--
-- AUTO_INCREMENT для таблицы `contacts`
--
ALTER TABLE `contacts`
  MODIFY `id` int(10) NOT NULL AUTO_INCREMENT,AUTO_INCREMENT=2;
--
-- AUTO_INCREMENT для таблицы `game_params`
--
ALTER TABLE `game_params`
  MODIFY `id` int(11) NOT NULL AUTO_INCREMENT,AUTO_INCREMENT=2;
--
-- AUTO_INCREMENT для таблицы `ip_locked`
--
ALTER TABLE `ip_locked`
  MODIFY `id` int(10) unsigned NOT NULL AUTO_INCREMENT;
--
-- AUTO_INCREMENT для таблицы `logon_log`
--
ALTER TABLE `logon_log`
  MODIFY `id` int(11) NOT NULL AUTO_INCREMENT,AUTO_INCREMENT=261;
--
-- AUTO_INCREMENT для таблицы `log_send_email`
--
ALTER TABLE `log_send_email`
  MODIFY `id` int(10) NOT NULL AUTO_INCREMENT,AUTO_INCREMENT=15;
--
-- AUTO_INCREMENT для таблицы `my_admin_about`
--
ALTER TABLE `my_admin_about`
  MODIFY `id` int(11) NOT NULL AUTO_INCREMENT,AUTO_INCREMENT=4;
--
-- AUTO_INCREMENT для таблицы `my_admin_catalog`
--
ALTER TABLE `my_admin_catalog`
  MODIFY `id` int(10) NOT NULL AUTO_INCREMENT,AUTO_INCREMENT=4;
--
-- AUTO_INCREMENT для таблицы `my_admin_fdc`
--
ALTER TABLE `my_admin_fdc`
  MODIFY `id` int(11) NOT NULL AUTO_INCREMENT;
--
-- AUTO_INCREMENT для таблицы `my_admin_fields`
--
ALTER TABLE `my_admin_fields`
  MODIFY `id` int(11) NOT NULL AUTO_INCREMENT,AUTO_INCREMENT=154;
--
-- AUTO_INCREMENT для таблицы `my_admin_fman`
--
ALTER TABLE `my_admin_fman`
  MODIFY `id` int(11) NOT NULL AUTO_INCREMENT,AUTO_INCREMENT=4;
--
-- AUTO_INCREMENT для таблицы `my_admin_log`
--
ALTER TABLE `my_admin_log`
  MODIFY `id` int(11) NOT NULL AUTO_INCREMENT,AUTO_INCREMENT=2;
--
-- AUTO_INCREMENT для таблицы `my_admin_modules`
--
ALTER TABLE `my_admin_modules`
  MODIFY `id` int(11) NOT NULL AUTO_INCREMENT;
--
-- AUTO_INCREMENT для таблицы `my_admin_roles`
--
ALTER TABLE `my_admin_roles`
  MODIFY `id` int(11) NOT NULL AUTO_INCREMENT,AUTO_INCREMENT=5;
--
-- AUTO_INCREMENT для таблицы `my_admin_tables`
--
ALTER TABLE `my_admin_tables`
  MODIFY `id` int(11) NOT NULL AUTO_INCREMENT,AUTO_INCREMENT=30;
--
-- AUTO_INCREMENT для таблицы `my_admin_tokens`
--
ALTER TABLE `my_admin_tokens`
  MODIFY `id` int(10) unsigned NOT NULL AUTO_INCREMENT,AUTO_INCREMENT=5;
--
-- AUTO_INCREMENT для таблицы `my_admin_users`
--
ALTER TABLE `my_admin_users`
  MODIFY `id` int(11) NOT NULL AUTO_INCREMENT,AUTO_INCREMENT=8922;
--
-- AUTO_INCREMENT для таблицы `my_site_emails`
--
ALTER TABLE `my_site_emails`
  MODIFY `id` int(11) NOT NULL AUTO_INCREMENT;
--
-- AUTO_INCREMENT для таблицы `my_site_email_data`
--
ALTER TABLE `my_site_email_data`
  MODIFY `id` int(10) NOT NULL AUTO_INCREMENT,AUTO_INCREMENT=2;
--
-- AUTO_INCREMENT для таблицы `my_site_pages`
--
ALTER TABLE `my_site_pages`
  MODIFY `id` bigint(20) NOT NULL AUTO_INCREMENT,AUTO_INCREMENT=20;
--
-- AUTO_INCREMENT для таблицы `my_site_pages_dynamic_types`
--
ALTER TABLE `my_site_pages_dynamic_types`
  MODIFY `id` int(11) NOT NULL AUTO_INCREMENT,AUTO_INCREMENT=6;
--
-- AUTO_INCREMENT для таблицы `my_site_params`
--
ALTER TABLE `my_site_params`
  MODIFY `id` int(11) NOT NULL AUTO_INCREMENT,AUTO_INCREMENT=7;
--
-- AUTO_INCREMENT для таблицы `my_site_siteplugins`
--
ALTER TABLE `my_site_siteplugins`
  MODIFY `id` int(11) NOT NULL AUTO_INCREMENT,AUTO_INCREMENT=3;
--
-- AUTO_INCREMENT для таблицы `my_site_text_blocks`
--
ALTER TABLE `my_site_text_blocks`
  MODIFY `id` bigint(20) NOT NULL AUTO_INCREMENT,AUTO_INCREMENT=2;
--
-- AUTO_INCREMENT для таблицы `operations`
--
ALTER TABLE `operations`
  MODIFY `id` int(11) NOT NULL AUTO_INCREMENT,AUTO_INCREMENT=14;
--
-- AUTO_INCREMENT для таблицы `orders`
--
ALTER TABLE `orders`
  MODIFY `id` int(11) NOT NULL AUTO_INCREMENT,AUTO_INCREMENT=48;
--
-- AUTO_INCREMENT для таблицы `outs`
--
ALTER TABLE `outs`
  MODIFY `id` int(11) NOT NULL AUTO_INCREMENT,AUTO_INCREMENT=29;
--
-- AUTO_INCREMENT для таблицы `out_params`
--
ALTER TABLE `out_params`
  MODIFY `id` int(11) NOT NULL AUTO_INCREMENT,AUTO_INCREMENT=7;
--
-- AUTO_INCREMENT для таблицы `out_systems`
--
ALTER TABLE `out_systems`
  MODIFY `id` int(11) NOT NULL AUTO_INCREMENT,AUTO_INCREMENT=6;
--
-- AUTO_INCREMENT для таблицы `purses`
--
ALTER TABLE `purses`
  MODIFY `id` int(11) NOT NULL AUTO_INCREMENT,AUTO_INCREMENT=44;
--
-- AUTO_INCREMENT для таблицы `p_systems`
--
ALTER TABLE `p_systems`
  MODIFY `id` int(11) NOT NULL AUTO_INCREMENT,AUTO_INCREMENT=3;
--
-- AUTO_INCREMENT для таблицы `refs`
--
ALTER TABLE `refs`
  MODIFY `id` int(11) NOT NULL AUTO_INCREMENT,AUTO_INCREMENT=82;
--
-- AUTO_INCREMENT для таблицы `ref_params`
--
ALTER TABLE `ref_params`
  MODIFY `id` int(11) NOT NULL AUTO_INCREMENT,AUTO_INCREMENT=2;
--
-- AUTO_INCREMENT для таблицы `rooms`
--
ALTER TABLE `rooms`
  MODIFY `id` int(11) NOT NULL AUTO_INCREMENT,AUTO_INCREMENT=4;
--
-- AUTO_INCREMENT для таблицы `rounds`
--
ALTER TABLE `rounds`
  MODIFY `id` int(11) NOT NULL AUTO_INCREMENT,AUTO_INCREMENT=273;
--
-- AUTO_INCREMENT для таблицы `site_pages_constant`
--
ALTER TABLE `site_pages_constant`
  MODIFY `id` int(10) NOT NULL AUTO_INCREMENT,AUTO_INCREMENT=6;
--
-- AUTO_INCREMENT для таблицы `site_pages_variable`
--
ALTER TABLE `site_pages_variable`
  MODIFY `id` int(10) NOT NULL AUTO_INCREMENT;
--
-- AUTO_INCREMENT для таблицы `tickets`
--
ALTER TABLE `tickets`
  MODIFY `id` int(11) NOT NULL AUTO_INCREMENT;
--
-- AUTO_INCREMENT для таблицы `ticket_cat`
--
ALTER TABLE `ticket_cat`
  MODIFY `id` int(11) NOT NULL AUTO_INCREMENT,AUTO_INCREMENT=6;
--
-- AUTO_INCREMENT для таблицы `ticket_messages`
--
ALTER TABLE `ticket_messages`
  MODIFY `id` int(11) NOT NULL AUTO_INCREMENT;
--
-- AUTO_INCREMENT для таблицы `tpl_emails`
--
ALTER TABLE `tpl_emails`
  MODIFY `id` int(10) NOT NULL AUTO_INCREMENT,AUTO_INCREMENT=11;
--
-- AUTO_INCREMENT для таблицы `user_login_trying`
--
ALTER TABLE `user_login_trying`
  MODIFY `id` bigint(20) unsigned NOT NULL AUTO_INCREMENT,AUTO_INCREMENT=34;
/*!40101 SET CHARACTER_SET_CLIENT=@OLD_CHARACTER_SET_CLIENT */;
/*!40101 SET CHARACTER_SET_RESULTS=@OLD_CHARACTER_SET_RESULTS */;
/*!40101 SET COLLATION_CONNECTION=@OLD_COLLATION_CONNECTION */;
